<?xml version="1.0" encoding="UTF-8" standalone="yes"?>
<addon id="repository.diggz" name="Diggz Repo" version="1.1" provider-name="Jason Diggz">
	<extension point="xbmc.addon.repository" name="Diggz Repo">
		<dir>
			<info compressed="false">https://offshoregit.com/tvaresolvers/tva-common-repository/raw/master/addons.xml</info>
			<checksum>https://offshoregit.com/tvaresolvers/tva-common-repository/raw/master/addons.xml.md5</checksum>
			<datadir zip="true">https://offshoregit.com/tvaresolvers/tva-common-repository/raw/master/zips/</datadir>
		</dir>
		<dir>
			<info compressed="false">https://raw.githubusercontent.com/noobsandnerds/modules4all/master/zips/addons.xml</info>
			<checksum>https://raw.githubusercontent.com/noobsandnerds/modules4all/master/zips/addons.xml.md5</checksum>
			<datadir zip="true">https://raw.githubusercontent.com/noobsandnerds/modules4all/master/zips/</datadir>
		</dir>
		<info compressed="false">https://raw.githubusercontent.com/jdig4240/repository.diggz/master/zips/addons.xml</info>
		<checksum>https://raw.githubusercontent.com/jdig4240/repository.diggz/master/zips/addons.xml.md5</checksum>
		<datadir zip="true">https://raw.githubusercontent.com/jdig4240/repository.diggz/master/zips/</datadir>
	</extension>
	<extension point="xbmc.addon.metadata">
		<summary lang="en">Diggz Builds Repository</summary>
		<description lang="en">Use this repo to update Diggz Wizard and other cool stuff</description>
		<genre>devtools,howto,usa</genre>
	</extension>
</addon>