<?xml version="1.0" encoding="utf-8"?>
<window>
    <defaultcontrol always="true">50</defaultcontrol>
    <menucontrol>9000</menucontrol>
    <views>50,51,52,58,53,54,5050</views>
    <controls>
        <include condition="!Skin.HasSetting(DisableFanart)">Fanart_Art</include>
        <include>Player_Show</include>
        <include>OverlayFull</include>
        <include>InfoBackground</include>
        <include condition="skin.HasSetting(rssTicker)">rssTicker</include>
        <control type="group">
            <animation effect="slide" tween="circle" easing="out" time="250" start="0,0" end="660,0" condition="[ControlGroup(9000).HasFocus()|Control.HasFocus(8999)|Control.HasFocus(9060)]">conditional</animation>
            <animation effect="slide" tween="circle" easing="out" time="250" start="0,0" end="-2090,0" condition="Control.HasFocus(505050)">conditional</animation>
            <include>OpenClose</include>
            <control type="group">
                <include>View_50_BigList</include>
                <include>View_51_SlimList</include>
                <include>View_52_ShortList</include>
                <include>Info_52_ShortList</include>
                <include>View_59_Showcase</include>
                <include>View_53_Grid</include>
                <include>Info_53_Grid</include>
                <include>View_54_Fanart</include>
                <include>View_5050_CardList</include>
            </control>
        </control>
        <control type="label">
            <include>OpenClose</include>
            <include>WindowTitle</include>
            <label>$VAR[GlobalSubTitles]</label>
        </control>
        <control type="label">
            <include>OpenClose</include>
            <include>WindowTitleSub</include>
            <label>$INFO[Container.NumItems,, $LOCALIZE[31025]]$INFO[Container.CurrentPage,  -  ]$INFO[Container.NumPages,/]</label>
        </control>
        <include>FooterInfo</include>
        <include>Time</include>
        <!-- SIDE MENU -->
        <control type="group">
            <visible>!Skin.HasSetting(EnableKioskMode)</visible>
            <include>LeftMenu</include>
            <include>FacadeFadeDialogs</include>
            <include>Icon_Fade</include>
            <control type="grouplist" id="9000">
                <include>LeftMenuButtonGroup</include>
                <onright>50</onright>
                <ondown>9000</ondown>
                <onback>50</onback>
                <!--<include>9000GrouplistParameters</include>-->
                <control type="label" id="7965">
                    <description>Sort by button</description>
                    <include>LeftMenuTitleLabel</include>
                    <label>$LOCALIZE[582]</label>
                </control>
                <control type="button" id="2">
                    <description>View As button</description>
                    <include>LeftMenuButton</include>
                    <label>-</label>
                </control>
                <control type="button" id="3">
                    <include>LeftMenuButton</include>
                    <label>$LOCALIZE[103]</label>
                </control>
                <control type="togglebutton" id="4">
                    <description>Sort asc</description>
                    <include>LeftMenuButton</include>
                    <label>$LOCALIZE[31051]</label>
                    <altlabel>$LOCALIZE[31050]</altlabel>
                    <usealttexture>Container.SortDirection(Ascending)</usealttexture>
                </control>
                <control type="label" id="9183">
                    <include>LeftMenuTitleLabel</include>
                    <include>LeftMenuButton</include>
                    <label>$LOCALIZE[1034]</label>
                </control>
                <control type="button" id="5">
                    <description>addon-updates</description>
                    <include>LeftMenuButton</include>
                    <label>$LOCALIZE[24063]</label>
                </control>
                <control type="radiobutton" id="6">
                    <description>No notifications</description>
                    <textwidth>450</textwidth>
                    <include>LeftMenuButton</include>
                    <label>$LOCALIZE[25000]</label>
                </control>
                <control type="radiobutton" id="7">
                    <description>Hide foreign</description>
                    <textwidth>450</textwidth>
                    <include>LeftMenuButton</include>
                    <label>$LOCALIZE[25001]</label>
                </control>
                <control type="radiobutton" id="8">
                    <description>Hide broken</description>
                    <textwidth>450</textwidth>
                    <include>LeftMenuButton</include>
                    <label>$LOCALIZE[24999]</label>
                </control>
                <control type="label" id="9184">
                    <include>LeftMenuTitleLabel</include>
                    <include>LeftMenuButton</include>
                    <label>$LOCALIZE[31508]: $INFO[Window.Property(Updated)]</label>
                </control>
                <control type="button" id="9">
                    <description>Check for updates</description>
                    <textwidth>450</textwidth>
                    <include>LeftMenuButton</include>
                    <label>$LOCALIZE[24034]</label>
                </control>
            </control>
            <include>LeftMenuScroller</include>
        </control>
    </controls>
</window>