<?xml version="1.0" encoding="utf-8"?>
<window type="window" id="1120">
    <defaultcontrol always="true">9001</defaultcontrol>
    <controls>
        <include condition="!Skin.HasSetting(DisableFanart)">Fanart_Art</include>
        <include>Player_Show</include>
        <include>OverlayFull</include>
        <!-- <include>InfoBackground</include> -->
        <control type="group">
            <include>OpenClose</include>
            <control type="image">
                <posx>-760</posx>
                <posy>150</posy>
                <width>2930</width>
                <height>876</height>
                <include>DialogTransparency</include>
                <texture border="150,40,150,40">$VAR[Theme.Color]/common/bg_dialog.png</texture>
            </control>
            <control type="image">
                <posx>100</posx>
                <posy>142</posy>
                <width>1720</width>
                <height>217</height>
                <texture border="100">$VAR[Theme.Color]/common/bg_list.png</texture>
            </control>
            <control type="group">
                <control type="label">
                    <posx>TextMargin</posx>
                    <posy>183</posy>
                    <width>1800</width>
                    <height>135</height>
                    <font>InfoTitleFont</font>
                    <include>TextColor_MainColor</include>
                    <align>center</align>
                    <label>$LOCALIZE[512]</label>
                </control>
                <control type="grouplist" id="9001">
                    <posx>0</posx>
                    <posy>318</posy>
                    <width>1920</width>
                    <height>624</height>
                    <onleft>noop</onleft>
                    <onright>60</onright>
                    <onup>9001</onup>
                    <ondown>9001</ondown>
                    <itemgap>0</itemgap>
                    <pagecontrol>60</pagecontrol>
                    <defaultcontrol always="true">701</defaultcontrol>
                    <!--GENERAL-->
                    <control type="radiobutton" id="701">
                        <align>center</align>
                        <width>1920</width>
                        <radioposx>1806</radioposx>
                        <textwidth>460</textwidth>
                        <include>LeftMenuButtonWide</include>
                        <label>$LOCALIZE[31517]</label>
                        <onclick>Skin.Reset(CustomStartup.Label)</onclick>
                        <onclick>Skin.Reset(CustomStartup.Path)</onclick>
                        <onclick>Skin.Reset(StartupWindow)</onclick>
                        <onclick>Skin.Reset(StartupWindowOption)</onclick>
                        <selected>String.IsEmpty(Skin.String(StartupWindow)) + String.IsEmpty(Skin.String(CustomStartup.Path))</selected>
                    </control>
                    <control type="radiobutton" id="702">
                        <align>center</align>
                        <width>1920</width>
                        <radioposx>1806</radioposx>
                        <textwidth>460</textwidth>
                        <include>LeftMenuButtonWide</include>
                        <label>$LOCALIZE[513]</label>
                        <onclick>Skin.SetString(StartupWindow,home)</onclick>
                        <onclick>Skin.Reset(CustomStartup.Label)</onclick>
                        <onclick>Skin.Reset(CustomStartup.Path)</onclick>
                        <onclick>Skin.Reset(StartupWindowOption)</onclick>
                        <selected>String.IsEqual(Skin.String(StartupWindow),home)</selected>
                    </control>
                    <!--VIDEOS-->
                    <control type="radiobutton" id="718">
                        <visible>!Skin.HasSetting(plexbmc)</visible>
                        <align>center</align>
                        <width>1920</width>
                        <radioposx>1806</radioposx>
                        <textwidth>460</textwidth>
                        <include>LeftMenuButtonWide</include>
                        <label>$LOCALIZE[3]</label>
                        <onclick>Skin.SetString(StartupWindow,Videos)</onclick>
                        <onclick>Skin.Reset(CustomStartup.Label)</onclick>
                        <onclick>Skin.Reset(CustomStartup.Path)</onclick>
                        <onclick>Skin.Reset(StartupWindowOption)</onclick>
                        <selected>String.IsEqual(Skin.String(StartupWindow),Videos) + String.IsEmpty(Skin.String(StartupWindowOption))</selected>
                    </control>
                    <!--MOVIES-->
                    <control type="radiobutton" id="719">
                        <visible>Library.HasContent(Movies)</visible>
                        <visible>!Skin.HasSetting(plexbmc)</visible>
                        <align>center</align>
                        <width>1920</width>
                        <radioposx>1806</radioposx>
                        <textwidth>460</textwidth>
                        <include>LeftMenuButtonWide</include>
                        <label>$LOCALIZE[20342]</label>
                        <onclick>Skin.SetString(StartupWindow,Videos)</onclick>
                        <onclick>Skin.Reset(CustomStartup.Label)</onclick>
                        <onclick>Skin.Reset(CustomStartup.Path)</onclick>
                        <onclick>Skin.Reset(StartupWindowOption)</onclick>
                        <onclick>Skin.SetString(StartupWindowOption,MovieTitles)</onclick>
                        <selected>String.IsEqual(Skin.String(StartupWindow),Videos) + String.IsEqual(Skin.String(StartupWindowOption),MovieTitles)</selected>
                    </control>
                    <!--TVSHOWS-->
                    <control type="radiobutton" id="720">
                        <visible>Library.HasContent(TvShows)</visible>
                        <visible>!Skin.HasSetting(plexbmc)</visible>
                        <align>center</align>
                        <width>1920</width>
                        <radioposx>1806</radioposx>
                        <textwidth>460</textwidth>
                        <include>LeftMenuButtonWide</include>
                        <label>$LOCALIZE[20343]</label>
                        <onclick>Skin.SetString(StartupWindow,Videos)</onclick>
                        <onclick>Skin.Reset(CustomStartup.Label)</onclick>
                        <onclick>Skin.Reset(CustomStartup.Path)</onclick>
                        <onclick>Skin.Reset(StartupWindowOption)</onclick>
                        <onclick>Skin.SetString(StartupWindowOption,TVShowTitles)</onclick>
                        <selected>String.IsEqual(Skin.String(StartupWindow),Videos) + String.IsEqual(Skin.String(StartupWindowOption),TVShowTitles)</selected>
                    </control>
                    <!--CONCERTS-->
                    <control type="radiobutton" id="721">
                        <visible>Library.HasContent(MusicVideos)</visible>
                        <visible>!Skin.HasSetting(plexbmc)</visible>
                        <align>center</align>
                        <width>1920</width>
                        <radioposx>1806</radioposx>
                        <textwidth>460</textwidth>
                        <include>LeftMenuButtonWide</include>
                        <label>$LOCALIZE[31971]</label>
                        <onclick>Skin.SetString(StartupWindow,Videos)</onclick>
                        <onclick>Skin.Reset(CustomStartup.Label)</onclick>
                        <onclick>Skin.Reset(CustomStartup.Path)</onclick>
                        <onclick>Skin.Reset(StartupWindowOption)</onclick>
                        <onclick>Skin.SetString(StartupWindowOption,MusicVideoTitles)</onclick>
                        <selected>String.IsEqual(Skin.String(StartupWindow),Videos) + String.IsEqual(Skin.String(StartupWindowOption),MusicVideoTitles)</selected>
                    </control>
                    <!--VIDEO PLAYLISTS-->
                    <control type="radiobutton" id="722">
                        <visible>!Skin.HasSetting(plexbmc)</visible>
                        <align>center</align>
                        <width>1920</width>
                        <radioposx>1806</radioposx>
                        <textwidth>460</textwidth>
                        <include>LeftMenuButtonWide</include>
                        <label>$LOCALIZE[3] - $LOCALIZE[136]</label>
                        <onclick>Skin.SetString(StartupWindow,Videos)</onclick>
                        <onclick>Skin.Reset(CustomStartup.Label)</onclick>
                        <onclick>Skin.Reset(CustomStartup.Path)</onclick>
                        <onclick>Skin.Reset(StartupWindowOption)</onclick>
                        <onclick>Skin.SetString(StartupWindowOption,Playlists)</onclick>
                        <selected>String.IsEqual(Skin.String(StartupWindow),Videos) + String.IsEqual(Skin.String(StartupWindowOption),Playlists)</selected>
                    </control>
                    <!--MUSIC-->
                    <control type="radiobutton" id="723">
                        <visible>Library.HasContent(music)</visible>
                        <visible>!Skin.HasSetting(plexbmc)</visible>
                        <align>center</align>
                        <width>1920</width>
                        <radioposx>1806</radioposx>
                        <textwidth>460</textwidth>
                        <include>LeftMenuButtonWide</include>
                        <label>$LOCALIZE[2]</label>
                        <onclick>Skin.SetString(StartupWindow,Music)</onclick>
                        <onclick>Skin.Reset(CustomStartup.Label)</onclick>
                        <onclick>Skin.Reset(CustomStartup.Path)</onclick>
                        <onclick>Skin.Reset(StartupWindowOption)</onclick>
                        <onclick>Skin.SetString(StartupWindowOption,root)</onclick>
                        <selected>String.IsEqual(Skin.String(StartupWindow),Music) + String.IsEqual(Skin.String(StartupWindowOption),root)</selected>
                    </control>
                    <!--ALBUMS-->
                    <control type="radiobutton" id="724">
                        <visible>Library.HasContent(music)</visible>
                        <visible>!Skin.HasSetting(plexbmc)</visible>
                        <align>center</align>
                        <width>1920</width>
                        <radioposx>1806</radioposx>
                        <textwidth>460</textwidth>
                        <include>LeftMenuButtonWide</include>
                        <label>$LOCALIZE[132]</label>
                        <onclick>Skin.SetString(StartupWindow,Music)</onclick>
                        <onclick>Skin.Reset(CustomStartup.Label)</onclick>
                        <onclick>Skin.Reset(CustomStartup.Path)</onclick>
                        <onclick>Skin.Reset(StartupWindowOption)</onclick>
                        <onclick>Skin.SetString(StartupWindowOption,Albums)</onclick>
                        <selected>String.IsEqual(Skin.String(StartupWindow),Music) + String.IsEqual(Skin.String(StartupWindowOption),Albums)</selected>
                    </control>
                    <!--ARTISTS-->
                    <control type="radiobutton" id="725">
                        <visible>Library.HasContent(music)</visible>
                        <visible>!Skin.HasSetting(plexbmc)</visible>
                        <align>center</align>
                        <width>1920</width>
                        <radioposx>1806</radioposx>
                        <textwidth>460</textwidth>
                        <include>LeftMenuButtonWide</include>
                        <label>$LOCALIZE[133]</label>
                        <onclick>Skin.SetString(StartupWindow,Music)</onclick>
                        <onclick>Skin.Reset(CustomStartup.Label)</onclick>
                        <onclick>Skin.Reset(CustomStartup.Path)</onclick>
                        <onclick>Skin.Reset(StartupWindowOption)</onclick>
                        <onclick>Skin.SetString(StartupWindowOption,Artists)</onclick>
                        <selected>String.IsEqual(Skin.String(StartupWindow),Music) + String.IsEqual(Skin.String(StartupWindowOption),Artists)</selected>
                    </control>
                    <!--CLIPS-->
                    <control type="radiobutton" id="726">
                        <visible>!Skin.HasSetting(plexbmc)</visible>
                        <visible>Library.HasContent(MusicVideos)</visible>
                        <align>center</align>
                        <width>1920</width>
                        <radioposx>1806</radioposx>
                        <textwidth>460</textwidth>
                        <include>LeftMenuButtonWide</include>
                        <label>$LOCALIZE[31972]</label>
                        <onclick>Skin.SetString(StartupWindow,Music)</onclick>
                        <onclick>Skin.Reset(CustomStartup.Label)</onclick>
                        <onclick>Skin.Reset(CustomStartup.Path)</onclick>
                        <onclick>Skin.Reset(StartupWindowOption)</onclick>
                        <onclick>Skin.SetString(StartupWindowOption,"videodb://musicvideos/")</onclick>
                        <selected>String.IsEqual(Skin.String(StartupWindow),Music) + String.IsEqual(Skin.String(StartupWindowOption),"videodb://musicvideos/")</selected>
                    </control>
                    <!--MUSIC PLAYLISTS-->
                    <control type="radiobutton" id="728">
                        <visible>!Skin.HasSetting(plexbmc)</visible>
                        <align>center</align>
                        <width>1920</width>
                        <radioposx>1806</radioposx>
                        <textwidth>460</textwidth>
                        <include>LeftMenuButtonWide</include>
                        <label>$LOCALIZE[2] - $LOCALIZE[136]</label>
                        <onclick>Skin.SetString(StartupWindow,Music)</onclick>
                        <onclick>Skin.Reset(CustomStartup.Label)</onclick>
                        <onclick>Skin.Reset(CustomStartup.Path)</onclick>
                        <onclick>Skin.Reset(StartupWindowOption)</onclick>
                        <onclick>Skin.SetString(StartupWindowOption,Playlists)</onclick>
                        <selected>String.IsEqual(Skin.String(StartupWindow),Music) + String.IsEqual(Skin.String(StartupWindowOption),Playlists)</selected>
                    </control>
                    <!--PLEX-->
                    <!--<control type="radiobutton" id="730">-->
                    <!--<visible>Skin.HasSetting(plexbmc) + !String.IsEmpty(Window(Home).Property(plexbmc.0.title))</visible>-->
                    <!--<width>820</width>-->
                    <!--<radioposx>720</radioposx>-->
                    <!--<textwidth>660</textwidth>-->
                    <!--<include>LeftMenuButton</include>-->
                    <!--<label>$INFO[Window(Home).Property(plexbmc.0.title)]</label>-->
                    <!--<onclick>Skin.SetString(StartupWindow,$INFO[Window(Home).Property(plexbmc.0.path)])</onclick>-->
                    <!--<onclick>Skin.Reset(CustomStartup.Label)</onclick>-->
                    <!--<onclick>Skin.Reset(CustomStartup.Path)</onclick>-->
                    <!--<onclick>Skin.Reset(StartupWindowOption)</onclick>-->
                    <!--<onclick>Skin.SetString(StartupWindowOption,plex0)</onclick>-->
                    <!--<selected>String.IsEqual(Skin.String(StartupWindowOption),plex0)</selected>-->
                    <!--</control>-->
                    <!--<control type="radiobutton" id="731">-->
                    <!--<visible>Skin.HasSetting(plexbmc) + !String.IsEmpty(Window(Home).Property(plexbmc.1.title))</visible>-->
                    <!--<width>820</width>-->
                    <!--<radioposx>720</radioposx>-->
                    <!--<textwidth>660</textwidth>-->
                    <!--<include>LeftMenuButton</include>-->
                    <!--<label>$INFO[Window(Home).Property(plexbmc.1.title)]</label>-->
                    <!--<onclick>Skin.SetString(StartupWindow,$INFO[Window(Home).Property(plexbmc.1.path)])</onclick>-->
                    <!--<onclick>Skin.Reset(CustomStartup.Label)</onclick>-->
                    <!--<onclick>Skin.Reset(CustomStartup.Path)</onclick>-->
                    <!--<onclick>Skin.Reset(StartupWindowOption)</onclick>-->
                    <!--<onclick>Skin.SetString(StartupWindowOption,plex1)</onclick>-->
                    <!--<selected>String.IsEqual(Skin.String(StartupWindowOption),plex1)</selected>-->
                    <!--</control>-->
                    <!--<control type="radiobutton" id="732">-->
                    <!--<visible>Skin.HasSetting(plexbmc) + !String.IsEmpty(Window(Home).Property(plexbmc.2.title))</visible>-->
                    <!--<width>820</width>-->
                    <!--<radioposx>720</radioposx>-->
                    <!--<textwidth>660</textwidth>-->
                    <!--<include>LeftMenuButton</include>-->
                    <!--<label>$INFO[Window(Home).Property(plexbmc.2.title)]</label>-->
                    <!--<onclick>Skin.SetString(StartupWindow,$INFO[Window(Home).Property(plexbmc.2.path)])</onclick>-->
                    <!--<onclick>Skin.Reset(CustomStartup.Label)</onclick>-->
                    <!--<onclick>Skin.Reset(CustomStartup.Path)</onclick>-->
                    <!--<onclick>Skin.Reset(StartupWindowOption)</onclick>-->
                    <!--<onclick>Skin.SetString(StartupWindowOption,plex2)</onclick>-->
                    <!--<selected>String.IsEqual(Skin.String(StartupWindowOption),plex2)</selected>-->
                    <!--</control>-->
                    <!--<control type="radiobutton" id="733">-->
                    <!--<visible>Skin.HasSetting(plexbmc) + !String.IsEmpty(Window(Home).Property(plexbmc.3.title))</visible>-->
                    <!--<width>820</width>-->
                    <!--<radioposx>720</radioposx>-->
                    <!--<textwidth>660</textwidth>-->
                    <!--<include>LeftMenuButton</include>-->
                    <!--<label>$INFO[Window(Home).Property(plexbmc.3.title)]</label>-->
                    <!--<onclick>Skin.SetString(StartupWindow,$INFO[Window(Home).Property(plexbmc.3.path)])</onclick>-->
                    <!--<onclick>Skin.Reset(CustomStartup.Label)</onclick>-->
                    <!--<onclick>Skin.Reset(CustomStartup.Path)</onclick>-->
                    <!--<onclick>Skin.Reset(StartupWindowOption)</onclick>-->
                    <!--<onclick>Skin.SetString(StartupWindowOption,plex3)</onclick>-->
                    <!--<selected>String.IsEqual(Skin.String(StartupWindowOption),plex3)</selected>-->
                    <!--</control>-->
                    <!--<control type="radiobutton" id="734">-->
                    <!--<visible>Skin.HasSetting(plexbmc) + !String.IsEmpty(Window(Home).Property(plexbmc.4.title))</visible>-->
                    <!--<width>820</width>-->
                    <!--<radioposx>720</radioposx>-->
                    <!--<textwidth>660</textwidth>-->
                    <!--<include>LeftMenuButton</include>-->
                    <!--<label>$INFO[Window(Home).Property(plexbmc.4.title)]</label>-->
                    <!--<onclick>Skin.SetString(StartupWindow,$INFO[Window(Home).Property(plexbmc.4.path)])</onclick>-->
                    <!--<onclick>Skin.Reset(CustomStartup.Label)</onclick>-->
                    <!--<onclick>Skin.Reset(CustomStartup.Path)</onclick>-->
                    <!--<onclick>Skin.Reset(StartupWindowOption)</onclick>-->
                    <!--<onclick>Skin.SetString(StartupWindowOption,plex4)</onclick>-->
                    <!--<selected>String.IsEqual(Skin.String(StartupWindowOption),plex4)</selected>-->
                    <!--</control>-->
                    <!--<control type="radiobutton" id="735">-->
                    <!--<visible>Skin.HasSetting(plexbmc) + !String.IsEmpty(Window(Home).Property(plexbmc.5.title))</visible>-->
                    <!--<width>820</width>-->
                    <!--<radioposx>720</radioposx>-->
                    <!--<textwidth>660</textwidth>-->
                    <!--<include>LeftMenuButton</include>-->
                    <!--<label>$INFO[Window(Home).Property(plexbmc.5.title)]</label>-->
                    <!--<onclick>Skin.SetString(StartupWindow,$INFO[Window(Home).Property(plexbmc.5.path)])</onclick>-->
                    <!--<onclick>Skin.Reset(CustomStartup.Label)</onclick>-->
                    <!--<onclick>Skin.Reset(CustomStartup.Path)</onclick>-->
                    <!--<onclick>Skin.Reset(StartupWindowOption)</onclick>-->
                    <!--<onclick>Skin.SetString(StartupWindowOption,plex5)</onclick>-->
                    <!--<selected>String.IsEqual(Skin.String(StartupWindowOption),plex5)</selected>-->
                    <!--</control>-->
                    <!--<control type="radiobutton" id="736">-->
                    <!--<visible>Skin.HasSetting(plexbmc) + !String.IsEmpty(Window(Home).Property(plexbmc.6.title))</visible>-->
                    <!--<width>820</width>-->
                    <!--<radioposx>720</radioposx>-->
                    <!--<textwidth>660</textwidth>-->
                    <!--<include>LeftMenuButton</include>-->
                    <!--<label>$INFO[Window(Home).Property(plexbmc.6.title)]</label>-->
                    <!--<onclick>Skin.SetString(StartupWindow,$INFO[Window(Home).Property(plexbmc.6.path)])</onclick>-->
                    <!--<onclick>Skin.Reset(CustomStartup.Label)</onclick>-->
                    <!--<onclick>Skin.Reset(CustomStartup.Path)</onclick>-->
                    <!--<onclick>Skin.Reset(StartupWindowOption)</onclick>-->
                    <!--<onclick>Skin.SetString(StartupWindowOption,plex6)</onclick>-->
                    <!--<selected>String.IsEqual(Skin.String(StartupWindowOption),plex6)</selected>-->
                    <!--</control>-->
                    <!--<control type="radiobutton" id="737">-->
                    <!--<visible>Skin.HasSetting(plexbmc) + !String.IsEmpty(Window(Home).Property(plexbmc.7.title))</visible>-->
                    <!--<width>820</width>-->
                    <!--<radioposx>720</radioposx>-->
                    <!--<textwidth>660</textwidth>-->
                    <!--<include>LeftMenuButton</include>-->
                    <!--<label>$INFO[Window(Home).Property(plexbmc.7.title)]</label>-->
                    <!--<onclick>Skin.SetString(StartupWindow,$INFO[Window(Home).Property(plexbmc.7.path)])</onclick>-->
                    <!--<onclick>Skin.Reset(CustomStartup.Label)</onclick>-->
                    <!--<onclick>Skin.Reset(CustomStartup.Path)</onclick>-->
                    <!--<onclick>Skin.Reset(StartupWindowOption)</onclick>-->
                    <!--<onclick>Skin.SetString(StartupWindowOption,plex7)</onclick>-->
                    <!--<selected>String.IsEqual(Skin.String(StartupWindowOption),plex7)</selected>-->
                    <!--</control>-->
                    <!--<control type="radiobutton" id="738">-->
                    <!--<visible>Skin.HasSetting(plexbmc) + !String.IsEmpty(Window(Home).Property(plexbmc.8.title))</visible>-->
                    <!--<width>820</width>-->
                    <!--<radioposx>720</radioposx>-->
                    <!--<textwidth>660</textwidth>-->
                    <!--<include>LeftMenuButton</include>-->
                    <!--<label>$INFO[Window(Home).Property(plexbmc.8.title)]</label>-->
                    <!--<onclick>Skin.SetString(StartupWindow,$INFO[Window(Home).Property(plexbmc.8.path)])</onclick>-->
                    <!--<onclick>Skin.Reset(CustomStartup.Label)</onclick>-->
                    <!--<onclick>Skin.Reset(CustomStartup.Path)</onclick>-->
                    <!--<onclick>Skin.Reset(StartupWindowOption)</onclick>-->
                    <!--<onclick>Skin.SetString(StartupWindowOption,plex8)</onclick>-->
                    <!--<selected>String.IsEqual(Skin.String(StartupWindowOption),plex8)</selected>-->
                    <!--</control>-->
                    <!--<control type="radiobutton" id="739">-->
                    <!--<visible>Skin.HasSetting(plexbmc) + !String.IsEmpty(Window(Home).Property(plexbmc.9.title))</visible>-->
                    <!--<width>820</width>-->
                    <!--<radioposx>720</radioposx>-->
                    <!--<textwidth>660</textwidth>-->
                    <!--<include>LeftMenuButton</include>-->
                    <!--<label>$INFO[Window(Home).Property(plexbmc.9.title)]</label>-->
                    <!--<onclick>Skin.SetString(StartupWindow,$INFO[Window(Home).Property(plexbmc.9.path)])</onclick>-->
                    <!--<onclick>Skin.Reset(CustomStartup.Label)</onclick>-->
                    <!--<onclick>Skin.Reset(CustomStartup.Path)</onclick>-->
                    <!--<onclick>Skin.Reset(StartupWindowOption)</onclick>-->
                    <!--<onclick>Skin.SetString(StartupWindowOption,plex9)</onclick>-->
                    <!--<selected>String.IsEqual(Skin.String(StartupWindowOption),plex9)</selected>-->
                    <!--</control>-->
                    <!--<control type="radiobutton" id="740">-->
                    <!--<visible>Skin.HasSetting(plexbmc) + !String.IsEmpty(Window(Home).Property(plexbmc.10.title))</visible>-->
                    <!--<width>820</width>-->
                    <!--<radioposx>720</radioposx>-->
                    <!--<textwidth>660</textwidth>-->
                    <!--<include>LeftMenuButton</include>-->
                    <!--<label>$INFO[Window(Home).Property(plexbmc.10.title)]</label>-->
                    <!--<onclick>Skin.SetString(StartupWindow,$INFO[Window(Home).Property(plexbmc.10.path)])</onclick>-->
                    <!--<onclick>Skin.Reset(CustomStartup.Label)</onclick>-->
                    <!--<onclick>Skin.Reset(CustomStartup.Path)</onclick>-->
                    <!--<onclick>Skin.Reset(StartupWindowOption)</onclick>-->
                    <!--<onclick>Skin.SetString(StartupWindowOption,plex10)</onclick>-->
                    <!--<selected>String.IsEqual(Skin.String(StartupWindowOption),plex10)</selected>-->
                    <!--</control>-->
                    <!--<control type="radiobutton" id="741">-->
                    <!--<visible>Skin.HasSetting(plexbmc) + !String.IsEmpty(Window(Home).Property(plexbmc.11.title))</visible>-->
                    <!--<width>820</width>-->
                    <!--<radioposx>720</radioposx>-->
                    <!--<textwidth>660</textwidth>-->
                    <!--<include>LeftMenuButton</include>-->
                    <!--<label>$INFO[Window(Home).Property(plexbmc.11.title)]</label>-->
                    <!--<onclick>Skin.SetString(StartupWindow,$INFO[Window(Home).Property(plexbmc.11.path)])</onclick>-->
                    <!--<onclick>Skin.Reset(CustomStartup.Label)</onclick>-->
                    <!--<onclick>Skin.Reset(CustomStartup.Path)</onclick>-->
                    <!--<onclick>Skin.Reset(StartupWindowOption)</onclick>-->
                    <!--<onclick>Skin.SetString(StartupWindowOption,plex11)</onclick>-->
                    <!--<selected>String.IsEqual(Skin.String(StartupWindowOption),plex11)</selected>-->
                    <!--</control>-->
                    <!--<control type="radiobutton" id="742">-->
                    <!--<visible>Skin.HasSetting(plexbmc) + !String.IsEmpty(Window(Home).Property(plexbmc.12.title))</visible>-->
                    <!--<width>820</width>-->
                    <!--<radioposx>720</radioposx>-->
                    <!--<textwidth>660</textwidth>-->
                    <!--<include>LeftMenuButton</include>-->
                    <!--<label>$INFO[Window(Home).Property(plexbmc.12.title)]</label>-->
                    <!--<onclick>Skin.SetString(StartupWindow,$INFO[Window(Home).Property(plexbmc.12.path)])</onclick>-->
                    <!--<onclick>Skin.Reset(CustomStartup.Label)</onclick>-->
                    <!--<onclick>Skin.Reset(CustomStartup.Path)</onclick>-->
                    <!--<onclick>Skin.Reset(StartupWindowOption)</onclick>-->
                    <!--<onclick>Skin.SetString(StartupWindowOption,plex12)</onclick>-->
                    <!--<selected>String.IsEqual(Skin.String(StartupWindowOption),plex12)</selected>-->
                    <!--</control>-->
                    <!--<control type="radiobutton" id="743">-->
                    <!--<visible>Skin.HasSetting(plexbmc) + !String.IsEmpty(Window(Home).Property(plexbmc.13.title))</visible>-->
                    <!--<width>820</width>-->
                    <!--<radioposx>720</radioposx>-->
                    <!--<textwidth>660</textwidth>-->
                    <!--<include>LeftMenuButton</include>-->
                    <!--<label>$INFO[Window(Home).Property(plexbmc.13.title)]</label>-->
                    <!--<onclick>Skin.SetString(StartupWindow,$INFO[Window(Home).Property(plexbmc.13.path)])</onclick>-->
                    <!--<onclick>Skin.Reset(CustomStartup.Label)</onclick>-->
                    <!--<onclick>Skin.Reset(CustomStartup.Path)</onclick>-->
                    <!--<onclick>Skin.Reset(StartupWindowOption)</onclick>-->
                    <!--<onclick>Skin.SetString(StartupWindowOption,plex13)</onclick>-->
                    <!--<selected>String.IsEqual(Skin.String(StartupWindowOption),plex13)</selected>-->
                    <!--</control>-->
                    <!--<control type="radiobutton" id="744">-->
                    <!--<visible>Skin.HasSetting(plexbmc) + !String.IsEmpty(Window(Home).Property(plexbmc.14.title))</visible>-->
                    <!--<width>820</width>-->
                    <!--<radioposx>720</radioposx>-->
                    <!--<textwidth>660</textwidth>-->
                    <!--<include>LeftMenuButton</include>-->
                    <!--<label>$INFO[Window(Home).Property(plexbmc.14.title)]</label>-->
                    <!--<onclick>Skin.SetString(StartupWindow,$INFO[Window(Home).Property(plexbmc.14.path)])</onclick>-->
                    <!--<onclick>Skin.Reset(CustomStartup.Label)</onclick>-->
                    <!--<onclick>Skin.Reset(CustomStartup.Path)</onclick>-->
                    <!--<onclick>Skin.Reset(StartupWindowOption)</onclick>-->
                    <!--<onclick>Skin.SetString(StartupWindowOption,plex14)</onclick>-->
                    <!--<selected>String.IsEqual(Skin.String(StartupWindowOption),plex14)</selected>-->
                    <!--</control>-->
                    <!--<control type="radiobutton" id="745">-->
                    <!--<visible>Skin.HasSetting(plexbmc) + !String.IsEmpty(Window(Home).Property(plexbmc.15.title))</visible>-->
                    <!--<width>820</width>-->
                    <!--<radioposx>720</radioposx>-->
                    <!--<textwidth>660</textwidth>-->
                    <!--<include>LeftMenuButton</include>-->
                    <!--<label>$INFO[Window(Home).Property(plexbmc.15.title)]</label>-->
                    <!--<onclick>Skin.SetString(StartupWindow,$INFO[Window(Home).Property(plexbmc.15.path)])</onclick>-->
                    <!--<onclick>Skin.Reset(CustomStartup.Label)</onclick>-->
                    <!--<onclick>Skin.Reset(CustomStartup.Path)</onclick>-->
                    <!--<onclick>Skin.Reset(StartupWindowOption)</onclick>-->
                    <!--<onclick>Skin.SetString(StartupWindowOption,plex15)</onclick>-->
                    <!--<selected>String.IsEqual(Skin.String(StartupWindowOption),plex15)</selected>-->
                    <!--</control>-->
                    <!--<control type="radiobutton" id="746">-->
                    <!--<visible>Skin.HasSetting(plexbmc) + !String.IsEmpty(Window(Home).Property(plexbmc.16.title))</visible>-->
                    <!--<width>820</width>-->
                    <!--<radioposx>720</radioposx>-->
                    <!--<textwidth>660</textwidth>-->
                    <!--<include>LeftMenuButton</include>-->
                    <!--<label>$INFO[Window(Home).Property(plexbmc.16.title)]</label>-->
                    <!--<onclick>Skin.SetString(StartupWindow,$INFO[Window(Home).Property(plexbmc.16.path)])</onclick>-->
                    <!--<onclick>Skin.Reset(CustomStartup.Label)</onclick>-->
                    <!--<onclick>Skin.Reset(CustomStartup.Path)</onclick>-->
                    <!--<onclick>Skin.Reset(StartupWindowOption)</onclick>-->
                    <!--<onclick>Skin.SetString(StartupWindowOption,plex16)</onclick>-->
                    <!--<selected>String.IsEqual(Skin.String(StartupWindowOption),plex16)</selected>-->
                    <!--</control>-->
                    <!--<control type="radiobutton" id="747">-->
                    <!--<visible>Skin.HasSetting(plexbmc) + !String.IsEmpty(Window(Home).Property(plexbmc.17.title))</visible>-->
                    <!--<width>820</width>-->
                    <!--<radioposx>720</radioposx>-->
                    <!--<textwidth>660</textwidth>-->
                    <!--<include>LeftMenuButton</include>-->
                    <!--<label>$INFO[Window(Home).Property(plexbmc.17.title)]</label>-->
                    <!--<onclick>Skin.SetString(StartupWindow,$INFO[Window(Home).Property(plexbmc.17.path)])</onclick>-->
                    <!--<onclick>Skin.Reset(CustomStartup.Label)</onclick>-->
                    <!--<onclick>Skin.Reset(CustomStartup.Path)</onclick>-->
                    <!--<onclick>Skin.Reset(StartupWindowOption)</onclick>-->
                    <!--<onclick>Skin.SetString(StartupWindowOption,plex17)</onclick>-->
                    <!--<selected>String.IsEqual(Skin.String(StartupWindowOption),plex17)</selected>-->
                    <!--</control>-->
                    <!--<control type="radiobutton" id="748">-->
                    <!--<visible>Skin.HasSetting(plexbmc) + !String.IsEmpty(Window(Home).Property(plexbmc.18.title))</visible>-->
                    <!--<width>820</width>-->
                    <!--<radioposx>720</radioposx>-->
                    <!--<textwidth>660</textwidth>-->
                    <!--<include>LeftMenuButton</include>-->
                    <!--<label>$INFO[Window(Home).Property(plexbmc.18.title)]</label>-->
                    <!--<onclick>Skin.SetString(StartupWindow,$INFO[Window(Home).Property(plexbmc.18.path)])</onclick>-->
                    <!--<onclick>Skin.Reset(CustomStartup.Label)</onclick>-->
                    <!--<onclick>Skin.Reset(CustomStartup.Path)</onclick>-->
                    <!--<onclick>Skin.Reset(StartupWindowOption)</onclick>-->
                    <!--<onclick>Skin.SetString(StartupWindowOption,plex18)</onclick>-->
                    <!--<selected>String.IsEqual(Skin.String(StartupWindowOption),plex18)</selected>-->
                    <!--</control>-->
                    <!--<control type="radiobutton" id="749">-->
                    <!--<visible>Skin.HasSetting(plexbmc) + !String.IsEmpty(Window(Home).Property(plexbmc.19.title))</visible>-->
                    <!--<width>820</width>-->
                    <!--<radioposx>720</radioposx>-->
                    <!--<textwidth>660</textwidth>-->
                    <!--<include>LeftMenuButton</include>-->
                    <!--<label>$INFO[Window(Home).Property(plexbmc.19.title)]</label>-->
                    <!--<onclick>Skin.SetString(StartupWindow,$INFO[Window(Home).Property(plexbmc.19.path)])</onclick>-->
                    <!--<onclick>Skin.Reset(CustomStartup.Label)</onclick>-->
                    <!--<onclick>Skin.Reset(CustomStartup.Path)</onclick>-->
                    <!--<onclick>Skin.Reset(StartupWindowOption)</onclick>-->
                    <!--<onclick>Skin.SetString(StartupWindowOption,plex19)</onclick>-->
                    <!--<selected>String.IsEqual(Skin.String(StartupWindowOption),plex19)</selected>-->
                    <!--</control>-->



                    <!--&lt;!&ndash;TV CHANNELS&ndash;&gt;-->
                    <!--<control type="radiobutton" id="703">-->
                        <!--<visible>Pvr.HasTVChannels</visible>-->
                        <!--<align>center</align>-->
                        <!--<width>1920</width>-->
                        <!--<radioposx>1806</radioposx>-->
                        <!--<textwidth>460</textwidth>-->
                        <!--<include>LeftMenuButtonWide</include>-->
                        <!--<label>$LOCALIZE[19023]</label>-->
                        <!--<onclick>Skin.SetString(StartupWindow,tvchannels)</onclick>-->
                        <!--<onclick>Skin.Reset(CustomStartup.Label)</onclick>-->
                        <!--<onclick>Skin.Reset(CustomStartup.Path)</onclick>-->
                        <!--<onclick>Skin.Reset(StartupWindowOption)</onclick>-->
                        <!--<selected>String.IsEqual(Skin.String(StartupWindow),tvchannels)</selected>-->
                    <!--</control>-->
                    <!--&lt;!&ndash;TV RECORDINGS&ndash;&gt;-->
                    <!--<control type="radiobutton" id="704">-->
                        <!--<visible>Pvr.HasTVChannels</visible>-->
                        <!--<align>center</align>-->
                        <!--<width>1920</width>-->
                        <!--<radioposx>1806</radioposx>-->
                        <!--<textwidth>460</textwidth>-->
                        <!--<include>LeftMenuButtonWide</include>-->
                        <!--<label>$LOCALIZE[19020] - $LOCALIZE[20007]</label>-->
                        <!--<onclick>Skin.SetString(StartupWindow,tvrecordings)</onclick>-->
                        <!--<onclick>Skin.Reset(CustomStartup.Label)</onclick>-->
                        <!--<onclick>Skin.Reset(CustomStartup.Path)</onclick>-->
                        <!--<onclick>Skin.Reset(StartupWindowOption)</onclick>-->
                        <!--<selected>String.IsEqual(Skin.String(StartupWindow),tvrecordings)</selected>-->
                    <!--</control>-->
                    <!--&lt;!&ndash;TV GUIDE&ndash;&gt;-->
                    <!--<control type="radiobutton" id="705">-->
                        <!--<visible>Pvr.HasTVChannels</visible>-->
                        <!--<align>center</align>-->
                        <!--<width>1920</width>-->
                        <!--<radioposx>1806</radioposx>-->
                        <!--<textwidth>460</textwidth>-->
                        <!--<include>LeftMenuButtonWide</include>-->
                        <!--<label>$LOCALIZE[19020] - $LOCALIZE[22020]</label>-->
                        <!--<onclick>Skin.SetString(StartupWindow,tvguide)</onclick>-->
                        <!--<onclick>Skin.Reset(CustomStartup.Label)</onclick>-->
                        <!--<onclick>Skin.Reset(CustomStartup.Path)</onclick>-->
                        <!--<onclick>Skin.Reset(StartupWindowOption)</onclick>-->
                        <!--<selected>String.IsEqual(Skin.String(StartupWindow),tvguide)</selected>-->
                    <!--</control>-->
                    <!--&lt;!&ndash;RADIO CHANNELS&ndash;&gt;-->
                    <!--<control type="radiobutton" id="706">-->
                        <!--<visible>Pvr.HasTVChannels</visible>-->
                        <!--<align>center</align>-->
                        <!--<width>1920</width>-->
                        <!--<radioposx>1806</radioposx>-->
                        <!--<textwidth>460</textwidth>-->
                        <!--<include>LeftMenuButtonWide</include>-->
                        <!--<label>$LOCALIZE[19024]</label>-->
                        <!--<onclick>Skin.SetString(StartupWindow,radiochannels)</onclick>-->
                        <!--<onclick>Skin.Reset(CustomStartup.Label)</onclick>-->
                        <!--<onclick>Skin.Reset(CustomStartup.Path)</onclick>-->
                        <!--<onclick>Skin.Reset(StartupWindowOption)</onclick>-->
                        <!--<selected>String.IsEqual(Skin.String(StartupWindow),radiochannels)</selected>-->
                    <!--</control>-->
                    <!--&lt;!&ndash;RADIO RECORDINGS&ndash;&gt;-->
                    <!--<control type="radiobutton" id="707">-->
                        <!--<visible>Pvr.HasTVChannels</visible>-->
                        <!--<align>center</align>-->
                        <!--<width>1920</width>-->
                        <!--<radioposx>1806</radioposx>-->
                        <!--<textwidth>460</textwidth>-->
                        <!--<include>LeftMenuButtonWide</include>-->
                        <!--<label>$LOCALIZE[19021] - $LOCALIZE[20007]</label>-->
                        <!--<onclick>Skin.SetString(StartupWindow,radiorecordings)</onclick>-->
                        <!--<onclick>Skin.Reset(CustomStartup.Label)</onclick>-->
                        <!--<onclick>Skin.Reset(CustomStartup.Path)</onclick>-->
                        <!--<onclick>Skin.Reset(StartupWindowOption)</onclick>-->
                        <!--<selected>String.IsEqual(Skin.String(StartupWindow),radiorecordings)</selected>-->
                    <!--</control>-->
                    <!--&lt;!&ndash;RADIO GUIDE&ndash;&gt;-->
                    <!--<control type="radiobutton" id="708">-->
                        <!--<visible>Pvr.HasTVChannels</visible>-->
                        <!--<align>center</align>-->
                        <!--<width>1920</width>-->
                        <!--<radioposx>1806</radioposx>-->
                        <!--<textwidth>460</textwidth>-->
                        <!--<include>LeftMenuButtonWide</include>-->
                        <!--<label>$LOCALIZE[19021] - $LOCALIZE[22020]</label>-->
                        <!--<onclick>Skin.SetString(StartupWindow,radioguide)</onclick>-->
                        <!--<onclick>Skin.Reset(CustomStartup.Label)</onclick>-->
                        <!--<onclick>Skin.Reset(CustomStartup.Path)</onclick>-->
                        <!--<onclick>Skin.Reset(StartupWindowOption)</onclick>-->
                        <!--<selected>String.IsEqual(Skin.String(StartupWindow),radioguide)</selected>-->
                    <!--</control>-->
                    <!--PROGRAMS-->
                    <control type="radiobutton" id="709">
                        <align>center</align>
                        <width>1920</width>
                        <radioposx>1806</radioposx>
                        <textwidth>460</textwidth>
                        <include>LeftMenuButtonWide</include>
                        <label>$LOCALIZE[0]</label>
                        <onclick>Skin.SetString(StartupWindow,programs)</onclick>
                        <onclick>Skin.Reset(CustomStartup.Label)</onclick>
                        <onclick>Skin.Reset(CustomStartup.Path)</onclick>
                        <onclick>Skin.Reset(StartupWindowOption)</onclick>
                        <selected>String.IsEqual(Skin.String(StartupWindow),programs)</selected>
                    </control>
                    <!--PICTURES-->
                    <control type="radiobutton" id="710">
                        <visible>!Skin.HasSetting(plexbmc)</visible>
                        <align>center</align>
                        <width>1920</width>
                        <radioposx>1806</radioposx>
                        <textwidth>460</textwidth>
                        <include>LeftMenuButtonWide</include>
                        <label>$LOCALIZE[1]</label>
                        <onclick>Skin.SetString(StartupWindow,pictures)</onclick>
                        <onclick>Skin.Reset(CustomStartup.Label)</onclick>
                        <onclick>Skin.Reset(CustomStartup.Path)</onclick>
                        <onclick>Skin.Reset(StartupWindowOption)</onclick>
                        <selected>String.IsEqual(Skin.String(StartupWindow),pictures)</selected>
                    </control>
                    <!--FILE MANAGER-->
                    <control type="radiobutton" id="711">
                        <align>center</align>
                        <width>1920</width>
                        <radioposx>1806</radioposx>
                        <textwidth>460</textwidth>
                        <include>LeftMenuButtonWide</include>
                        <label>$LOCALIZE[7]</label>
                        <onclick>Skin.SetString(StartupWindow,filemanager)</onclick>
                        <onclick>Skin.Reset(CustomStartup.Label)</onclick>
                        <onclick>Skin.Reset(CustomStartup.Path)</onclick>
                        <onclick>Skin.Reset(StartupWindowOption)</onclick>
                        <selected>String.IsEqual(Skin.String(StartupWindow),filemanager)</selected>
                    </control>
                    <!--SETTINGS-->
                    <control type="radiobutton" id="712">
                        <align>center</align>
                        <width>1920</width>
                        <radioposx>1806</radioposx>
                        <textwidth>460</textwidth>
                        <include>LeftMenuButtonWide</include>
                        <label>$LOCALIZE[5]</label>
                        <onclick>Skin.SetString(StartupWindow,settings)</onclick>
                        <onclick>Skin.Reset(CustomStartup.Label)</onclick>
                        <onclick>Skin.Reset(CustomStartup.Path)</onclick>
                        <onclick>Skin.Reset(StartupWindowOption)</onclick>
                        <selected>String.IsEqual(Skin.String(StartupWindow),settings)</selected>
                    </control>
                    <!--ADDONBROWSER-->
                    <control type="radiobutton" id="713">
                        <align>center</align>
                        <width>1920</width>
                        <radioposx>1806</radioposx>
                        <textwidth>460</textwidth>
                        <include>LeftMenuButtonWide</include>
                        <label>$LOCALIZE[10040]</label>
                        <onclick>Skin.SetString(StartupWindow,settings)</onclick>
                        <onclick>Skin.Reset(CustomStartup.Label)</onclick>
                        <onclick>Skin.Reset(CustomStartup.Path)</onclick>
                        <onclick>Skin.Reset(StartupWindowOption)</onclick>
                        <selected>String.IsEqual(Skin.String(StartupWindow),addonbrowser)</selected>
                    </control>
                    <!--WEATHER-->
                    <control type="radiobutton" id="714">
                        <align>center</align>
                        <width>1920</width>
                        <radioposx>1806</radioposx>
                        <textwidth>460</textwidth>
                        <include>LeftMenuButtonWide</include>
                        <label>$LOCALIZE[8]</label>
                        <onclick>Skin.SetString(StartupWindow,weather)</onclick>
                        <onclick>Skin.Reset(CustomStartup.Label)</onclick>
                        <onclick>Skin.Reset(CustomStartup.Path)</onclick>
                        <onclick>Skin.Reset(StartupWindowOption)</onclick>
                        <selected>String.IsEqual(Skin.String(StartupWindow),weather)</selected>
                    </control>
                    <!--FAVOURITES-->
                    <control type="radiobutton" id="715">
                        <align>center</align>
                        <width>1920</width>
                        <radioposx>1806</radioposx>
                        <textwidth>460</textwidth>
                        <include>LeftMenuButtonWide</include>
                        <label>$LOCALIZE[1036]</label>
                        <onclick>Skin.SetString(StartupWindow,favourites)</onclick>
                        <onclick>Skin.Reset(CustomStartup.Label)</onclick>
                        <onclick>Skin.Reset(CustomStartup.Path)</onclick>
                        <onclick>Skin.Reset(StartupWindowOption)</onclick>
                        <selected>String.IsEqual(Skin.String(StartupWindow),favourites)</selected>
                    </control>
                    <!--CUSTOM-->
                    <control type="radiobutton" id="716">
                        <visible>String.IsEmpty(Skin.String(CustomStartup.Path))</visible>
                        <align>center</align>
                        <width>1920</width>
                        <radioposx>1806</radioposx>
                        <textwidth>460</textwidth>
                        <include>LeftMenuButtonWide</include>
                        <label>636</label>
                        <onclick>Skin.Reset(StartupWindow)</onclick>
                        <onclick>Skin.Reset(StartupWindowOption)</onclick>
                        <onclick>RunScript(script.favourites,changetitle=true&amp;property=CustomStartup)</onclick>
                        <selected>false</selected>
                    </control>
                    <!--CUSTOM-->
                    <control type="radiobutton" id="717">
                        <visible>!String.IsEmpty(Skin.String(CustomStartup.Path))</visible>
                        <align>center</align>
                        <width>1920</width>
                        <radioposx>1806</radioposx>
                        <textwidth>460</textwidth>
                        <include>LeftMenuButtonWide</include>
                        <label>$INFO[Skin.String(CustomStartup.Label)]</label>
                        <onclick>Skin.Reset(StartupWindow)</onclick>
                        <onclick>Skin.Reset(StartupWindowOption)</onclick>
                        <onclick>RunScript(script.favourites,changetitle=true&amp;property=CustomStartup)</onclick>
                        <selected>!String.IsEmpty(Skin.String(CustomStartup.Path))</selected>
                    </control>
                </control>
                <control type="scrollbar" id="60">
                    <posx>1886</posx>
                    <posy>318</posy>
                    <height>624</height>
                    <include>VerticalScroller</include>
                    <onleft>9001</onleft>
                    <onright>60</onright>
                </control>
            </control>
        </control>
        <control type="label">
            <include>OpenClose</include>
            <include>WindowTitle</include>
            <label>$LOCALIZE[5]</label>
        </control>
        <control type="label">
            <include>OpenClose</include>
            <include>WindowTitleSub</include>
            <label>$LOCALIZE[512]</label>
        </control>
        <!-- <include>FooterInfo</include> -->
        <include>Time</include>
    </controls>
</window>
