<?xml version="1.0" encoding="utf-8"?>
<window type="dialog">
    <controls>
        <control type="group">
            <include>DialogOpenClose</include>
            <!--<control type="image">-->
                <!--<posx>-200</posx>-->
                <!--<posy>0</posy>-->
                <!--<width>2320</width>-->
                <!--<height>183</height>-->
                <!--<colordiffuse>$VAR[Picked.Theme.Color]</colordiffuse>-->
                <!--<texture border="150,40,150,40">$VAR[Theme.Color]/common/bg_dialog.png</texture>-->
            <!--</control>-->
            <include content="ProgressBar">
                <param name="id" value="10"/>
                <param name="visible" value="true"/>
                <param name="x" value="0"/>
                <param name="y" value="0"/>
                <param name="width" value="1920"/>
                <param name="height" value="14"/>
                <param name="texturebg" value="OSD/osd_progress_background.png"/>
                <param name="gfx" value="OSD/osd_progress_mid.png"/>
                <param name="border" value="1,1,5,1"/>
                <param name="borderbg" value="1,1,1,1"/>
                <param name="info" value="noop"/>
            </include>
            <control type="image" id="1">
                <posx>810</posx>
                <posy>390</posy>
                <width>300</width>
                <height>300</height>
                <texture>$VAR[Theme.Color]/OSD/loading.png</texture>
                <animation effect="rotate" center="auto" start="360" end="0" time="750" loop="true" condition="true">Conditional</animation>
            </control>
            <!--<control type="label" id="1">-->
                <!--<visible>Integer.IsGreater(Control.GetLabel(10), 0)</visible>-->
                <!--<posx>TextMargin</posx>-->
                <!--<posy>33</posy>-->
                <!--<height>117</height>-->
                <!--<width>1800</width>-->
                <!--<scroll>true</scroll>-->
                <!--<align>center</align>-->
                <!--<font>NotificationFontDouble</font>-->
                <!--<include>TextColor_MainColor</include>-->
                <!--<label>$LOCALIZE[31979]$INFO[Control.GetLabel(10), ,%]</label>-->
            <!--</control>-->
            <!--<control type="label">-->
                <!--<visible>!Integer.IsGreater(Control.GetLabel(10), 0)</visible>-->
                <!--<posx>TextMargin</posx>-->
                <!--<posy>33</posy>-->
                <!--<height>117</height>-->
                <!--<width>1800</width>-->
                <!--<scroll>true</scroll>-->
                <!--<align>center</align>-->
                <!--<font>NotificationFontDouble</font>-->
                <!--<include>TextColor_MainColor</include>-->
                <!--<label>$LOCALIZE[31979]</label>-->
            <!--</control>-->
        </control>
    </controls>
</window>
