<?xml version="1.0" encoding="utf-8"?>
<window>
	<animation effect="fade" time="150">WindowClose</animation>
	<onunload>Dialog.close(all,true)</onunload>
	<controls>
		<control type="group" id="0">
			<posx>0</posx>
			<posy>0</posy>
            <include>DummyClearStudioArt</include>
            <control type="group">
				<posy>185</posy>
				<include>OSDFade</include>
                <control type="image">
                    <posx>-200</posx>
                    <posy>-85</posy>
                    <width>2320</width>
                    <height>445</height>
                    <include>DialogTransparency</include>
                    <texture border="83">$VAR[Theme.Color]/common/bg_dialog.png</texture>
                </control>
                <control type="label">
                    <posx>40</posx>
                    <posy>-10</posy>
                    <width>1840</width>
                    <height>56</height>
                    <align>left</align>
                    <aligny>top</aligny>
                    <font>NotificationFont</font>
					<label>$INFO[Player.Process(videodecoder),$LOCALIZE[31083]: ]$VAR[VideoHWDecoder, (,)]</label>
				</control>
				<control type="label">
                    <posx>40</posx>
                    <posy>40</posy>
                    <width>1840</width>
                    <height>56</height>
                    <align>left</align>
                    <aligny>top</aligny>
                    <font>NotificationFont</font>
					<label>$INFO[Player.Process(pixformat),$LOCALIZE[31084]: ]</label>
				</control>
				<control type="label">
                    <posx>40</posx>
                    <posy>90</posy>
                    <width>1840</width>
                    <height>56</height>
                    <align>left</align>
                    <aligny>top</aligny>
                    <font>NotificationFont</font>
					<label>$INFO[Player.Process(deintmethod),$LOCALIZE[16038]: ]</label>
				</control>
				<control type="label">
                    <posx>40</posx>
                    <posy>140</posy>
                    <width>1840</width>
                    <height>56</height>
                    <align>left</align>
                    <aligny>top</aligny>
					<label>$INFO[Player.Process(videowidth),$LOCALIZE[38031]: ,x]$INFO[Player.Process(videoheight),, px]$INFO[Player.Process(videodar),$COMMA , AR]$INFO[Player.Process(videofps),$COMMA , FPS]</label>
				</control>
				<control type="label">
                    <posx>40</posx>
                    <posy>190</posy>
                    <width>1840</width>
                    <height>56</height>
                    <align>left</align>
                    <aligny>top</aligny>
					<label>$LOCALIZE[460]: $INFO[Player.Process(audiochannels),,$COMMA ]$INFO[Player.Process(audiodecoder)]$INFO[Player.Process(audiobitspersample),$COMMA , bits]$INFO[Player.Process(audiosamplerate),$COMMA , Hz]</label>
				</control>
				<control type="label">
                    <posx>40</posx>
                    <posy>240</posy>
                    <width>1840</width>
                    <height>56</height>
                    <align>left</align>
                    <aligny>top</aligny>
					<label>$INFO[System.Memory(used.percent),$LOCALIZE[31085]: ,       ]$INFO[System.CpuUsage,$LOCALIZE[13271] ]</label>
				</control>
			</control>
			<control type="group">
				<posy>600</posy>
				<visible>VideoPlayer.Content(LiveTV) + system.getbool(pvrplayback.signalquality)</visible>
                <control type="image">
                    <posx>-200</posx>
                    <posy>-75</posy>
                    <width>2320</width>
                    <height>465</height>
                    <include>DialogTransparency</include>
                    <texture border="83">$VAR[Theme.Color]/common/bg_dialog.png</texture>
                </control>
				<control type="label">
					<posx>40</posx>
					<posy>0</posy>
					<width>1840</width>
					<height>36</height>
					<label>$INFO[PVR.ActStreamClient,$LOCALIZE[19012]: ]</label>
					<align>left</align>
					<aligny>center</aligny>
					<font>OSDFont</font>
				</control>
				<control type="label">
					<posx>40</posx>
					<posy>40</posy>
					<width>1840</width>
					<height>36</height>
					<label>$INFO[PVR.ActStreamEncryptionName,$LOCALIZE[19015]: ]</label>
					<align>left</align>
					<aligny>center</aligny>
					<font>OSDFont</font>
				</control>
				<control type="label">
					<posx>40</posx>
					<posy>80</posy>
					<width>1840</width>
					<height>36</height>
					<label>$INFO[PVR.ActStreamDevice,$LOCALIZE[19006]: ]</label>
					<align>left</align>
					<aligny>center</aligny>
					<font>OSDFont</font>
				</control>
				<control type="label">
					<posx>40</posx>
					<posy>120</posy>
					<width>1840</width>
					<height>36</height>
					<label>$INFO[PVR.ActStreamStatus,$LOCALIZE[19007]: ]</label>
					<align>left</align>
					<aligny>center</aligny>
					<font>OSDFont</font>
				</control>
				<control type="label">
					<posx>40</posx>
					<posy>160</posy>
					<width>1840</width>
					<height>36</height>
					<label>$INFO[PVR.ActStreamSignal,$LOCALIZE[19008]: ]</label>
					<align>left</align>
					<aligny>center</aligny>
					<font>OSDFont</font>
				</control>
				<control type="label">
					<posx>40</posx>
					<posy>200</posy>
					<width>1840</width>
					<height>36</height>
					<label>$INFO[PVR.ActStreamSNR,$LOCALIZE[19009]: ]</label>
					<align>left</align>
					<aligny>center</aligny>
					<font>OSDFont</font>
				</control>
				<control type="label">
					<posx>40</posx>
					<posy>240</posy>
					<width>1840</width>
					<height>36</height>
					<label>$INFO[PVR.ActStreamBer,$LOCALIZE[19010]: ]</label>
					<align>left</align>
					<aligny>center</aligny>
					<font>OSDFont</font>
				</control>
				<control type="label">
					<posx>40</posx>
					<posy>280</posy>
					<width>1840</width>
					<height>36</height>
					<label>$INFO[PVR.ActStreamUnc,$LOCALIZE[19011]: ]</label>
					<align>left</align>
					<aligny>center</aligny>
					<font>OSDFont</font>
				</control>
				<control type="label">
					<posx>40r</posx>
					<posy>200</posy>
					<width>1840</width>
					<height>36</height>
					<label>$INFO[PVR.ActStreamMux,$LOCALIZE[19100]: ]</label>
					<align>right</align>
					<aligny>center</aligny>
					<font>OSDFont</font>
				</control>
				<control type="label">
					<posx>40r</posx>
					<posy>240</posy>
					<width>1840</width>
					<height>36</height>
					<label>$INFO[PVR.ActStreamServiceName,$LOCALIZE[19099]: ]</label>
					<align>right</align>
					<aligny>center</aligny>
					<font>OSDFont</font>
				</control>
				<control type="label">
					<posx>40r</posx>
					<posy>280</posy>
					<width>1840</width>
					<height>36</height>
					<label>$INFO[PVR.ActStreamProviderName,$LOCALIZE[19101]: ]</label>
					<align>right</align>
					<aligny>center</aligny>
					<font>OSDFont</font>
				</control>
			</control>
		</control>
	</controls>
</window>
