<?xml version="1.0" encoding="utf-8"?>
<window>
    <defaultcontrol>61</defaultcontrol>
    <controls>
        <!-- <include>DimBG</include> -->
        <include>TopBar</include>
        <control type="group">
            <include>FacadeFadeDialogs3rdLevelCondition</include>
            <include>Icon_Fade</include>
            <control type="group">
                <include>DialogOpenClose</include>
                <control type="image">
                    <posx>-760</posx>
                    <posy>150</posy>
                    <width>2930</width>
                    <height>876</height>
                    <include>DialogTransparency</include>
                    <texture border="150,40,150,40">$VAR[Theme.Color]/common/bg_dialog.png</texture>
                </control>
                <control type="image">
                    <posx>100</posx>
                    <posy>142</posy>
                    <width>1720</width>
                    <height>217</height>
                    <texture border="100">$VAR[Theme.Color]/common/bg_list.png</texture>
                </control>
                <control type="label" id="1">
                    <posx>TextMargin</posx>
                    <posy>183</posy>
                    <width>1800</width>
                    <height>135</height>
                    <align>center</align>
                    <font>InfoTitleFont</font>
                    <include>TextColor_MainColor</include>
                </control>
                <control type="textbox" id="5">
                    <posx>TextMargin</posx>
                    <posy>360</posy>
                    <width>1800</width>
                    <height>578</height>
                    <font>InfoPlotFont</font>
                    <pagecontrol>61</pagecontrol>
                </control>
                <control type="scrollbar" id="61">
                    <posx>1886</posx>
                    <posy>360</posy>
                    <height>578</height>
                    <include>VerticalScroller</include>
                </control>
            </control>
        </control>
    </controls>
</window>
