<?xml version="1.0" encoding="utf-8"?>
<window>
    <defaultcontrol always="true">50</defaultcontrol>
    <menucontrol>9000</menucontrol>
    <controls>
        <!-- <include>DimBG</include> -->
        <include>TopBar</include>
        <control type="group">
            <include>FacadeFadeDialogs2ndLevelCondition</include>
            <visible>![Window.IsVisible(DialogAddonSettings.xml)]</visible>
            <include>Icon_Fade</include>
            <control type="group">
                <animation effect="slide" tween="circle" easing="out" time="250" start="0,0" end="660,0" condition="[ControlGroup(9000).HasFocus()|Control.HasFocus(8999)|Control.HasFocus(9060)]">conditional</animation>
                <include>DialogOpenClose</include>
                <control type="image">
                    <posx>-760</posx>
                    <posy>150</posy>
                    <width>2930</width>
                    <height>876</height>
                    <include>DialogTransparency</include>
                    <texture border="150,40,150,40">$VAR[Theme.Color]/common/bg_dialog.png</texture>
                </control>
                <control type="image">
                    <posx>100</posx>
                    <posy>142</posy>
                    <width>1720</width>
                    <height>217</height>
                    <texture border="100">$VAR[Theme.Color]/common/bg_list.png</texture>
                </control>
                <control type="image">
                    <posx>100</posx>
                    <posy>862</posy>
                    <width>1720</width>
                    <height>172</height>
                    <texture border="100">$VAR[Theme.Color]/common/bg_list.png</texture>
                </control>
                <control type="label">
                    <posx>TextMargin</posx>
                    <posy>183</posy>
                    <width>1800</width>
                    <height>135</height>
                    <align>center</align>
                    <font>InfoTitleFont</font>
                    <include>TextColor_MainColor</include>
                    <label>$INFO[ListItem.AddonName]</label>
                </control>
                <control type="image">
                    <posx>25</posx>
                    <posy>353</posy>
                    <width>520</width>
                    <height>520</height>
                    <include>SquareThumb</include>
                    <include>ThumbBorder</include>
                </control>
                <control type="group">
                    <visible>![Control.HasFocus(100)|
                        Control.HasFocus(705)|
                        ControlGroup(1000).HasFocus|
                        ControlGroup(7050).HasFocus]</visible>
                    <include>VisibleFadeEffectDelay</include>
                    <posx>580</posx>
                    <posy>358</posy>
                    <control type="label">
                        <posx>0</posx>
                        <posy>0</posy>
                        <width>1280</width>
                        <height>71</height>
                        <label>$INFO[ListItem.AddonType,$LOCALIZE[146] ]</label>
                        <scroll>true</scroll>
                        <font>InfoDetailsFont</font>
                        <include>TextColor_MainColor</include>
                    </control>
                    <control type="label">
                        <posx>0</posx>
                        <posy>78</posy>
                        <width>1280</width>
                        <height>71</height>
                        <label>$INFO[ListItem.AddonCreator,$LOCALIZE[21863]: ]</label>
                        <scroll>true</scroll>
                        <font>InfoDetailsFont</font>
                        <include>TextColor_MainColor</include>
                    </control>
                    <control type="label">
                        <posx>0</posx>
                        <posy>156</posy>
                        <width>1280</width>
                        <height>71</height>
                        <label>$INFO[ListItem.AddonVersion,$LOCALIZE[24051] ]</label>
                        <scroll>true</scroll>
                        <font>InfoDetailsFont</font>
                        <include>TextColor_MainColor</include>
                    </control>
                    <control type="fadelabel">
                        <posx>0</posx>
                        <posy>234</posy>
                        <width>1280</width>
                        <height>71</height>
                        <label>$INFO[ListItem.AddonSummary,$LOCALIZE[20037]: ]</label>
                        <scroll>true</scroll>
                        <font>InfoDetailsFont</font>
                        <include>TextColor_MainColor</include>
                        <scrollout>false</scrollout>
                        <pauseatend>2000</pauseatend>
                    </control>
                    <control type="textbox">
                        <posx>0</posx>
                        <posy>322</posy>
                        <width>1280</width>
                        <height>160</height>
                        <font>InfoPlotFont</font>
                        <label>$INFO[ListItem.AddonDescription]</label>
                        <pagecontrol>6060</pagecontrol>
                    </control>
                    <control type="scrollbar" id="6060">
                        <visible>Skin.HasSetting(ManualScroll)</visible>
                        <posx>1306</posx>
                        <posy>322</posy>
                        <height>160</height>
                        <include>VerticalScroller</include>
                        <onleft>50</onleft>
                        <onright>50</onright>
                    </control>
                    <control type="label">
                        <visible>String.IsEmpty(ListItem.AddonBroken)</visible>
                        <posx>-520</posx>
                        <posy>545</posy>
                        <width>1800</width>
                        <height>90</height>
                        <font>InfoDetailsFont</font>
                        <label>$INFO[ListItem.AddonDisclaimer,[COLOR=WarningColor]$LOCALIZE[24052]: [/COLOR]]</label>
                        <scroll>true</scroll>
                    </control>
                    <control type="label">
                        <visible>!String.IsEmpty(ListItem.AddonBroken)</visible>
                        <posx>-520</posx>
                        <posy>545</posy>
                        <width>1041</width>
                        <height>90</height>
                        <font>InfoDetailsFont</font>
                        <label>$INFO[ListItem.AddonBroken,[COLOR=WarningColor]$LOCALIZE[24096]: [/COLOR]]</label>
                        <scroll>true</scroll>
                    </control>
                </control>
                <!--CHANGELOG-->
                <control type="group" id="1000">
                    <visible>Control.HasFocus(100)|ControlGroup(1000).HasFocus</visible>
                    <include>VisibleFadeEffectDelay</include>
                    <control type="button">
                        <description>dummy for mouse navigation</description>
                        <posx>0</posx>
                        <posy>313</posy>
                        <width>1920</width>
                        <height>685</height>
                        <onclick>noop</onclick>
                        <onleft>9012</onleft>
                        <onright>50</onright>
                        <texturenofocus>-</texturenofocus>
                        <texturefocus>-</texturefocus>
                    </control>
                    <control type="textbox">
                        <posx>560</posx>
                        <posy>360</posy>
                        <width>1300</width>
                        <height>590</height>
                        <font>InfoDetailsFontBig</font>
                        <label fallback="416">$INFO[ListItem.AddonNews]</label>
                        <pagecontrol>8070</pagecontrol>
                    </control>
                    <control type="scrollbar" id="8070">
                        <visible>Skin.HasSetting(ManualScroll)</visible>
                        <posx>1886</posx>
                        <posy>360</posy>
                        <height>590</height>
                        <include>VerticalScroller</include>
                        <onleft>9001</onleft>
                    </control>
                </control>
                <!--SCREENSHOTS-->
                <control type="group" id="7050">
                    <visible>control.hasfocus(705)|ControlGroup(7050).HasFocus</visible>
                    <visible>Integer.IsGreater(Container(50).NumItems,0)</visible>
                    <include>VisibleFadeEffectDelay</include>
                    <control type="label">
                        <posx>TextMargin</posx>
                        <posy>270</posy>
                        <width>1800</width>
                        <height>35</height>
                        <align>center</align>
                        <font>InfoTitleSubFont</font>
                        <include>TextColor_MainColor</include>
                        <label>$INFO[Container(50).NumItems] $LOCALIZE[31025]</label>
                    </control>
                    <control type="fixedlist" id="50">
                        <include>UnderFade</include>
                        <posx>0</posx>
                        <posy>337</posy>
                        <width>1920</width>
                        <height>723</height>
                        <onleft>9000</onleft>
                        <onright>750</onright>
                        <onup>9000</onup>
                        <ondown>750</ondown>
                        <orientation>horizontal</orientation>
                        <focusposition>0</focusposition>
                        <movement>0</movement>
                        <preloaditems>4</preloaditems>
                        <itemlayout height="425" width="350">
                            <control type="image">
                                <include>ConditionWhite</include>
                                <posx>-10</posx>
                                <posy>199</posy>
                                <width>370</width>
                                <height>238</height>
                                <texture background="true" fallback="white/defaultArtistBig.png">$INFO[ListItem.Thumb]</texture>
                                <include>ThumbBorder</include>
                            </control>
                            <control type="image">
                                <include>ConditionBlack</include>
                                <posx>-10</posx>
                                <posy>199</posy>
                                <width>370</width>
                                <height>238</height>
                                <texture background="true" fallback="black/defaultArtistBig.png">$INFO[ListItem.Thumb]</texture>
                                <include>ThumbBorder</include>
                            </control>
                        </itemlayout>
                        <focusedlayout height="425" width="1219">
                            <control type="image">
                                <posx>40</posx>
                                <posy>199</posy>
                                <width>1133</width>
                                <height>238</height>
                                <aspectratio>scale</aspectratio>
                                <texture>$INFO[ListItem.Thumb]</texture>
                                <include>ThumbBorder</include>
                            </control>
                        </focusedlayout>
                    </control>
                    <control type="image">
                        <include>UpperFade</include>
                        <include>ConditionWhite</include>
                        <posx>25</posx>
                        <posy>313</posy>
                        <width>1163</width>
                        <height>685</height>
                        <texture background="true" fallback="white/defaultPictureBig.png">$INFO[Container(50).ListItem.Thumb]</texture>
                        <include>ThumbBorder</include>
                        <aspectratio>keep</aspectratio>
                    </control>
                    <control type="image">
                        <include>UpperFade</include>
                        <include>ConditionBlack</include>
                        <posx>25</posx>
                        <posy>313</posy>
                        <width>1163</width>
                        <height>685</height>
                        <texture background="true" fallback="black/defaultPictureBig.png">$INFO[Container(50).ListItem.Thumb]</texture>
                        <include>ThumbBorder</include>
                        <aspectratio>keep</aspectratio>
                    </control>
                    <control type="button">
                        <posx>TextMargin</posx>
                        <posy>313</posy>
                        <width>870</width>
                        <height>685</height>
                        <texturefocus>-</texturefocus>
                        <texturenofocus>-</texturenofocus>
                        <onclick>Control.Move(50,-1)</onclick>
                    </control>
                    <control type="button">
                        <posx>930</posx>
                        <posy>313</posy>
                        <width>930</width>
                        <height>685</height>
                        <texturefocus>-</texturefocus>
                        <texturenofocus>-</texturenofocus>
                        <onclick>Control.Move(50,1)</onclick>
                    </control>
                </control>
            </control>
            <!-- SIDE MENU -->
            <control type="group">
                <include>LeftMenu</include>
                <control type="grouplist" id="9000">
                    <include>LeftMenuButtonGroup</include>
                    <ondown>9000</ondown>
                    <control type="label" id="7965">
                        <include>LeftMenuTitleLabel</include>
                        <label>$LOCALIZE[33061]</label>
                    </control>
                    <control type="button" id="9">
                        <label>$LOCALIZE[5]</label>
                        <include>LeftMenuButton</include>
                        <onright>6060</onright>
                    </control>
                    <control type="button" id="8">
                        <label>$LOCALIZE[24069]</label>
                        <include>LeftMenuButton</include>
                        <onright>6060</onright>
                    </control>
                    <control type="button" id="100">
                        <label>$LOCALIZE[24036]</label>
                        <include>LeftMenuButton</include>
                        <onright>8070</onright>
                    </control>
                    <control type="button" id="705">
                        <visible>Integer.IsGreater(Container(50).NumItems,0)</visible>
                        <label>$LOCALIZE[20008]</label>
                        <include>LeftMenuButton</include>
                        <onright>50</onright>
                    </control>
                    <control type="button" id="7">
                        <label>$LOCALIZE[24021]</label>
                        <include>LeftMenuButton</include>
                        <onright>6060</onright>
                    </control>
                    <control type="button" id="6">
                        <label>$LOCALIZE[24022]</label>
                        <include>LeftMenuButton</include>
                        <onright>6060</onright>
                    </control>
                    <control type="button" id="13">
                        <description>Auto-update button</description>
                        <label>$LOCALIZE[21340]</label>
                        <include>LeftMenuButton</include>
                        <onright>6060</onright>
                    </control>
                    <control type="button" id="12">
                        <label>$LOCALIZE[518]</label>
                        <include>LeftMenuButton</include>
                        <onright>6060</onright>
                    </control>
                </control>
                <include>LeftMenuScroller</include>
            </control>
            <control type="button" id="50">
                <include>HiddenButton</include>
                <onclick>Control.SetFocus(9000)</onclick>
                <onleft>9000</onleft>
                <onright>6060</onright>
                <onup>9000</onup>
                <ondown>9000</ondown>
            </control>
        </control>
    </controls>
</window>
