<window id="141">
    <defaultcontrol>3</defaultcontrol>
    <controls>
        <!-- <include>DimBG</include> -->
        <include>TopBar</include>
        <control type="group">
            <include>DialogOpenClose</include>
            <control type="image">
                <posx>-760</posx>
                <posy>150</posy>
                <width>2930</width>
                <height>876</height>
                <include>DialogTransparency</include>
                <texture border="150,40,150,40">$VAR[Theme.Color]/common/bg_dialog.png</texture>
            </control>
            <control type="image">
                <posx>100</posx>
                <posy>142</posy>
                <width>1720</width>
                <height>217</height>
                <texture border="100">$VAR[Theme.Color]/common/bg_list.png</texture>
            </control>
            <control type="label" id="1">
                <posx>TextMargin</posx>
                <posy>183</posy>
                <width>1800</width>
                <height>135</height>
                <align>center</align>
                <font>InfoTitleFont</font>
                <include>TextColor_MainColor</include>
                <label>$LOCALIZE[1046]</label>
            </control>
            <control type="list" id="3">
                <posx>0</posx>
                <posy>318</posy>
                <width>1920</width>
                <height>675</height>
                <itemgap>0</itemgap>
                <orientation>vertical</orientation>
                <onup>3</onup>
                <ondown>3</ondown>
                <onright>61</onright>
                <scrolltime>300</scrolltime>
                <pagecontrol>61</pagecontrol>
                <itemlayout width="1920" height="135">
                    <control type="image">
                        <posx>0</posx>
                        <posy>0</posy>
                        <width>50</width>
                        <height>135</height>
                        <aspectratio>keep</aspectratio>
                        <texture>$VAR[Theme.Color]/wifi/$INFO[ListItem.Property(state)].png</texture>
                    </control>
                    <control type="label">
                        <posx>90</posx>
                        <height>135</height>
                        <width>1640</width>
                        <font>FacadeListMainFont</font>
                        <include>TextColor_AlternateColor</include>
                        <label>$INFO[ListItem.Label]</label>
                    </control>
                    <control type="image">
                        <visible>!String.IsEmpty(ListItem.Property(encryption))</visible>
                        <posx>1760</posx>
                        <posy>0</posy>
                        <width>50</width>
                        <height>135</height>
                        <aspectratio>keep</aspectratio>
                        <texture>$VAR[Theme.Color]/wifi/aplock.png</texture>
                    </control>
                    <control type="image">
                        <posx>1810</posx>
                        <posy>0</posy>
                        <width>50</width>
                        <height>135</height>
                        <aspectratio>keep</aspectratio>
                        <texture>$VAR[Theme.Color]/wifi/apsignal$INFO[ListItem.Property(signal)].png</texture>
                    </control>
                </itemlayout>
                <focusedlayout width="1920" height="135">
                    <control type="group">
                        <include>ButtonFocusAnimation</include>
                        <control type="image">
                            <posx>0</posx>
                            <posy>0</posy>
                            <height>135</height>
                            <width>1920</width>
                            <colordiffuse>$VAR[Picked.Theme.Color]</colordiffuse>
                            <texture border="1">$VAR[Theme.Color]/list/bg_facade_focus.png</texture>
                        </control>
                        <control type="image">
                            <posx>0</posx>
                            <posy>0</posy>
                            <width>50</width>
                            <height>135</height>
                            <aspectratio>keep</aspectratio>
                            <texture>$VAR[Theme.Color]/wifi/$INFO[ListItem.Property(state)].png</texture>
                        </control>
                        <control type="label">
                            <posx>90</posx>
                            <height>135</height>
                            <width>1640</width>
                            <font>FacadeListMainFont</font>
                            <include>TextColor_MainColor</include>
                            <label>$INFO[ListItem.Label]</label>
                        </control>
                        <control type="image">
                            <visible>!String.IsEmpty(ListItem.Property(encryption))</visible>
                            <posx>1760</posx>
                            <posy>0</posy>
                            <width>50</width>
                            <height>135</height>
                            <aspectratio>keep</aspectratio>
                            <texture>$VAR[Theme.Color]/wifi/aplock.png</texture>
                        </control>
                        <control type="image">
                            <posx>1810</posx>
                            <posy>0</posy>
                            <width>50</width>
                            <height>135</height>
                            <aspectratio>keep</aspectratio>
                            <texture>$VAR[Theme.Color]/wifi/apsignal$INFO[ListItem.Property(signal)].png</texture>
                        </control>
                    </control>
                </focusedlayout>
            </control>
            <control type="scrollbar" id="61">
                <posx>1886</posx>
                <posy>318</posy>
                <height>675</height>
                <include>VerticalScroller</include>
                <onleft>61</onleft>
                <onright>3</onright>
            </control>
        </control>
    </controls>
</window>