<?xml version="1.0" encoding="utf-8"?>
<window type="dialog">
    <defaultcontrol always="true">9001</defaultcontrol>
    <controls>
        <!-- <include>DimBG</include> -->
        <include>TopBar</include>
        <control type="group">
            <include>FacadeFadeDialogs3rdLevelCondition</include>
            <visible>!Window.IsVisible(DialogSelect.xml)</visible>
            <include>Icon_Fade</include>
            <control type="group">
                <include>DialogOpenClose</include>
                <visible>![Window.IsVisible(DialogKeyboard.xml)|Window.IsVisible(DialogNumeric.xml)|Window.IsVisible(DialogOk.xml)]</visible>
                <include>Icon_Fade</include>
                <control type="image">
                    <posx>-200</posx>
                    <posy>240</posy>
                    <width>2320</width>
                    <height>600</height>
                    <include>DialogTransparency</include>
                    <texture border="150,40,150,40">$VAR[Theme.Color]/common/bg_dialog.png</texture>
                </control>
                <control type="image">
                    <posx>100</posx>
                    <posy>232</posy>
                    <width>1720</width>
                    <height>217</height>
                    <texture border="100">$VAR[Theme.Color]/common/bg_list.png</texture>
                </control>
                <control type="image">
                    <posx>100</posx>
                    <posy>676</posy>
                    <width>1720</width>
                    <height>172</height>
                    <texture border="100">$VAR[Theme.Color]/common/bg_list.png</texture>
                </control>
                <control type="label" id="1">
                    <posx>TextMargin</posx>
                    <posy>273</posy>
                    <width>1800</width>
                    <height>135</height>
                    <align>center</align>
                    <font>InfoTitleFont</font>
                    <include>TextColor_MainColor</include>
                </control>
                <include content="ProgressBar">
                    <param name="id" value="20"/>
                    <param name="visible" value="Integer.IsGreater(System.Progressbar,0)"/>
                    <param name="x" value="0"/>
                    <param name="y" value="394"/>
                    <param name="width" value="1920"/>
                    <param name="height" value="14"/>
                    <param name="texturebg" value="OSD/osd_progress_background.png"/>
                    <param name="gfx" value="OSD/osd_progress_mid.png"/>
                    <param name="border" value="1,1,5,1"/>
                    <param name="borderbg" value="1,1,1,1"/>
                    <param name="info" value="System.Progressbar"/>
                </include>
                <control type="textbox" id="9">
                    <posx>480</posx>
                    <posy>452</posy>
                    <width>960</width>
                    <height>170</height>
                    <align>center</align>
                    <label>-</label>
                    <font>InfoDetailsFont</font>
                    <include>TextColor_MainColor</include>
                    <pagecontrol>6060</pagecontrol>
                </control>
                <control type="scrollbar" id="6060">
                    <visible>Skin.HasSetting(ManualScroll)</visible>
                    <posx>1886</posx>
                    <posy>452</posy>
                    <height>170</height>
                    <include>VerticalScroller</include>
                    <onleft>9001</onleft>
                    <onright>9001</onright>
                    <ondown>9001</ondown>
                    <onup>9001</onup>
                </control>
                <control type="grouplist" id="9001">
                    <posx>0</posx>
                    <posy>717</posy>
                    <width>1920</width>
                    <height>90</height>
                    <itemgap>30</itemgap>
                    <aligny>bottom</aligny>
                    <align>center</align>
                    <orientation>horizontal</orientation>
                    <onup>6060</onup>
                    <ondown>6060</ondown>
                    <onleft>6060</onleft>
                    <onright>6060</onright>
                    <control type="button" id="11">
                        <include>ButtonFocusAnimation</include>
                    </control>
                    <control type="button" id="10">
                        <include>ButtonFocusAnimation</include>
                    </control>
                    <control type="button" id="12">
                        <include>ButtonFocusAnimation</include>
                    </control>
                </control>
                <control type="label" id="1">
                    <description>fake heading label</description>
                    <posx>3000</posx>
                    <posy>40</posy>
                    <height>40</height>
                    <width>960</width>
                    <include>TextColor_MainColor</include>
                    <align>center</align>
                    <font>-</font>
                </control>
            </control>
        </control>
    </controls>
</window>
