<?xml version="1.0" encoding="utf-8"?>
<window type="dialog">
    <defaultcontrol>9001</defaultcontrol>
    <controls>
        <!-- <include>DimBG</include> -->
        <include>TopBar</include>
        <control type="group">
            <include>FacadeFadeDialogs2ndLevelCondition</include>
            <include>Icon_Fade</include>
            <control type="group">
                <include>DialogOpenClose</include>
                <control type="image">
                    <posx>-760</posx>
                    <posy>150</posy>
                    <width>2930</width>
                    <height>876</height>
                    <include>DialogTransparency</include>
                    <texture border="150,40,150,40">$VAR[Theme.Color]/common/bg_dialog.png</texture>
                </control>
                <control type="image">
                    <posx>100</posx>
                    <posy>142</posy>
                    <width>1720</width>
                    <height>217</height>
                    <texture border="100">$VAR[Theme.Color]/common/bg_list.png</texture>
                </control>
                <control type="image">
                    <posx>100</posx>
                    <posy>823</posy>
                    <width>1720</width>
                    <height>211</height>
                    <texture border="100">$VAR[Theme.Color]/common/bg_list.png</texture>
                </control>
                <control type="label" id="2">
                    <posx>TextMargin</posx>
                    <posy>183</posy>
                    <width>1800</width>
                    <height>135</height>
                    <align>center</align>
                    <font>InfoTitleFont</font>
                    <include>TextColor_MainColor</include>
                    <label>-</label>
                </control>
                <control type="grouplist" id="5">
                    <posx>0</posx>
                    <posy>318</posy>
                    <width>1920</width>
                    <height>546</height>
                    <itemgap>0</itemgap>
                    <pagecontrol>60</pagecontrol>
                    <onup>5</onup>
                    <ondown>9001</ondown>
                    <onleft>5</onleft>
                    <onright>60</onright>
                </control>
                <control type="button" id="7">
                    <width>1920</width>
                    <include>LeftMenuButtonWide</include>
                </control>
                <control type="radiobutton" id="8">
                    <width>1920</width>
                    <radioposx>1806</radioposx>
                    <textwidth>1700</textwidth>
                    <include>LeftMenuButtonWide</include>
                </control>
                <control type="spincontrolex" id="9">
                    <width>1920</width>
                    <include>LeftMenuButtonWide</include>
                </control>
                <control type="image" id="11">
                    <description>separator image</description>
                    <width>1800</width>
                    <height>1</height>
                    <texture border="150,0,150,0">$VAR[Theme.Color]/list/bg_facade_separator.png</texture>
                </control>
                <control type="edit" id="12">
                    <description>Default Edit</description>
                    <width>1920</width>
                    <include>LeftMenuButtonWide</include>
                </control>
                <control type="sliderex" id="13">
                    <width>1920</width>
                    <include>LeftMenuButtonWide</include>
                </control>
                <control type="label" id="14">
                    <description>Default Label</description>
                    <label>-</label>
                    <width>1800</width>
                    <textoffsety>40</textoffsety>
                    <aligny>top</aligny>
                    <font>LeftMenuTitleFont</font>
                    <include>TextColor_AlternateColor</include>
                    <include>LeftMenuButtonWide</include>
                </control>
                <control type="scrollbar" id="60">
                    <posx>1886</posx>
                    <posy>318</posy>
                    <height>546</height>
                    <onleft>5</onleft>
                    <onright>5</onright>
                    <include>VerticalScroller</include>
                </control>
                <control type="grouplist" id="9001">
                    <posx>TextMargin</posx>
                    <posy>864</posy>
                    <width>1800</width>
                    <height>129</height>
                    <itemgap>30</itemgap>
                    <aligny>bottom</aligny>
                    <align>center</align>
                    <orientation>horizontal</orientation>
                    <onup>5</onup>
                    <ondown>9001</ondown>
                    <onleft>9001</onleft>
                    <onright>9001</onright>
                    <control type="button" id="28">
                        <height>129</height>
                        <include>ButtonFocusAnimation</include>
                    </control>
                    <control type="button" id="29">
                        <height>129</height>
                        <include>ButtonFocusAnimation</include>
                    </control>
                    <control type="button" id="30">
                        <height>129</height>
                        <include>ButtonFocusAnimation</include>
                    </control>
                </control>
            </control>
        </control>
    </controls>
</window>
