<?xml version="1.0" encoding="utf-8"?>
<window>
    <defaultcontrol always="true">21</defaultcontrol>
    <controls>
        <!-- <include>DimBG</include> -->
        <include>TopBar</include>
        <control type="group">
            <control type="group">
                <include>DialogOpenClose</include>
                <posy>-30</posy>
                <control type="image">
                    <posx>-200</posx>
                    <posy>240</posy>
                    <width>2320</width>
                    <height>660</height>
                    <include>DialogTransparency</include>
                    <texture border="150,40,150,40">$VAR[Theme.Color]/common/bg_dialog.png</texture>
                </control>
                <control type="image">
                    <posx>100</posx>
                    <posy>232</posy>
                    <width>1720</width>
                    <height>217</height>
                    <texture border="100">$VAR[Theme.Color]/common/bg_list.png</texture>
                </control>
                <control type="image">
                    <posx>100</posx>
                    <posy>455</posy>
                    <width>1720</width>
                    <height>453</height>
                    <texture border="100">$VAR[Theme.Color]/common/bg_list.png</texture>
                </control>
                <control type="label" id="1">
                    <posx>TextMargin</posx>
                    <posy>273</posy>
                    <width>1800</width>
                    <height>135</height>
                    <align>center</align>
                    <font>InfoTitleFont</font>
                    <include>TextColor_MainColor</include>
                </control>
                <control type="label" id="4">
                    <posx>TextMargin</posx>
                    <posy>408</posy>
                    <width>1800</width>
                    <height>87</height>
                    <align>center</align>
                    <include>TextColor_MainColor</include>
                    <font>InfoDetailsFont</font>
                    <scroll>true</scroll>
                </control>
                <control type="group">
                    <left>829</left>
                    <top>525</top>
                    <control type="button" id="11">
                        <description>1 button</description>
                        <posx>0</posx>
                        <posy>0</posy>
                        <label>$LOCALIZE[12311]</label>
                        <onleft>23</onleft>
                        <onright>12</onright>
                        <onup>20</onup>
                        <ondown>14</ondown>
                        <include>KeyboardButtons</include>
                    </control>
                    <control type="button" id="12">
                        <description>2 button</description>
                        <posx>90</posx>
                        <posy>0</posy>
                        <label>$LOCALIZE[12312]</label>
                        <onleft>11</onleft>
                        <onright>13</onright>
                        <onup>10</onup>
                        <ondown>15</ondown>
                        <include>KeyboardButtons</include>
                    </control>
                    <control type="button" id="13">
                        <description>3 button</description>
                        <posx>180</posx>
                        <posy>0</posy>
                        <label>$LOCALIZE[12313]</label>
                        <onleft>12</onleft>
                        <onright>21</onright>
                        <onup>22</onup>
                        <ondown>16</ondown>
                        <include>KeyboardButtons</include>
                    </control>
                    <control type="button" id="14">
                        <description>4 button</description>
                        <posx>0</posx>
                        <posy>78</posy>
                        <label>$LOCALIZE[12314]</label>
                        <onleft>23</onleft>
                        <onright>15</onright>
                        <onup>11</onup>
                        <ondown>17</ondown>
                        <include>KeyboardButtons</include>
                    </control>
                    <control type="button" id="15">
                        <description>5 button</description>
                        <posx>90</posx>
                        <posy>78</posy>
                        <label>$LOCALIZE[12315]</label>
                        <onleft>14</onleft>
                        <onright>16</onright>
                        <onup>12</onup>
                        <ondown>18</ondown>
                        <include>KeyboardButtons</include>
                    </control>
                    <control type="button" id="16">
                        <description>6 button</description>
                        <posx>180</posx>
                        <posy>78</posy>
                        <label>$LOCALIZE[12316]</label>
                        <onleft>15</onleft>
                        <onright>21</onright>
                        <onup>13</onup>
                        <ondown>19</ondown>
                        <include>KeyboardButtons</include>
                    </control>
                    <control type="button" id="17">
                        <description>7 button</description>
                        <posx>0</posx>
                        <posy>156</posy>
                        <label>$LOCALIZE[12317]</label>
                        <onleft>23</onleft>
                        <onright>18</onright>
                        <onup>14</onup>
                        <ondown>20</ondown>
                        <include>KeyboardButtons</include>
                    </control>
                    <control type="button" id="18">
                        <description>8 button</description>
                        <posx>90</posx>
                        <posy>156</posy>
                        <label>$LOCALIZE[12318]</label>
                        <onleft>17</onleft>
                        <onright>19</onright>
                        <onup>15</onup>
                        <ondown>10</ondown>
                        <include>KeyboardButtons</include>
                    </control>
                    <control type="button" id="19">
                        <description>9 button</description>
                        <posx>180</posx>
                        <posy>156</posy>
                        <label>$LOCALIZE[12319]</label>
                        <onleft>18</onleft>
                        <onright>21</onright>
                        <onup>16</onup>
                        <ondown>22</ondown>
                        <include>KeyboardButtons</include>
                    </control>
                    <control type="button" id="20">
                        <description>previous button</description>
                        <posx>0</posx>
                        <posy>234</posy>
                        <label>&lt;-</label>
                        <onleft>23</onleft>
                        <onright>10</onright>
                        <onup>17</onup>
                        <ondown>11</ondown>
                        <include>KeyboardButtons</include>
                    </control>
                    <control type="button" id="10">
                        <description>0 button</description>
                        <posx>90</posx>
                        <posy>234</posy>
                        <label>$LOCALIZE[12310]</label>
                        <onleft>20</onleft>
                        <onright>22</onright>
                        <onup>18</onup>
                        <ondown>12</ondown>
                        <include>KeyboardButtons</include>
                    </control>
                    <control type="button" id="22">
                        <description>next button</description>
                        <posx>180</posx>
                        <posy>234</posy>
                        <label>-&gt;</label>
                        <onleft>10</onleft>
                        <onright>21</onright>
                        <onup>19</onup>
                        <ondown>13</ondown>
                        <include>KeyboardButtons</include>
                    </control>
                    <control type="button" id="23">
                        <description>BACKSPACE button</description>
                        <posx>-236</posx>
                        <posy>234</posy>
                        <width>236</width>
                        <onleft>21</onleft>
                        <onright>20</onright>
                        <onup>14</onup>
                        <ondown>11</ondown>
                        <font>SmallButtonFont</font>
                        <include>KeyboardButtons</include>
                        <label>20181</label>
                    </control>
                    <control type="button" id="21">
                        <posx>262</posx>
                        <posy>234</posy>
                        <width>236</width>
                        <label>$LOCALIZE[20177]</label>
                        <onleft>22</onleft>
                        <onright>23</onright>
                        <onup>16</onup>
                        <ondown>13</ondown>
                        <font>SmallButtonFont</font>
                        <include>KeyboardButtons</include>
                    </control>
                </control>
            </control>
        </control>
    </controls>
</window>
