<?xml version="1.0" encoding="utf-8"?>
<window type="window">
    <defaultcontrol>3</defaultcontrol>
    <controls>
        <!-- <include>DimBG</include> -->
        <include>TopBar</include>
        <control type="group">
            <include>FacadeFadeDialogs3rdLevelCondition</include>
            <include>Icon_Fade</include>
            <control type="group">
                <include>DialogOpenClose</include>
                <control type="image">
                    <posx>-760</posx>
                    <posy>150</posy>
                    <width>2930</width>
                    <height>876</height>
                    <include>DialogTransparency</include>
                    <texture border="150,40,150,40">$VAR[Theme.Color]/common/bg_dialog.png</texture>
                </control>
                <control type="image">
                    <posx>100</posx>
                    <posy>142</posy>
                    <width>1720</width>
                    <height>217</height>
                    <texture border="100">$VAR[Theme.Color]/common/bg_list.png</texture>
                </control>
                <control type="image">
                    <posx>100</posx>
                    <posy>823</posy>
                    <width>1720</width>
                    <height>211</height>
                    <texture border="100">$VAR[Theme.Color]/common/bg_list.png</texture>
                </control>
                <control type="label" id="1">
                    <posx>TextMargin</posx>
                    <posy>183</posy>
                    <width>1800</width>
                    <height>105</height>
                    <align>center</align>
                    <font>InfoTitleFont</font>
                    <include>TextColor_MainColor</include>
                </control>
                <control type="label">
                    <visible>control.isvisible(6)</visible>
                    <posx>TextMargin</posx>
                    <posy>270</posy>
                    <width>1800</width>
                    <height>35</height>
                    <align>center</align>
                    <font>InfoTitleSubFont</font>
                    <include>TextColor_MainColor</include>
                    <label>$INFO[Container(6).NumItems,, $LOCALIZE[31025]]</label>
                </control>
                <control type="label">
                    <visible>control.isvisible(3)</visible>
                    <posx>TextMargin</posx>
                    <posy>270</posy>
                    <width>1800</width>
                    <height>35</height>
                    <align>center</align>
                    <font>InfoTitleSubFont</font>
                    <include>TextColor_MainColor</include>
                    <label>$INFO[Container(3).NumItems,, $LOCALIZE[31025]]</label>
                </control>
                <control type="label" id="4">
                    <description>No Settings Label</description>
                    <posx>TextMargin</posx>
                    <posy>318</posy>
                    <width>1800</width>
                    <height>78</height>
                    <align>center</align>
                    <font>FacadeListMainFont</font>
                    <include>TextColor_AlternateColor</include>
                </control>
                <control type="list" id="6">
                    <posx>0</posx>
                    <posy>318</posy>
                    <width>1920</width>
                    <height>546</height>
                    <itemgap>0</itemgap>
                    <orientation>vertical</orientation>
                    <onleft>6</onleft>
                    <onright>60</onright>
                    <onup>6</onup>
                    <ondown>9001</ondown>
                    <pagecontrol>60</pagecontrol>
                    <itemlayout width="1920" height="135">
                        <control type="label">
                            <visible>String.IsEqual(ListItem.Label2,)</visible>
                            <posx>305</posx>
                            <height>135</height>
                            <width>1370</width>
                            <font>FacadeListMainFont</font>
                            <include>TextColor_AlternateColor</include>
                            <label>$INFO[ListItem.Label]$INFO[ListItem.Label2,     ]</label>
                        </control>
                        <control type="label">
                            <visible>!String.IsEqual(ListItem.Label2,)</visible>
                            <posx>305</posx>
                            <posy>27</posy>
                            <aligny>top</aligny>
                            <width>1370</width>
                            <font>FacadeListMainFont</font>
                            <include>TextColor_AlternateColor</include>
                            <label>$INFO[ListItem.Label]</label>
                        </control>
                        <control type="label">
                            <visible>!String.IsEqual(ListItem.Label2,)</visible>
                            <posx>305</posx>
                            <posy>73</posy>
                            <aligny>top</aligny>
                            <width>1370</width>
                            <font>FacadeListSubFont</font>
                            <include>TextColor_AlternateColor</include>
                            <label>$INFO[ListItem.Label2]</label>
                        </control>
                    </itemlayout>
                    <focusedlayout width="1920" height="276">
                        <control type="group">
                            <include>ButtonWideFocusAnimation</include>
                            <control type="image">
                                <posx>0</posx>
                                <posy>0</posy>
                                <height>276</height>
                                <width>1920</width>
                                <colordiffuse>$VAR[Picked.Theme.Color]</colordiffuse>
                                <texture border="1">$VAR[Theme.Color]/list/bg_facade_focus.png</texture>
                            </control>
                            <control type="image">
                                <visible>[String.IsEmpty(ListItem.Icon)+String.IsEmpty(ListItem.thumb)+String.IsEmpty(ListItem.Art(thumb))]</visible>
                                <posx>60</posx>
                                <posy>35</posy>
                                <width>200</width>
                                <height>200</height>
                                <aspectratio>keep</aspectratio>
                                <include>SquareThumb</include>
                            </control>
                            <control type="image">
                                <visible>!ListItem.IsParentFolder</visible>
                                <posx>25</posx>
                                <posy>0</posy>
                                <width>276</width>
                                <height>276</height>
                                <aspectratio>keep</aspectratio>
                                <texture background="true">$INFO[Listitem.Icon]</texture>
                                <include>ThumbBorder</include>
                            </control>
                            <control type="label">
                                <posx>305</posx>
                                <posy>25</posy>
                                <width>1191</width>
                                <aligny>top</aligny>
                                <font>InfoTitleFont</font>
                                <include>TextColor_MainColor</include>
                                <scroll>true</scroll>
                                <label>$INFO[ListItem.Label]</label>
                            </control>
                            <control type="image">
                                <description>Default Seperator</description>
                                <posx>205</posx>
                                <posy>96</posy>
                                <width>1391</width>
                                <height>1</height>
                                <texture border="150,0,150,0">$VAR[Theme.Color]/list/bg_facade_separator.png</texture>
                            </control>
                            <control type="group">
                                <posx>245</posx>
                                <posy>35</posy>
                                <control type="label">
                                    <posx>TextMargin</posx>
                                    <posy>65</posy>
                                    <width>565</width>
                                    <height>71</height>
                                    <font>InfoDetailsFont</font>
                                    <include>TextColor_MainColor</include>
                                    <scroll>true</scroll>
                                    <label>$INFO[ListItem.Label2,,     ]$INFO[ListItem.AddonVersion,$LOCALIZE[24051] ]</label>
                                </control>
                                <control type="label">
                                    <posx>TextMargin</posx>
                                    <posy>138</posy>
                                    <width>565</width>
                                    <height>71</height>
                                    <font>InfoDetailsFont</font>
                                    <include>TextColor_MainColor</include>
                                    <scroll>true</scroll>
                                    <label>$INFO[ListItem.AddonCreator,$LOCALIZE[21863]: ]</label>
                                </control>
                                <control type="textbox">
                                    <posx>685</posx>
                                    <posy>80</posy>
                                    <width>535</width>
                                    <height>125</height>
                                    <font>InfoPlotFont</font>
                                    <include>TextColor_MainColor</include>
                                    <label>$INFO[ListItem.AddonSummary]</label>
                                    <include>myautoscroll</include>
                                </control>
                            </control>
                            <control type="image">
                                <visible>!ListItem.IsParentFolder</visible>
                                <posx>1459</posx>
                                <posy>0</posy>
                                <width>436</width>
                                <height>276</height>
                                <aspectratio>keep</aspectratio>
                                <texture background="true">$INFO[ListItem.Art(fanart)]</texture>
                                <include>ThumbBorder</include>
                            </control>
                        </control>
                    </focusedlayout>
                </control>
                <control type="scrollbar" id="60">
                    <visible>Control.IsVisible(6)</visible>
                    <posx>1886</posx>
                    <posy>318</posy>
                    <height>546</height>
                    <include>VerticalScroller</include>
                    <onleft>6</onleft>
                    <onright>6</onright>
                </control>
                <control type="list" id="3">
                    <posx>0</posx>
                    <posy>318</posy>
                    <width>1920</width>
                    <height>546</height>
                    <itemgap>0</itemgap>
                    <orientation>vertical</orientation>
                    <onleft>3</onleft>
                    <onright>61</onright>
                    <onup>3</onup>
                    <ondown>9001</ondown>
                    <pagecontrol>61</pagecontrol>
                    <itemlayout width="1920" height="78">
                        <control type="label">
                            <posx>TextMargin</posx>
                            <height>78</height>
                            <width>1800</width>
                            <align>center</align>
                            <font>FacadeListMainFont</font>
                            <include>TextColor_AlternateColor</include>
                            <label>$INFO[ListItem.Label]</label>
                        </control>
                    </itemlayout>
                    <focusedlayout width="1920" height="78">
                        <control type="group">
                            <include>ButtonWideFocusAnimation</include>
                            <control type="image">
                                <posx>0</posx>
                                <posy>0</posy>
                                <height>78</height>
                                <width>1920</width>
                                <colordiffuse>$VAR[Picked.Theme.Color]</colordiffuse>
                                <texture border="1">$VAR[Theme.Color]/list/bg_facade_focus.png</texture>
                            </control>
                            <control type="label">
                                <posx>TextMargin</posx>
                                <height>78</height>
                                <width>1800</width>
                                <align>center</align>
                                <font>FacadeListMainFont</font>
                                <include>TextColor_MainColor</include>
                                <label>$INFO[ListItem.Label]</label>
                            </control>
                        </control>
                    </focusedlayout>
                </control>
                <control type="scrollbar" id="61">
                    <visible>Control.IsVisible(3)</visible>
                    <posx>1886</posx>
                    <posy>318</posy>
                    <height>546</height>
                    <include>VerticalScroller</include>
                    <onleft>3</onleft>
                    <onright>3</onright>
                    <ondown>9001</ondown>
                </control>
                <control type="grouplist" id="9001">
                    <posx>TextMargin</posx>
                    <posy>864</posy>
                    <width>1800</width>
                    <height>129</height>
                    <itemgap>30</itemgap>
                    <aligny>bottom</aligny>
                    <align>center</align>
                    <orientation>horizontal</orientation>
                    <onup>6</onup>
                    <ondown>9001</ondown>
                    <onleft>9001</onleft>
                    <onright>9001</onright>
                    <control type="button" id="5">
                        <include>ButtonFocusAnimation</include>
                        <height>129</height>
                    </control>
                    <control type="button" id="7">
                        <include>ButtonFocusAnimation</include>
                        <height>129</height>
                    </control>
                </control>
            </control>
        </control>
    </controls>
</window>
