<?xml version="1.0" encoding="utf-8"?>
<window type="dialog">
    <defaultcontrol always="true">9</defaultcontrol>
    <controls>
        <!-- <include>DimBG</include> -->
        <include>TopBar</include>
        <control type="group">
            <include>FacadeFadeDialogs2ndLevelCondition</include>
            <include>Icon_Fade</include>
            <control type="group">
                <include>DialogOpenClose</include>
                <control type="image">
                    <posx>-760</posx>
                    <posy>150</posy>
                    <width>2930</width>
                    <height>876</height>
                    <include>DialogTransparency</include>
                    <texture border="150,40,150,40">$VAR[Theme.Color]/common/bg_dialog.png</texture>
                </control>
                <control type="image">
                    <posx>100</posx>
                    <posy>142</posy>
                    <width>1720</width>
                    <height>217</height>
                    <texture border="100">$VAR[Theme.Color]/common/bg_list.png</texture>
                </control>
                <control type="image">
                    <posx>100</posx>
                    <posy>365</posy>
                    <width>1720</width>
                    <height>747</height>
                    <texture border="100">$VAR[Theme.Color]/common/bg_list.png</texture>
                </control>
                <control type="image">
                    <posx>100</posx>
                    <posy>862</posy>
                    <width>1720</width>
                    <height>172</height>
                    <texture border="100">$VAR[Theme.Color]/common/bg_list.png</texture>
                </control>
                <control type="label">
                    <posx>TextMargin</posx>
                    <posy>183</posy>
                    <width>1800</width>
                    <height>105</height>
                    <align>center</align>
                    <font>InfoTitleFont</font>
                    <include>TextColor_MainColor</include>
                    <label>$LOCALIZE[19142]</label>
                </control>
                <control type="label">
                    <posx>TextMargin</posx>
                    <posy>270</posy>
                    <width>1800</width>
                    <height>35</height>
                    <align>center</align>
                    <font>InfoTitleSubFont</font>
                    <include>TextColor_MainColor</include>
                    <label>$LOCALIZE[19001] $LOCALIZE[19002]</label>
                </control>
                <control type="edit" id="9">
                    <posx>TextMargin</posx>
                    <posy>318</posy>
                    <height>88</height>
                    <align>center</align>
                    <width>1800</width>
                    <include>LeftMenuButtonWide</include>
                    <onleft>9</onleft>
                    <onright>9</onright>
                    <onup>9</onup>
                    <ondown>10</ondown>
                </control>
                <control type="grouplist" id="9000">
                    <posx>0</posx>
                    <posy>406</posy>
                    <width>1920</width>
                    <height>497</height>
                    <itemgap>0</itemgap>
                    <onup>9</onup>
                    <ondown>9001</ondown>
                    <pagecontrol>60</pagecontrol>
                    <orientation>vertical</orientation>
                    <control type="radiobutton" id="10">
                        <description>Include Description</description>
                        <width>1920</width>
                        <height>71</height>
                        <radioposx>1806</radioposx>
                        <textwidth>1700</textwidth>
                        <label>$LOCALIZE[19134]</label>
                        <include>LeftMenuButtonWide</include>
                    </control>
                    <control type="radiobutton" id="11">
                        <description>Case Sensitive</description>
                        <width>1920</width>
                        <height>71</height>
                        <radioposx>1806</radioposx>
                        <textwidth>1700</textwidth>
                        <include>LeftMenuButtonWide</include>
                        <label>$LOCALIZE[19135]</label>
                    </control>
                    <control type="edit" id="14">
                        <description>Start Date</description>
                        <width>1920</width>
                        <height>71</height>
                        <include>LeftMenuButtonWide</include>
                        <label>$LOCALIZE[19128]</label>
                    </control>
                    <control type="edit" id="15">
                        <description>Stop Date</description>
                        <width>1920</width>
                        <height>71</height>
                        <include>LeftMenuButtonWide</include>
                        <label>$LOCALIZE[19129]</label>
                    </control>
                    <control type="spincontrolex" id="18">
                        <description>Genre</description>
                        <width>1920</width>
                        <height>71</height>
                        <include>LeftMenuButtonWide</include>
                        <label>$LOCALIZE[515]</label>
                    </control>
                    <control type="radiobutton" id="20">
                        <description>Include unknown Genres</description>
                        <width>1920</width>
                        <height>71</height>
                        <radioposx>1806</radioposx>
                        <textwidth>1700</textwidth>
                        <include>LeftMenuButtonWide</include>
                        <label>$LOCALIZE[19132]</label>
                    </control>
                    <control type="radiobutton" id="22">
                        <description>FTA only</description>
                        <width>1920</width>
                        <height>71</height>
                        <radioposx>1806</radioposx>
                        <textwidth>1700</textwidth>
                        <include>LeftMenuButtonWide</include>
                        <label>$LOCALIZE[19123]</label>
                    </control>
                    <control type="radiobutton" id="24">
                        <description>Ignore Timers</description>
                        <width>1920</width>
                        <height>71</height>
                        <radioposx>1806</radioposx>
                        <textwidth>1700</textwidth>
                        <include>LeftMenuButtonWide</include>
                        <label>$LOCALIZE[19124]</label>
                    </control>
                    <control type="spincontrolex" id="12">
                        <description>Min Duration</description>
                        <width>1920</width>
                        <height>71</height>
                        <include>LeftMenuButtonWide</include>
                        <label>$LOCALIZE[19130]</label>
                    </control>
                    <control type="spincontrolex" id="13">
                        <description>Max Duration</description>
                        <width>1920</width>
                        <height>71</height>
                        <include>LeftMenuButtonWide</include>
                        <label>$LOCALIZE[19131]</label>
                    </control>
                    <control type="edit" id="16">
                        <description>Start time</description>
                        <width>1920</width>
                        <height>71</height>
                        <include>LeftMenuButtonWide</include>
                        <label>$LOCALIZE[19126]</label>
                    </control>
                    <control type="edit" id="17">
                        <description>Stop time</description>
                        <width>1920</width>
                        <height>71</height>
                        <include>LeftMenuButtonWide</include>
                        <label>$LOCALIZE[19127]</label>
                    </control>
                    <control type="radiobutton" id="19">
                        <description>avoid repeats</description>
                        <width>1920</width>
                        <height>71</height>
                        <radioposx>1806</radioposx>
                        <textwidth>1700</textwidth>
                        <include>LeftMenuButtonWide</include>
                        <label>$LOCALIZE[19121]</label>
                    </control>
                    <control type="spincontrolex" id="21">
                        <description>Groups</description>
                        <width>1920</width>
                        <height>71</height>
                        <include>LeftMenuButtonWide</include>
                        <label>$LOCALIZE[19141]</label>
                    </control>
                    <control type="spincontrolex" id="23">
                        <description>Channels</description>
                        <width>1920</width>
                        <height>71</height>
                        <include>LeftMenuButtonWide</include>
                        <label>$LOCALIZE[19148]</label>
                    </control>
                    <control type="radiobutton" id="27">
                        <description>Ignore Recordings</description>
                        <width>1920</width>
                        <height>71</height>
                        <radioposx>1806</radioposx>
                        <textwidth>1700</textwidth>
                        <include>LeftMenuButtonWide</include>
                        <label>$LOCALIZE[19125]</label>
                    </control>
                </control>
                <control type="scrollbar" id="60">
                    <posx>1886</posx>
                    <posy>406</posy>
                    <height>497</height>
                    <include>VerticalScroller</include>
                    <onleft>9000</onleft>
                    <onright>60</onright>
                    <ondown>60</ondown>
                    <onup>60</onup>
                </control>
                <control type="grouplist" id="9001">
                    <posx>TextMargin</posx>
                    <posy>903</posy>
                    <width>1800</width>
                    <height>90</height>
                    <itemgap>30</itemgap>
                    <aligny>bottom</aligny>
                    <align>center</align>
                    <orientation>horizontal</orientation>
                    <onup>9000</onup>
                    <ondown>9001</ondown>
                    <onleft>9000</onleft>
                    <onright>9001</onright>
                    <control type="button" id="28">
                        <description>Default Buttons</description>
                        <include>ButtonFocusAnimation</include>
                        <label>$LOCALIZE[409]</label>
                    </control>
                    <control type="button" id="25">
                        <description>Cancel Button</description>
                        <include>ButtonFocusAnimation</include>
                        <label>$LOCALIZE[222]</label>
                    </control>
                    <control type="button" id="26">
                        <description>Search Button</description>
                        <include>ButtonFocusAnimation</include>
                        <label>$LOCALIZE[137]</label>
                    </control>
                </control>
            </control>
        </control>
    </controls>
</window>
