<?xml version="1.0" encoding="UTF-8"?>
<window>
    <defaultcontrol always="true">570</defaultcontrol>
    <menucontrol>9000</menucontrol>
    <onload condition="!Skin.HasSetting(FirstTimeRun)">ActivateWindow(1112)</onload>
    <views>570</views>
    <controls>
        <include condition="!Skin.HasSetting(DisableFanart)">Fanart_Art</include>
        <include>Player_Show</include>
        <include>OverlayFull</include>
        <include>InfoBackground</include>
        <control type="group">
            <animation effect="slide" tween="circle" easing="out" time="250" start="0,0" end="660,0" condition="[ControlGroup(9000).HasFocus()|Control.HasFocus(8999)|Control.HasFocus(9060)]">conditional</animation>
            <animation effect="slide" tween="circle" easing="out" time="250" start="0,0" end="-2090,0" condition="Control.HasFocus(505050)">conditional</animation>
            <include>OpenClose</include>
            <control type="group">
                <include>FacadeFadeDialogs</include>
                <include>ScrollOffsetLabel_50</include>
                <control type="image">
                    <posx>0</posx>
                    <posy>142</posy>
                    <width>1920</width>
                    <height>892</height>
                    <texture border="100">$VAR[Theme.Color]/common/bg_list.png</texture>
                </control>
                <control type="list" id="570">
                    <posx>0</posx>
                    <posy>183</posy>
                    <width>1920</width>
                    <height>810</height>
                    <onleft>9000</onleft>
                    <onright>60</onright>
                    <onup>570</onup>
                    <ondown>570</ondown>
                    <viewtype label="535">list</viewtype>
                    <pagecontrol>60</pagecontrol>
                    <itemlayout height="135" width="1920">
                        <include>50_RecOverlayNoFocus</include>
                        <control type="label">
                            <posx>455</posx>
                            <posy>27</posy>
                            <aligny>top</aligny>
                            <width>1345</width>
                            <font>FacadeListMainFont</font>
                            <include>TextColor_AlternateColor</include>
                            <label>$INFO[ListItem.Label]</label>
                        </control>
                        <control type="label">
                            <posx>455</posx>
                            <posy>73</posy>
                            <aligny>top</aligny>
                            <width>1345</width>
                            <font>FacadeListSubFont</font>
                            <include>TextColor_AlternateColor</include>
                            <label>$INFO[ListItem.Label2]</label>
                        </control>
                    </itemlayout>
                    <focusedlayout height="405" width="1920">
                        <control type="group">
                            <include>ListFocusAnimation</include>
                            <control type="image">
                                <posx>0</posx>
                                <posy>0</posy>
                                <height>405</height>
                                <width>1920</width>
                                <colordiffuse>$VAR[Picked.Theme.Color]</colordiffuse>
                                <texture border="1">$VAR[Theme.Color]/list/bg_facade_focus.png</texture>
                            </control>
                            <control type="image">
                                <visible>[String.IsEmpty(ListItem.thumb)|String.IsEmpty(ListItem.Art(thumb))]</visible>
                                <posx>60</posx>
                                <posy>35</posy>
                                <width>335</width>
                                <height>335</height>
                                <aspectratio>keep</aspectratio>
                                <include>SquareThumb</include>
                            </control>
                            <control type="image">
                                <include>PulseThumb</include>
                                <posx>25</posx>
                                <posy>0</posy>
                                <width>405</width>
                                <height>405</height>
                                <aspectratio>keep</aspectratio>
                                <include>SquareThumbBig</include>
                                <include>ThumbBorder</include>
                            </control>
                            <control type="label">
                                <posx>455</posx>
                                <posy>25</posy>
                                <width>1345</width>
                                <aligny>top</aligny>
                                <font>InfoTitleFont</font>
                                <include>TextColor_MainColor</include>
                                <!-- <scroll>false</scroll> -->
                                <label>$INFO[ListItem.Label]</label>
                            </control>
                            <control type="image">
                                <description>Default Seperator</description>
                                <posx>355</posx>
                                <posy>96</posy>
                                <width>1570</width>
                                <height>1</height>
                                <texture border="150,0,150,0">$VAR[Theme.Color]/list/bg_facade_separator.png</texture>
                            </control>
                            <control type="group">
                                <posx>395</posx>
                                <posy>35</posy>
                                <control type="label">
                                    <posx>TextMargin</posx>
                                    <posy>65</posy>
                                    <width>670</width>
                                    <height>71</height>
                                    <font>InfoDetailsFont</font>
                                    <include>TextColor_MainColor</include>
                                    <scroll>false</scroll>
                                    <label>$INFO[ListItem.Label2]</label>
                                </control>
                                <control type="textbox">
                                    <visible>Skin.HasSetting(plexbmc)+Container.Content(Artists)</visible>
                                    <posx>TextMargin</posx>
                                    <posy>80</posy>
                                    <width>1355</width>
                                    <height>250</height>
                                    <font>InfoPlotFont</font>
                                    <include>TextColor_MainColor</include>
                                    <label>$INFO[ListItem.Property(Event.Description)]</label>
                                    <include>myautoscroll</include>
                                </control>
                            </control>
                        </control>
                    </focusedlayout>
                </control>
                <control type="scrollbar" id="60">
                    <posx>1886</posx>
                    <posy>183</posy>
                    <height>810</height>
                    <include>VerticalScroller</include>
                    <onleft>570</onleft>
                    <onright>505050</onright>
                </control>
            </control>
        </control>
        <control type="label">
            <include>OpenClose</include>
            <include>WindowTitle</include>
            <label>$VAR[GlobalSubTitles]</label>
        </control>
        <control type="label">
            <include>OpenClose</include>
            <include>WindowTitleSub</include>
            <label>$INFO[Container.NumItems,, $LOCALIZE[31025]]$INFO[Container.CurrentPage,  -  ]$INFO[Container.NumPages,/]</label>
        </control>
        <include>FooterInfo</include>
        <include>Time</include>
        <!-- SIDE MENU -->
        <control type="group">
            <visible>!Skin.HasSetting(EnableKioskMode)</visible>
            <include>LeftMenu</include>
            <include>Icon_Fade</include>
            <control type="grouplist" id="9000">
                <include>LeftMenuButtonGroup</include>
                <onright>570</onright>
                <ondown>9000</ondown>
                <onback>570</onback>
                <control type="label" id="200">
                    <include>LeftMenuTitleLabel</include>
                    <label>$LOCALIZE[582]</label>
                </control>
                <control type="togglebutton" id="4">
                    <description>Sort asc</description>
                    <label>$LOCALIZE[21429]:  $LOCALIZE[21430]</label>
                    <altlabel>$LOCALIZE[21429]:  $LOCALIZE[21431]</altlabel>
                    <include>LeftMenuButton</include>
                </control>
                <control type="label" id="201">
                    <include>LeftMenuTitleLabel</include>
                    <include>LeftMenuButton</include>
                    <label>$LOCALIZE[1034]</label>
                </control>
                <control type="button" id="21">
                    <description>Level button</description>
                    <include>LeftMenuButton</include>
                    <label>-</label>
                </control>
                <control type="radiobutton" id="22">
                    <description>Only show current level</description>
                    <include>LeftMenuButton</include>
                    <label>-</label>
                </control>
                <control type="button" id="20">
                    <description>Clear button</description>
                    <include>LeftMenuButton</include>
                    <label>192</label>
                </control>
            </control>
            <include>LeftMenuScroller</include>
        </control>
    </controls>
</window>
