<?xml version="1.0" encoding="utf-8"?>
<includes>
    <include name="PVRLeftMenu">
        <control type="group">
            <include>LeftMenu</include>
            <include>FacadeFadeDialogs</include>
            <include>Icon_Fade</include>
            <control type="grouplist" id="9000">
                <include>LeftMenuButtonGroup</include>
                <onright>50</onright>
                <ondown>9000</ondown>
                <onback>50</onback>
                <control type="label" id="7965">
                    <include>LeftMenuTitleLabel</include>
                    <label>$LOCALIZE[33063]</label>
                </control>
                <control type="button" id="100">
                    <description>Channels</description>
                    <label>19019</label>
                    <onclick condition="Window.IsActive(TVChannels) | Window.IsActive(RadioChannels)">NextChannelGroup</onclick>
                    <onclick condition="String.IsEmpty(Window.Property(IsRadio))">ActivateWindow(TVChannels)</onclick>
                    <onclick condition="!String.IsEmpty(Window.Property(IsRadio))">ActivateWindow(RadioChannels)</onclick>
                    <include>LeftMenuButton</include>
                </control>
                <control type="button" id="101">
                    <description>TV Guide</description>
                    <label>22020</label>
                    <onclick condition="Window.IsActive(TVGuide) | Window.IsActive(RadioGuide)">NextChannelGroup</onclick>
                    <onclick condition="String.IsEmpty(Window.Property(IsRadio))">ActivateWindow(TVGuide)</onclick>
                    <onclick condition="!String.IsEmpty(Window.Property(IsRadio))">ActivateWindow(RadioGuide)</onclick>
                    <include>LeftMenuButton</include>
                </control>
                <control type="button" id="102">
                    <description>Recordings</description>
                    <label>19163</label>
                    <onclick condition="String.IsEmpty(Window.Property(IsRadio))">ActivateWindow(TVRecordings)</onclick>
                    <onclick condition="!String.IsEmpty(Window.Property(IsRadio))">ActivateWindow(RadioRecordings)</onclick>
                    <include>LeftMenuButton</include>
                </control>
                <control type="button" id="103">
                    <description>Timers</description>
                    <label>19040</label>
                    <onclick condition="String.IsEmpty(Window.Property(IsRadio))">ActivateWindow(TVTimers)</onclick>
                    <onclick condition="!String.IsEmpty(Window.Property(IsRadio))">ActivateWindow(RadioTimers)</onclick>
                    <include>LeftMenuButton</include>
                </control>
                <control type="button" id="104">
                    <description>Timers Rules</description>
                    <label>19138</label>
                    <onclick condition="String.IsEmpty(Window.Property(IsRadio))">ActivateWindow(TVTimerRules)</onclick>
                    <onclick condition="!String.IsEmpty(Window.Property(IsRadio))">ActivateWindow(RadioTimerRules)</onclick>
                    <include>LeftMenuButton</include>
                </control>
                <control type="button" id="105">
                    <description>Search</description>
                    <label>137</label>
                    <onclick condition="String.IsEmpty(Window.Property(IsRadio))">ActivateWindow(TVSearch)</onclick>
                    <onclick condition="!String.IsEmpty(Window.Property(IsRadio))">ActivateWindow(RadioSearch)</onclick>
                    <include>LeftMenuButton</include>
                </control>
                <control type="label" id="9183">
                    <include>LeftMenuTitleLabel</include>
                    <include>LeftMenuButton</include>
                    <label>$LOCALIZE[582]</label>
                </control>
                <control type="button" id="28">
                    <description>Channel Groups</description>
                    <include>LeftMenuButton</include>
                    <label>-</label>
                </control>
                <control type="radiobutton" id="5">
                    <description>Group recording items by folder structure</description>
                    <label>19270</label>
                    <visible>Window.IsActive(TVRecordings) | Window.IsActive(RadioRecordings)</visible>
                    <include>LeftMenuButton</include>
                </control>
                <control type="radiobutton" id="7">
                    <description>Show deleted recordings</description>
                    <label>19184</label>
                    <visible>Window.IsActive(TVRecordings) | Window.IsActive(RadioRecordings)</visible>
                    <include>LeftMenuButton</include>
                </control>
                <control type="button" id="2">
                    <!--<visible>Window.IsActive(MyPVRGuide.xml)</visible>-->
                    <visible>!Skin.HasSetting(EnableKioskMode)</visible>
                    <description>View As button</description>
                    <label>-</label>
                    <include>LeftMenuButton</include>
                </control>
                <control type="button" id="3">
                    <visible>!Skin.HasSetting(EnableKioskMode)</visible>
                    <description>Sort by button</description>
                    <label>103</label>
                    <include>LeftMenuButton</include>
                </control>
                <control type="togglebutton" id="4">
                    <visible>!Skin.HasSetting(EnableKioskMode)</visible>
                    <description>Sort asc</description>
                    <label>31051</label>
                    <altlabel>31050</altlabel>
                    <usealttexture>Container.SortDirection(Ascending)</usealttexture>
                    <include>LeftMenuButton</include>
                </control>
                <control type="radiobutton" id="31">
                    <visible>Window.IsActive(TVChannels) | Window.IsActive(RadioChannels)</visible>
                    <description>Filter</description>
                    <label>587</label>
                    <selected>Container.Filtered</selected>
                    <include>LeftMenuButton</include>
                </control>
                <control type="radiobutton" id="6">
                    <visible>Window.IsActive(TVChannels) | Window.IsActive(RadioChannels)</visible>
                    <description>Show hidden channels</description>
                    <label>19051</label>
                    <include>LeftMenuButton</include>
                </control>
                <control type="radiobutton" id="8">
                    <visible>Window.IsActive(MyPVRTimers.xml)</visible>
                    <description>Hide disabled timers</description>
                    <label>$LOCALIZE[19077]</label>
                    <include>LeftMenuButton</include>
                </control>
            </control>
        </control>
    </include>
    <include name="11_RecOverlayNoFocus">
        <control type="image">
            <posx>1839</posx>
            <width>40</width>
            <height>78</height>
            <texture>$VAR[Theme.Color]/OverlayRecording.png</texture>
            <aspectratio>keep</aspectratio>
            <colordiffuse>NoFocusedColor</colordiffuse>
            <visible>ListItem.IsRecording</visible>
        </control>
        <control type="image">
            <posx>1839</posx>
            <width>40</width>
            <height>78</height>
            <texture>$VAR[Theme.Color]/OverlayTimer.png</texture>
            <aspectratio>keep</aspectratio>
            <colordiffuse>NoFocusedColor</colordiffuse>
            <visible>ListItem.HasTimer</visible>
        </control>
    </include>
    <include name="11_RecOverlayFocus">
        <control type="image">
            <posx>1839</posx>
            <width>40</width>
            <height>78</height>
            <texture>$VAR[Theme.Color]/OverlayRecording.png</texture>
            <aspectratio>keep</aspectratio>
            <visible>ListItem.IsRecording</visible>
        </control>
        <control type="image">
            <posx>1839</posx>
            <width>40</width>
            <height>78</height>
            <texture>$VAR[Theme.Color]/OverlayTimer.png</texture>
            <aspectratio>keep</aspectratio>
            <visible>ListItem.HasTimer</visible>
        </control>
    </include>
    <include name="OSD_Channels_FullScreen">
        <include>FacadeFadeDialogs1stLevelCondition</include>
        <control type="group">
            <include>FacadeFadeDialogs</include>
            <include>Icon_Fade</include>
            <control type="image">
                <posx>-200</posx>
                <posy>150</posy>
                <width>2320</width>
                <height>876</height>
                <include>DialogTransparency</include>
                <texture border="150,40,150,40">$VAR[Theme.Color]/common/bg_dialog.png</texture>
            </control>
            <control type="image">
                <posx>100</posx>
                <posy>142</posy>
                <width>1720</width>
                <height>217</height>
                <texture border="100">$VAR[Theme.Color]/common/bg_list.png</texture>
            </control>
            <control type="label">
                <posx>TextMargin</posx>
                <posy>183</posy>
                <width>1800</width>
                <height>105</height>
                <align>center</align>
                <font>InfoTitleFont</font>
                <include>TextColor_MainColor</include>
                <label>$INFO[VideoPlayer.ChannelGroup]</label>
            </control>
            <control type="label">
                <posx>TextMargin</posx>
                <posy>270</posy>
                <width>1800</width>
                <height>35</height>
                <align>center</align>
                <font>InfoTitleSubFont</font>
                <include>TextColor_MainColor</include>
                <label>$INFO[System.Time] - $INFO[Container(11).NumItems,, $LOCALIZE[31025]]</label>
            </control>
            <control type="list" id="11">
                <posx>0</posx>
                <posy>318</posy>
                <width>1920</width>
                <height>675</height>
                <!-- <onleft>61</onleft> -->
                <onleft>PreviousChannelGroup</onleft>
                <onright>6061</onright>
                <onup>11</onup>
                <ondown>11</ondown>
                <pagecontrol>6061</pagecontrol>
                <include>BigList_Layout</include>
            </control>
            <control type="scrollbar" id="6061">
                <posx>1886</posx>
                <posy>318</posy>
                <height>675</height>
                <include>VerticalScroller</include>
                <ondown>6061</ondown>
                <onup>6061</onup>
                <onleft>11</onleft>
                <onright>NextChannelGroup</onright>
            </control>
        </control>
    </include>
    <include name="OSD_Channels_BottomScreen">
        <include>FacadeFadeDialogs1stLevelCondition</include>
        <control type="group">
            <include>FacadeFadeDialogs</include>
            <include>Icon_Fade</include>
            <posy>363</posy>
            <control type="image">
                <posx>-200</posx>
                <posy>150</posy>
                <width>2320</width>
                <height>513</height>
                <include>DialogTransparency</include>
                <texture border="150,40,150,40">$VAR[Theme.Color]/common/bg_dialog.png</texture>
            </control>
            <control type="image">
                <posx>450</posx>
                <posy>142</posy>
                <width>1370</width>
                <height>182</height>
                <texture border="100">$VAR[Theme.Color]/common/bg_list.png</texture>
            </control>
            <control type="image">
                <posx>450</posx>
                <posy>554</posy>
                <width>1370</width>
                <height>117</height>
                <texture border="100">$VAR[Theme.Color]/common/bg_list.png</texture>
            </control>
            <control type="label">
                <label>[B]$INFO[VideoPlayer.ChannelGroup][/B]</label>
                <posx>TextMargin</posx>
                <posy>190</posy>
                <width>1800</width>
                <height>60</height>
                <align>center</align>
                <font>InfoDetailsFontBig</font>
                <include>TextColor_MainColor</include>
            </control>
            <control type="label">
                <posx>TextMargin</posx>
                <posy>245</posy>
                <width>1800</width>
                <height>35</height>
                <align>center</align>
                <font>InfoTitleSubFont</font>
                <include>TextColor_MainColor</include>
                <label>$INFO[System.Time] - $INFO[Container(11).NumItems,, $LOCALIZE[31025]]</label>
            </control>
            <control type="list" id="11">
                <posx>0</posx>
                <posy>283</posy>
                <width>1920</width>
                <height>312</height>
                <!-- <onleft>61</onleft> -->
                <onleft>PreviousChannelGroup</onleft>
                <onright>6061</onright>
                <onup>11</onup>
                <ondown>11</ondown>
                <pagecontrol>6061</pagecontrol>
                <itemlayout height="78" width="1920">
                    <include>11_RecOverlayNoFocus</include>
                    <control type="label">
                        <posx>455</posx>
                        <height>78</height>
                        <width>842</width>
                        <font>FacadeListMainFont</font>
                        <include>TextColor_AlternateColor</include>
                        <label>$VAR[UnfocusedTitle]</label>
                    </control>
                    <control type="label">
                        <posx>1388</posx>
                        <align>right</align>
                        <height>78</height>
                        <width>442</width>
                        <font>FacadeListSubFont</font>
                        <include>TextColor_AlternateColor</include>
                        <label>$VAR[DetailsRow2]</label>
                    </control>
                </itemlayout>
                <focusedlayout height="78" width="1920">
                    <control type="group">
                        <include>ListFocusAnimation</include>
                        <control type="image">
                            <posx>455</posx>
                            <posy>0</posy>
                            <height>78</height>
                            <width>1465</width>
                            <colordiffuse>$VAR[Picked.Theme.Color]</colordiffuse>
                            <texture border="1">$VAR[Theme.Color]/list/bg_facade_focus.png</texture>
                        </control>
                        <include>11_RecOverlayFocus</include>
                        <control type="label">
                            <posx>455</posx>
                            <height>78</height>
                            <width>842</width>
                            <font>FacadeListMainFont</font>
                            <include>TextColor_MainColor</include>
                            <label>[B]$VAR[UnfocusedTitle][/B]</label>
                        </control>
                        <control type="label">
                            <posx>1388</posx>
                            <align>right</align>
                            <height>78</height>
                            <width>442</width>
                            <font>FacadeListSubFont</font>
                            <include>TextColor_MainColor</include>
                            <label>[B]$VAR[DetailsRow2][/B]</label>
                        </control>
                    </control>
                </focusedlayout>
            </control>
            <control type="scrollbar" id="6061">
                <posx>1886</posx>
                <posy>283</posy>
                <height>312</height>
                <include>VerticalScroller</include>
                <ondown>6061</ondown>
                <onup>6061</onup>
                <onleft>11</onleft>
                <onright>NextChannelGroup</onright>
            </control>
            <control type="image">
                <visible>[String.IsEmpty(Container(11).ListItem.thumb)|String.IsEmpty(Container(11).ListItem.Art(thumb))]</visible>
                <posx>25</posx>
                <posy>283</posy>
                <width>408</width>
                <height>292</height>
                <aspectratio>keep</aspectratio>
                <include>SquareThumb</include>
            </control>
            <control type="image">
                <posx>25</posx>
                <posy>248</posy>
                <width>408</width>
                <height>352</height>
                <aspectratio>keep</aspectratio>
                <texture background="true">$INFO[Container(11).ListItem.Icon]</texture>
                <include>ThumbBorder</include>
            </control>
            <include content="ProgressBar">
                <param name="id" value="0"/>
                <param name="visible" value="true"/>
                <param name="x" value="TextMargin"/>
                <param name="y" value="570"/>
                <param name="width" value="335"/>
                <param name="height" value="54"/>
                <param name="texturebg" value="buttons/Scrollbar_Horizontal_bg.png"/>
                <param name="gfx" value="buttons/Scrollbar_Horizontal_Focus.png"/>
                <param name="border" value="14,20,14,20"/>
                <param name="borderbg" value="14,20,14,20"/>
                <param name="info" value="Container(11).ListItem.Progress"/>
            </include>
        </control>
    </include>
    <include name="OSD_Guide_FullScreen">
        <include>FacadeFadeDialogs1stLevelCondition</include>
        <control type="group">
            <include>FacadeFadeDialogs</include>
            <include>Icon_Fade</include>
            <control type="image">
                <posx>-200</posx>
                <posy>150</posy>
                <width>2320</width>
                <height>876</height>
                <include>DialogTransparency</include>
                <texture border="150,40,150,40">$VAR[Theme.Color]/common/bg_dialog.png</texture>
            </control>
            <control type="image">
                <posx>100</posx>
                <posy>142</posy>
                <width>1720</width>
                <height>217</height>
                <texture border="100">$VAR[Theme.Color]/common/bg_list.png</texture>
            </control>
            <control type="label">
                <posx>TextMargin</posx>
                <posy>183</posy>
                <width>1800</width>
                <height>105</height>
                <align>center</align>
                <font>InfoTitleFont</font>
                <include>TextColor_MainColor</include>
                <label>$INFO[Container(11).ListItem.ChannelNumberLabel,, - ]$INFO[VideoPlayer.ChannelName]$INFO[Container(11).ListItem.StartDate, - ]</label>
            </control>
            <control type="label">
                <posx>TextMargin</posx>
                <posy>270</posy>
                <width>1800</width>
                <height>35</height>
                <align>center</align>
                <font>InfoTitleSubFont</font>
                <include>TextColor_MainColor</include>
                <label>$INFO[System.Time] - $INFO[Container(11).NumItems,, $LOCALIZE[31025]]</label>
            </control>
            <control type="list" id="11">
                <posx>0</posx>
                <posy>318</posy>
                <width>1920</width>
                <height>675</height>
                <!-- <onleft>61</onleft> -->
                <onleft>PreviousChannelGroup</onleft>
                <onright>6061</onright>
                <onup>11</onup>
                <ondown>11</ondown>
                <pagecontrol>6061</pagecontrol>
                <include>BigList_Layout</include>
            </control>
            <control type="scrollbar" id="6061">
                <posx>1886</posx>
                <posy>318</posy>
                <height>675</height>
                <include>VerticalScroller</include>
                <ondown>6061</ondown>
                <onup>6061</onup>
                <onleft>11</onleft>
                <onright>NextChannelGroup</onright>
            </control></control>
    </include>
    <include name="OSD_Guide_BottomScreen">
        <include>FacadeFadeDialogs1stLevelCondition</include>
        <control type="group">
            <include>FacadeFadeDialogs</include>
            <include>Icon_Fade</include>
            <posy>363</posy>
            <control type="image">
                <posx>-200</posx>
                <posy>150</posy>
                <width>2320</width>
                <height>513</height>
                <include>DialogTransparency</include>
                <texture border="150,40,150,40">$VAR[Theme.Color]/common/bg_dialog.png</texture>
            </control>
            <control type="image">
                <posx>450</posx>
                <posy>142</posy>
                <width>1370</width>
                <height>182</height>
                <texture border="100">$VAR[Theme.Color]/common/bg_list.png</texture>
            </control>
            <control type="image">
                <posx>450</posx>
                <posy>554</posy>
                <width>1370</width>
                <height>117</height>
                <texture border="100">$VAR[Theme.Color]/common/bg_list.png</texture>
            </control>
            <control type="label">
                <label>[B]$INFO[Container(11).ListItem.ChannelNumberLabel,, - ]$INFO[VideoPlayer.ChannelName]$INFO[Container(11).ListItem.StartDate, - ][/B]</label>
                <posx>TextMargin</posx>
                <posy>190</posy>
                <width>1800</width>
                <height>60</height>
                <align>center</align>
                <font>InfoDetailsFontBig</font>
                <include>TextColor_MainColor</include>
            </control>
            <control type="label">
                <posx>TextMargin</posx>
                <posy>245</posy>
                <width>1800</width>
                <height>35</height>
                <align>center</align>
                <font>InfoTitleSubFont</font>
                <include>TextColor_MainColor</include>
                <label>$INFO[System.Time] - $INFO[Container(11).NumItems,, $LOCALIZE[31025]]</label>
            </control>
            <control type="list" id="11">
                <posx>0</posx>
                <posy>283</posy>
                <width>1920</width>
                <height>312</height>
                <!-- <onleft>61</onleft> -->
                <onleft>PreviousChannelGroup</onleft>
                <onright>6061</onright>
                <onup>11</onup>
                <ondown>11</ondown>
                <pagecontrol>6061</pagecontrol>
                <itemlayout height="78" width="1920">
                    <include>11_RecOverlayNoFocus</include>
                    <control type="label">
                        <posx>455</posx>
                        <height>78</height>
                        <width>842</width>
                        <font>FacadeListMainFont</font>
                        <include>TextColor_AlternateColor</include>
                        <label>$VAR[UnfocusedTitle]</label>
                    </control>
                    <control type="label">
                        <posx>1388</posx>
                        <align>right</align>
                        <height>78</height>
                        <width>442</width>
                        <font>FacadeListSubFont</font>
                        <include>TextColor_AlternateColor</include>
                        <label>$VAR[DetailsRow2]</label>
                    </control>
                </itemlayout>
                <focusedlayout height="78" width="1920">
                    <control type="group">
                        <include>ListFocusAnimation</include>
                        <control type="image">
                            <posx>455</posx>
                            <posy>0</posy>
                            <height>78</height>
                            <width>1465</width>
                            <colordiffuse>$VAR[Picked.Theme.Color]</colordiffuse>
                            <texture border="1">$VAR[Theme.Color]/list/bg_facade_focus.png</texture>
                        </control>
                        <include>11_RecOverlayFocus</include>
                        <control type="label">
                            <posx>455</posx>
                            <height>78</height>
                            <width>842</width>
                            <font>FacadeListMainFont</font>
                            <include>TextColor_MainColor</include>
                            <label>[B]$VAR[UnfocusedTitle][/B]</label>
                        </control>
                        <control type="label">
                            <posx>1388</posx>
                            <align>right</align>
                            <height>78</height>
                            <width>442</width>
                            <font>FacadeListSubFont</font>
                            <include>TextColor_MainColor</include>
                            <label>[B]$VAR[DetailsRow2][/B]</label>
                        </control>
                    </control>
                </focusedlayout>
            </control>
            <control type="scrollbar" id="6061">
                <posx>1886</posx>
                <posy>283</posy>
                <height>312</height>
                <include>VerticalScroller</include>
                <ondown>6061</ondown>
                <onup>6061</onup>
                <onleft>11</onleft>
                <onright>NextChannelGroup</onright>
            </control>
            <control type="image">
                <visible>[String.IsEmpty(Container(11).ListItem.thumb)|String.IsEmpty(Container(11).ListItem.Art(thumb))]</visible>
                <posx>25</posx>
                <posy>283</posy>
                <width>408</width>
                <height>312</height>
                <aspectratio>keep</aspectratio>
                <include>SquareThumb</include>
            </control>
            <control type="image">
                <posx>25</posx>
                <posy>248</posy>
                <width>408</width>
                <height>382</height>
                <aspectratio>keep</aspectratio>
                <texture background="true">$INFO[Container(11).ListItem.Icon]</texture>
                <include>ThumbBorder</include>
            </control>
        </control>
    </include>
</includes>
