<?xml version="1.0" encoding="utf-8"?>
<includes>
    <variable name="MediaFlag_MPAA_ExtendedInfo">
        <!-- US (IMDB) -->
        <value condition="[!String.IsEmpty(Window.Property(mpaa)) + String.StartsWith(Window.Property(mpaa),Rated R)] | [String.IsEmpty(Window.Property(mpaa)) + String.StartsWith(VideoPlayer.mpaa,Rated R)]">$VAR[Theme.Color]/badges/content_rating/us/r.png</value>
        <value condition="[!String.IsEmpty(Window.Property(mpaa)) + String.StartsWith(Window.Property(mpaa),Rated PG-13)] | [String.IsEmpty(Window.Property(mpaa)) + String.StartsWith(VideoPlayer.mpaa,Rated PG-13)]">$VAR[Theme.Color]/badges/content_rating/us/pg13.png</value>
        <value condition="[!String.IsEmpty(Window.Property(mpaa)) + String.StartsWith(Window.Property(mpaa),Rated PG)] | [String.IsEmpty(Window.Property(mpaa)) + String.StartsWith(VideoPlayer.mpaa,Rated PG)]">$VAR[Theme.Color]/badges/content_rating/us/pg.png</value>
        <value condition="[!String.IsEmpty(Window.Property(mpaa)) + String.StartsWith(Window.Property(mpaa),Rated NC)] | [String.IsEmpty(Window.Property(mpaa)) + String.StartsWith(VideoPlayer.mpaa,Rated NC)]">$VAR[Theme.Color]/badges/content_rating/us/nc17.png</value>
        <value condition="[!String.IsEmpty(Window.Property(mpaa)) + String.StartsWith(Window.Property(mpaa),Rated G)] | [String.IsEmpty(Window.Property(mpaa)) + String.StartsWith(VideoPlayer.mpaa,Rated G)]">$VAR[Theme.Color]/badges/content_rating/us/g.png</value>
        <!-- US (TMDB) -->
        <value condition="[!String.IsEmpty(Window.Property(mpaa)) + String.IsEqual(Window.Property(mpaa),R)] | [String.IsEmpty(Window.Property(mpaa)) + String.IsEqual(VideoPlayer.mpaa,R)]">$VAR[Theme.Color]/badges/content_rating/us/r.png</value>
        <value condition="[!String.IsEmpty(Window.Property(mpaa)) + String.IsEqual(Window.Property(mpaa),PG-13)] | [String.IsEmpty(Window.Property(mpaa)) + String.IsEqual(VideoPlayer.mpaa,PG-13)]">$VAR[Theme.Color]/badges/content_rating/us/pg13.png</value>
        <value condition="[!String.IsEmpty(Window.Property(mpaa)) + String.IsEqual(Window.Property(mpaa),PG)] | [String.IsEmpty(Window.Property(mpaa)) + String.IsEqual(VideoPlayer.mpaa,PG)]">$VAR[Theme.Color]/badges/content_rating/us/pg.png</value>
        <value condition="[!String.IsEmpty(Window.Property(mpaa)) + String.IsEqual(Window.Property(mpaa),NC-17)] | [String.IsEmpty(Window.Property(mpaa)) + String.IsEqual(VideoPlayer.mpaa,NC-17)]">$VAR[Theme.Color]/badges/content_rating/us/nc17.png</value>
        <value condition="[!String.IsEmpty(Window.Property(mpaa)) + String.IsEqual(Window.Property(mpaa),G)] | [String.IsEmpty(Window.Property(mpaa)) + String.IsEqual(VideoPlayer.mpaa,G)]">$VAR[Theme.Color]/badges/content_rating/us/g.png</value>
        <!-- US (TV) -->
        <value condition="!String.IsEmpty(Window.Property(mpaa)) + String.Contains(Window.Property(mpaa),TV-)">$VAR[Theme.Color]/badges/content_rating/tv/$INFO[Window.Property(mpaa),,.png]</value>
        <value condition="String.IsEmpty(Window.Property(mpaa)) + String.Contains(VideoPlayer.mpaa,TV-)">$VAR[Theme.Color]/badges/content_rating/tv/$INFO[VideoPlayer.mpaa,,.png]</value>
        <!-- Germany -->
        <value condition="[!String.IsEmpty(Window.Property(mpaa)) + String.Contains(Window.Property(mpaa),Germany:0)] | [String.IsEmpty(Window.Property(mpaa)) + String.Contains(VideoPlayer.mpaa,Germany:0)]">$VAR[Theme.Color]/badges/content_rating/de/0.png</value>
        <value condition="[!String.IsEmpty(Window.Property(mpaa)) + String.Contains(Window.Property(mpaa),Germany:6)] | [String.IsEmpty(Window.Property(mpaa)) + String.Contains(VideoPlayer.mpaa,Germany:6)]">$VAR[Theme.Color]/badges/content_rating/de/6.png</value>
        <value condition="[!String.IsEmpty(Window.Property(mpaa)) + String.Contains(Window.Property(mpaa),Germany:12)] | [String.IsEmpty(Window.Property(mpaa)) + String.Contains(VideoPlayer.mpaa,Germany:12)]">$VAR[Theme.Color]/badges/content_rating/de/12.png</value>
        <value condition="[!String.IsEmpty(Window.Property(mpaa)) + String.Contains(Window.Property(mpaa),Germany:16)] | [String.IsEmpty(Window.Property(mpaa)) + String.Contains(VideoPlayer.mpaa,Germany:16)]">$VAR[Theme.Color]/badges/content_rating/de/16.png</value>
        <value condition="[!String.IsEmpty(Window.Property(mpaa)) + String.Contains(Window.Property(mpaa),Germany:18)] | [String.IsEmpty(Window.Property(mpaa)) + String.Contains(VideoPlayer.mpaa,Germany:18)]">$VAR[Theme.Color]/badges/content_rating/de/18.png</value>
        <!-- Australia -->
        <value condition="[!String.IsEmpty(Window.Property(mpaa)) + String.Contains(Window.Property(mpaa),Australia:R)] | [String.IsEmpty(Window.Property(mpaa)) + String.Contains(VideoPlayer.mpaa,Australia:R)]">$VAR[Theme.Color]/badges/content_rating/au/r.png</value>
        <value condition="[!String.IsEmpty(Window.Property(mpaa)) + String.Contains(Window.Property(mpaa),Australia:MA)] | [String.IsEmpty(Window.Property(mpaa)) + String.Contains(VideoPlayer.mpaa,Australia:MA)]">$VAR[Theme.Color]/badges/content_rating/au/ma.png</value>
        <value condition="[!String.IsEmpty(Window.Property(mpaa)) + String.Contains(Window.Property(mpaa),Australia:M)] | [String.IsEmpty(Window.Property(mpaa)) + String.Contains(VideoPlayer.mpaa,Australia:M)]">$VAR[Theme.Color]/badges/content_rating/au/m.png</value>
        <value condition="[!String.IsEmpty(Window.Property(mpaa)) + String.Contains(Window.Property(mpaa),Australia:PG)] | [String.IsEmpty(Window.Property(mpaa)) + String.Contains(VideoPlayer.mpaa,Australia:PG)]">$VAR[Theme.Color]/badges/content_rating/au/pg.png</value>
        <value condition="[!String.IsEmpty(Window.Property(mpaa)) + String.Contains(Window.Property(mpaa),Australia:G)] | [String.IsEmpty(Window.Property(mpaa)) + String.Contains(VideoPlayer.mpaa,Australia:G)]">$VAR[Theme.Color]/badges/content_rating/au/g.png</value>
        <value condition="[!String.IsEmpty(Window.Property(mpaa)) + String.Contains(Window.Property(mpaa),Australia:X)] | [String.IsEmpty(Window.Property(mpaa)) + String.Contains(VideoPlayer.mpaa,Australia:X)]">$VAR[Theme.Color]/badges/content_rating/au/x.png</value>
        <!-- Italy -->
        <value condition="[!String.IsEmpty(Window.Property(mpaa)) + String.StartsWith(Window.Property(mpaa),Rated All)] | [String.IsEmpty(Window.Property(mpaa)) + String.StartsWith(VideoPlayer.mpaa,Rated All)]">$VAR[Theme.Color]/badges/content_rating/it/t.png</value>
        <value condition="[!String.IsEmpty(Window.Property(mpaa)) + String.StartsWith(Window.Property(mpaa),Rated T)] | [String.IsEmpty(Window.Property(mpaa)) + String.StartsWith(VideoPlayer.mpaa,Rated T)]">$VAR[Theme.Color]/badges/content_rating/it/t.png</value>
        <value condition="[!String.IsEmpty(Window.Property(mpaa)) + String.Contains(Window.Property(mpaa),it/T)] | [String.IsEmpty(Window.Property(mpaa)) + String.Contains(VideoPlayer.mpaa,it/T)]">$VAR[Theme.Color]/badges/content_rating/it/t.png</value>
        <value condition="[!String.IsEmpty(Window.Property(mpaa)) + String.Contains(Window.Property(mpaa),VM14)] | [String.IsEmpty(Window.Property(mpaa)) + String.Contains(VideoPlayer.mpaa,VM14)]">$VAR[Theme.Color]/badges/content_rating/it/vm14.png</value>
        <value condition="[!String.IsEmpty(Window.Property(mpaa)) + String.Contains(Window.Property(mpaa),VM16)] | [String.IsEmpty(Window.Property(mpaa)) + String.Contains(VideoPlayer.mpaa,VM16)]">$VAR[Theme.Color]/badges/content_rating/it/vm16.png</value>
        <value condition="[!String.IsEmpty(Window.Property(mpaa)) + String.Contains(Window.Property(mpaa),VM18)] | [String.IsEmpty(Window.Property(mpaa)) + String.Contains(VideoPlayer.mpaa,VM18)]">$VAR[Theme.Color]/badges/content_rating/it/vm18.png</value>
        <!-- United Kingdom -->
        <value condition="[!String.IsEmpty(Window.Property(mpaa)) + String.Contains(Window.Property(mpaa),UK:U)] | [String.IsEmpty(Window.Property(mpaa)) + String.Contains(VideoPlayer.mpaa,UK:U)]">$VAR[Theme.Color]/badges/content_rating/uk/u.png</value>
        <value condition="[!String.IsEmpty(Window.Property(mpaa)) + String.Contains(Window.Property(mpaa),UK:PG)] | [String.IsEmpty(Window.Property(mpaa)) + String.Contains(VideoPlayer.mpaa,UK:PG)]">$VAR[Theme.Color]/badges/content_rating/uk/pg.png</value>
        <value condition="[!String.IsEmpty(Window.Property(mpaa)) + String.Contains(Window.Property(mpaa),UK:12A)] | [String.IsEmpty(Window.Property(mpaa)) + String.Contains(VideoPlayer.mpaa,UK:12A)]">$VAR[Theme.Color]/badges/content_rating/uk/12a.png</value>
        <value condition="[!String.IsEmpty(Window.Property(mpaa)) + String.Contains(Window.Property(mpaa),UK:12)] | [String.IsEmpty(Window.Property(mpaa)) + String.Contains(VideoPlayer.mpaa,UK:12)]">$VAR[Theme.Color]/badges/content_rating/uk/12.png</value>
        <value condition="[!String.IsEmpty(Window.Property(mpaa)) + String.Contains(Window.Property(mpaa),UK:15)] | [String.IsEmpty(Window.Property(mpaa)) + String.Contains(VideoPlayer.mpaa,UK:15)]">$VAR[Theme.Color]/badges/content_rating/uk/15.png</value>
        <value condition="[!String.IsEmpty(Window.Property(mpaa)) + String.Contains(Window.Property(mpaa),UK:18)] | [String.IsEmpty(Window.Property(mpaa)) + String.Contains(VideoPlayer.mpaa,UK:18)]">$VAR[Theme.Color]/badges/content_rating/uk/18.png</value>
        <value condition="[!String.IsEmpty(Window.Property(mpaa)) + String.Contains(Window.Property(mpaa),UK:X)] | [String.IsEmpty(Window.Property(mpaa)) + String.Contains(VideoPlayer.mpaa,UK:X)]">$VAR[Theme.Color]/badges/content_rating/uk/r18.png</value>
        <!-- Poland -->
        <value condition="[!String.IsEmpty(Window.Property(mpaa)) + String.Contains(Window.Property(mpaa),Bez ograniczeń)] | [String.IsEmpty(Window.Property(mpaa)) + String.Contains(VideoPlayer.mpaa,Bez ograniczeń)]">$VAR[Theme.Color]/badges/content_rating/pl/bo.png</value>
        <value condition="[!String.IsEmpty(Window.Property(mpaa)) + String.Contains(Window.Property(mpaa),7 lat)] | [String.IsEmpty(Window.Property(mpaa)) + String.Contains(VideoPlayer.mpaa,7 lat)]">$VAR[Theme.Color]/badges/content_rating/pl/7.png</value>
        <value condition="[!String.IsEmpty(Window.Property(mpaa)) + String.Contains(Window.Property(mpaa),12 lat)] | [String.IsEmpty(Window.Property(mpaa)) + String.Contains(VideoPlayer.mpaa,12 lat)]">$VAR[Theme.Color]/badges/content_rating/pl/12.png</value>
        <value condition="[!String.IsEmpty(Window.Property(mpaa)) + String.Contains(Window.Property(mpaa),16 lat)] | [String.IsEmpty(Window.Property(mpaa)) + String.Contains(VideoPlayer.mpaa,16 lat)]">$VAR[Theme.Color]/badges/content_rating/pl/16.png</value>
        <value condition="[!String.IsEmpty(Window.Property(mpaa)) + String.Contains(Window.Property(mpaa),18 lat)] | [String.IsEmpty(Window.Property(mpaa)) + String.Contains(VideoPlayer.mpaa,18 lat)]">$VAR[Theme.Color]/badges/content_rating/pl/18.png</value>
        <!-- NO RATING -->
        <value condition="[!String.IsEmpty(Window.Property(mpaa)) + String.Contains(Window.Property(mpaa),Unrated)] | [String.IsEmpty(Window.Property(mpaa)) + String.Contains(VideoPlayer.mpaa,Unrated)]">$VAR[Theme.Color]/badges/content_rating/unrated.png</value>
        <value condition="[!String.IsEmpty(Window.Property(mpaa)) + String.Contains(Window.Property(mpaa),unrated)] | [String.IsEmpty(Window.Property(mpaa)) + String.Contains(VideoPlayer.mpaa,unrated)]">$VAR[Theme.Color]/badges/content_rating/unrated.png</value>
        <value condition="[!String.IsEmpty(Window.Property(mpaa)) + String.Contains(Window.Property(mpaa),Not Rated)] | [String.IsEmpty(Window.Property(mpaa)) + String.Contains(VideoPlayer.mpaa,Not Rated)]">$VAR[Theme.Color]/badges/content_rating/notrated.png</value>
        <value condition="[!String.IsEmpty(Window.Property(mpaa)) + String.Contains(Window.Property(mpaa),not Rated)] | [String.IsEmpty(Window.Property(mpaa)) + String.Contains(VideoPlayer.mpaa,not Rated)]">$VAR[Theme.Color]/badges/content_rating/notrated.png</value>
        <value condition="[!String.IsEmpty(Window.Property(mpaa)) + String.Contains(Window.Property(mpaa),Not rated)] | [String.IsEmpty(Window.Property(mpaa)) + String.Contains(VideoPlayer.mpaa,Not rated)]">$VAR[Theme.Color]/badges/content_rating/notrated.png</value>
        <value condition="[!String.IsEmpty(Window.Property(mpaa)) + String.Contains(Window.Property(mpaa),not rated)] | [String.IsEmpty(Window.Property(mpaa)) + String.Contains(VideoPlayer.mpaa,not rated)]">$VAR[Theme.Color]/badges/content_rating/notrated.png</value>
        <!--DEFAULT-->
        <value>$VAR[Theme.Color]/badges/content_rating/norating.png</value>
    </variable>
    <variable name="MediaFlag_MPAA">
        <!-- US (IMDB) -->
        <value condition="[!String.IsEmpty(ListItem.mpaa) + String.StartsWith(ListItem.mpaa,Rated R)] | [String.IsEmpty(ListItem.mpaa) + String.StartsWith(VideoPlayer.mpaa,Rated R)]">$VAR[Theme.Color]/badges/content_rating/us/r.png</value>
        <value condition="[!String.IsEmpty(ListItem.mpaa) + String.StartsWith(ListItem.mpaa,Rated PG-13)] | [String.IsEmpty(ListItem.mpaa) + String.StartsWith(VideoPlayer.mpaa,Rated PG-13)]">$VAR[Theme.Color]/badges/content_rating/us/pg13.png</value>
        <value condition="[!String.IsEmpty(ListItem.mpaa) + String.StartsWith(ListItem.mpaa,Rated PG)] | [String.IsEmpty(ListItem.mpaa) + String.StartsWith(VideoPlayer.mpaa,Rated PG)]">$VAR[Theme.Color]/badges/content_rating/us/pg.png</value>
        <value condition="[!String.IsEmpty(ListItem.mpaa) + String.StartsWith(ListItem.mpaa,Rated NC)] | [String.IsEmpty(ListItem.mpaa) + String.StartsWith(VideoPlayer.mpaa,Rated NC)]">$VAR[Theme.Color]/badges/content_rating/us/nc17.png</value>
        <value condition="[!String.IsEmpty(ListItem.mpaa) + String.StartsWith(ListItem.mpaa,Rated G)] | [String.IsEmpty(ListItem.mpaa) + String.StartsWith(VideoPlayer.mpaa,Rated G)]">$VAR[Theme.Color]/badges/content_rating/us/g.png</value>
        <!-- US (TMDB) -->
        <value condition="[!String.IsEmpty(ListItem.mpaa) + String.IsEqual(ListItem.mpaa,R)] | [String.IsEmpty(ListItem.mpaa) + String.IsEqual(VideoPlayer.mpaa,R)]">$VAR[Theme.Color]/badges/content_rating/us/r.png</value>
        <value condition="[!String.IsEmpty(ListItem.mpaa) + String.IsEqual(ListItem.mpaa,PG-13)] | [String.IsEmpty(ListItem.mpaa) + String.IsEqual(VideoPlayer.mpaa,PG-13)]">$VAR[Theme.Color]/badges/content_rating/us/pg13.png</value>
        <value condition="[!String.IsEmpty(ListItem.mpaa) + String.IsEqual(ListItem.mpaa,PG)] | [String.IsEmpty(ListItem.mpaa) + String.IsEqual(VideoPlayer.mpaa,PG)]">$VAR[Theme.Color]/badges/content_rating/us/pg.png</value>
        <value condition="[!String.IsEmpty(ListItem.mpaa) + String.IsEqual(ListItem.mpaa,NC-17)] | [String.IsEmpty(ListItem.mpaa) + String.IsEqual(VideoPlayer.mpaa,NC-17)]">$VAR[Theme.Color]/badges/content_rating/us/nc17.png</value>
        <value condition="[!String.IsEmpty(ListItem.mpaa) + String.IsEqual(ListItem.mpaa,G)] | [String.IsEmpty(ListItem.mpaa) + String.IsEqual(VideoPlayer.mpaa,G)]">$VAR[Theme.Color]/badges/content_rating/us/g.png</value>
        <!-- US (TV) -->
        <value condition="!String.IsEmpty(ListItem.mpaa) + String.Contains(ListItem.mpaa,TV-)">$VAR[Theme.Color]/badges/content_rating/tv/$INFO[ListItem.mpaa,,.png]</value>
        <value condition="String.IsEmpty(ListItem.mpaa) + String.Contains(VideoPlayer.mpaa,TV-)">$VAR[Theme.Color]/badges/content_rating/tv/$INFO[VideoPlayer.mpaa,,.png]</value>
        <!-- Germany -->
        <value condition="[!String.IsEmpty(ListItem.mpaa) + String.Contains(ListItem.mpaa,Germany:0)] | [String.IsEmpty(ListItem.mpaa) + String.Contains(VideoPlayer.mpaa,Germany:0)]">$VAR[Theme.Color]/badges/content_rating/de/0.png</value>
        <value condition="[!String.IsEmpty(ListItem.mpaa) + String.Contains(ListItem.mpaa,Germany:6)] | [String.IsEmpty(ListItem.mpaa) + String.Contains(VideoPlayer.mpaa,Germany:6)]">$VAR[Theme.Color]/badges/content_rating/de/6.png</value>
        <value condition="[!String.IsEmpty(ListItem.mpaa) + String.Contains(ListItem.mpaa,Germany:12)] | [String.IsEmpty(ListItem.mpaa) + String.Contains(VideoPlayer.mpaa,Germany:12)]">$VAR[Theme.Color]/badges/content_rating/de/12.png</value>
        <value condition="[!String.IsEmpty(ListItem.mpaa) + String.Contains(ListItem.mpaa,Germany:16)] | [String.IsEmpty(ListItem.mpaa) + String.Contains(VideoPlayer.mpaa,Germany:16)]">$VAR[Theme.Color]/badges/content_rating/de/16.png</value>
        <value condition="[!String.IsEmpty(ListItem.mpaa) + String.Contains(ListItem.mpaa,Germany:18)] | [String.IsEmpty(ListItem.mpaa) + String.Contains(VideoPlayer.mpaa,Germany:18)]">$VAR[Theme.Color]/badges/content_rating/de/18.png</value>
        <!-- Australia -->
        <value condition="[!String.IsEmpty(ListItem.mpaa) + String.Contains(ListItem.mpaa,Australia:R)] | [String.IsEmpty(ListItem.mpaa) + String.Contains(VideoPlayer.mpaa,Australia:R)]">$VAR[Theme.Color]/badges/content_rating/au/r.png</value>
        <value condition="[!String.IsEmpty(ListItem.mpaa) + String.Contains(ListItem.mpaa,Australia:MA)] | [String.IsEmpty(ListItem.mpaa) + String.Contains(VideoPlayer.mpaa,Australia:MA)]">$VAR[Theme.Color]/badges/content_rating/au/ma.png</value>
        <value condition="[!String.IsEmpty(ListItem.mpaa) + String.Contains(ListItem.mpaa,Australia:M)] | [String.IsEmpty(ListItem.mpaa) + String.Contains(VideoPlayer.mpaa,Australia:M)]">$VAR[Theme.Color]/badges/content_rating/au/m.png</value>
        <value condition="[!String.IsEmpty(ListItem.mpaa) + String.Contains(ListItem.mpaa,Australia:PG)] | [String.IsEmpty(ListItem.mpaa) + String.Contains(VideoPlayer.mpaa,Australia:PG)]">$VAR[Theme.Color]/badges/content_rating/au/pg.png</value>
        <value condition="[!String.IsEmpty(ListItem.mpaa) + String.Contains(ListItem.mpaa,Australia:G)] | [String.IsEmpty(ListItem.mpaa) + String.Contains(VideoPlayer.mpaa,Australia:G)]">$VAR[Theme.Color]/badges/content_rating/au/g.png</value>
        <value condition="[!String.IsEmpty(ListItem.mpaa) + String.Contains(ListItem.mpaa,Australia:X)] | [String.IsEmpty(ListItem.mpaa) + String.Contains(VideoPlayer.mpaa,Australia:X)]">$VAR[Theme.Color]/badges/content_rating/au/x.png</value>
        <!-- Italy -->
        <value condition="[!String.IsEmpty(ListItem.mpaa) + String.StartsWith(ListItem.mpaa,Rated All)] | [String.IsEmpty(ListItem.mpaa) + String.StartsWith(VideoPlayer.mpaa,Rated All)]">$VAR[Theme.Color]/badges/content_rating/it/t.png</value>
        <value condition="[!String.IsEmpty(ListItem.mpaa) + String.StartsWith(ListItem.mpaa,Rated T)] | [String.IsEmpty(ListItem.mpaa) + String.StartsWith(VideoPlayer.mpaa,Rated T)]">$VAR[Theme.Color]/badges/content_rating/it/t.png</value>
        <value condition="[!String.IsEmpty(ListItem.mpaa) + String.Contains(ListItem.mpaa,it/T)] | [String.IsEmpty(ListItem.mpaa) + String.Contains(VideoPlayer.mpaa,it/T)]">$VAR[Theme.Color]/badges/content_rating/it/t.png</value>
        <value condition="[!String.IsEmpty(ListItem.mpaa) + String.Contains(ListItem.mpaa,VM14)] | [String.IsEmpty(ListItem.mpaa) + String.Contains(VideoPlayer.mpaa,VM14)]">$VAR[Theme.Color]/badges/content_rating/it/vm14.png</value>
        <value condition="[!String.IsEmpty(ListItem.mpaa) + String.Contains(ListItem.mpaa,VM16)] | [String.IsEmpty(ListItem.mpaa) + String.Contains(VideoPlayer.mpaa,VM16)]">$VAR[Theme.Color]/badges/content_rating/it/vm16.png</value>
        <value condition="[!String.IsEmpty(ListItem.mpaa) + String.Contains(ListItem.mpaa,VM18)] | [String.IsEmpty(ListItem.mpaa) + String.Contains(VideoPlayer.mpaa,VM18)]">$VAR[Theme.Color]/badges/content_rating/it/vm18.png</value>
        <!-- United Kingdom -->
        <value condition="[!String.IsEmpty(ListItem.mpaa) + String.Contains(ListItem.mpaa,UK:U)] | [String.IsEmpty(ListItem.mpaa) + String.Contains(VideoPlayer.mpaa,UK:U)]">$VAR[Theme.Color]/badges/content_rating/uk/u.png</value>
        <value condition="[!String.IsEmpty(ListItem.mpaa) + String.Contains(ListItem.mpaa,UK:PG)] | [String.IsEmpty(ListItem.mpaa) + String.Contains(VideoPlayer.mpaa,UK:PG)]">$VAR[Theme.Color]/badges/content_rating/uk/pg.png</value>
        <value condition="[!String.IsEmpty(ListItem.mpaa) + String.Contains(ListItem.mpaa,UK:12A)] | [String.IsEmpty(ListItem.mpaa) + String.Contains(VideoPlayer.mpaa,UK:12A)]">$VAR[Theme.Color]/badges/content_rating/uk/12a.png</value>
        <value condition="[!String.IsEmpty(ListItem.mpaa) + String.Contains(ListItem.mpaa,UK:12)] | [String.IsEmpty(ListItem.mpaa) + String.Contains(VideoPlayer.mpaa,UK:12)]">$VAR[Theme.Color]/badges/content_rating/uk/12.png</value>
        <value condition="[!String.IsEmpty(ListItem.mpaa) + String.Contains(ListItem.mpaa,UK:15)] | [String.IsEmpty(ListItem.mpaa) + String.Contains(VideoPlayer.mpaa,UK:15)]">$VAR[Theme.Color]/badges/content_rating/uk/15.png</value>
        <value condition="[!String.IsEmpty(ListItem.mpaa) + String.Contains(ListItem.mpaa,UK:18)] | [String.IsEmpty(ListItem.mpaa) + String.Contains(VideoPlayer.mpaa,UK:18)]">$VAR[Theme.Color]/badges/content_rating/uk/18.png</value>
        <value condition="[!String.IsEmpty(ListItem.mpaa) + String.Contains(ListItem.mpaa,UK:X)] | [String.IsEmpty(ListItem.mpaa) + String.Contains(VideoPlayer.mpaa,UK:X)]">$VAR[Theme.Color]/badges/content_rating/uk/r18.png</value>
        <!-- Poland -->
        <value condition="[!String.IsEmpty(ListItem.mpaa) + String.Contains(ListItem.mpaa,Bez ograniczeń)] | [String.IsEmpty(ListItem.mpaa) + String.Contains(VideoPlayer.mpaa,Bez ograniczeń)]">$VAR[Theme.Color]/badges/content_rating/pl/bo.png</value>
        <value condition="[!String.IsEmpty(ListItem.mpaa) + String.Contains(ListItem.mpaa,7 lat)] | [String.IsEmpty(ListItem.mpaa) + String.Contains(VideoPlayer.mpaa,7 lat)]">$VAR[Theme.Color]/badges/content_rating/pl/7.png</value>
        <value condition="[!String.IsEmpty(ListItem.mpaa) + String.Contains(ListItem.mpaa,12 lat)] | [String.IsEmpty(ListItem.mpaa) + String.Contains(VideoPlayer.mpaa,12 lat)]">$VAR[Theme.Color]/badges/content_rating/pl/12.png</value>
        <value condition="[!String.IsEmpty(ListItem.mpaa) + String.Contains(ListItem.mpaa,16 lat)] | [String.IsEmpty(ListItem.mpaa) + String.Contains(VideoPlayer.mpaa,16 lat)]">$VAR[Theme.Color]/badges/content_rating/pl/16.png</value>
        <value condition="[!String.IsEmpty(ListItem.mpaa) + String.Contains(ListItem.mpaa,18 lat)] | [String.IsEmpty(ListItem.mpaa) + String.Contains(VideoPlayer.mpaa,18 lat)]">$VAR[Theme.Color]/badges/content_rating/pl/18.png</value>
        <!-- NO RATING -->
        <value condition="[!String.IsEmpty(ListItem.mpaa) + String.Contains(ListItem.mpaa,Unrated)] | [String.IsEmpty(ListItem.mpaa) + String.Contains(VideoPlayer.mpaa,Unrated)]">$VAR[Theme.Color]/badges/content_rating/unrated.png</value>
        <value condition="[!String.IsEmpty(ListItem.mpaa) + String.Contains(ListItem.mpaa,unrated)] | [String.IsEmpty(ListItem.mpaa) + String.Contains(VideoPlayer.mpaa,unrated)]">$VAR[Theme.Color]/badges/content_rating/unrated.png</value>
        <value condition="[!String.IsEmpty(ListItem.mpaa) + String.Contains(ListItem.mpaa,Not Rated)] | [String.IsEmpty(ListItem.mpaa) + String.Contains(VideoPlayer.mpaa,Not Rated)]">$VAR[Theme.Color]/badges/content_rating/notrated.png</value>
        <value condition="[!String.IsEmpty(ListItem.mpaa) + String.Contains(ListItem.mpaa,not Rated)] | [String.IsEmpty(ListItem.mpaa) + String.Contains(VideoPlayer.mpaa,not Rated)]">$VAR[Theme.Color]/badges/content_rating/notrated.png</value>
        <value condition="[!String.IsEmpty(ListItem.mpaa) + String.Contains(ListItem.mpaa,Not rated)] | [String.IsEmpty(ListItem.mpaa) + String.Contains(VideoPlayer.mpaa,Not rated)]">$VAR[Theme.Color]/badges/content_rating/notrated.png</value>
        <value condition="[!String.IsEmpty(ListItem.mpaa) + String.Contains(ListItem.mpaa,not rated)] | [String.IsEmpty(ListItem.mpaa) + String.Contains(VideoPlayer.mpaa,not rated)]">$VAR[Theme.Color]/badges/content_rating/notrated.png</value>
        <!--DEFAULT-->
        <value>$VAR[Theme.Color]/badges/content_rating/norating.png</value>
    </variable>
    <variable name="MediaFlag_MPAAOSD">
        <!-- US (IMDB) -->
        <value condition="[!String.IsEmpty(VideoPlayer.mpaa) + String.StartsWith(VideoPlayer.mpaa,Rated R)] | [String.IsEmpty(VideoPlayer.mpaa) + String.StartsWith(VideoPlayer.mpaa,Rated R)]">$VAR[Theme.Color]/badges/content_rating/us/r.png</value>
        <value condition="[!String.IsEmpty(VideoPlayer.mpaa) + String.StartsWith(VideoPlayer.mpaa,Rated PG-13)] | [String.IsEmpty(VideoPlayer.mpaa) + String.StartsWith(VideoPlayer.mpaa,Rated PG-13)]">$VAR[Theme.Color]/badges/content_rating/us/pg13.png</value>
        <value condition="[!String.IsEmpty(VideoPlayer.mpaa) + String.StartsWith(VideoPlayer.mpaa,Rated PG)] | [String.IsEmpty(VideoPlayer.mpaa) + String.StartsWith(VideoPlayer.mpaa,Rated PG)]">$VAR[Theme.Color]/badges/content_rating/us/pg.png</value>
        <value condition="[!String.IsEmpty(VideoPlayer.mpaa) + String.StartsWith(VideoPlayer.mpaa,Rated NC)] | [String.IsEmpty(VideoPlayer.mpaa) + String.StartsWith(VideoPlayer.mpaa,Rated NC)]">$VAR[Theme.Color]/badges/content_rating/us/nc17.png</value>
        <value condition="[!String.IsEmpty(VideoPlayer.mpaa) + String.StartsWith(VideoPlayer.mpaa,Rated G)] | [String.IsEmpty(VideoPlayer.mpaa) + String.StartsWith(VideoPlayer.mpaa,Rated G)]">$VAR[Theme.Color]/badges/content_rating/us/g.png</value>
        <!-- US (TMDB) -->
        <value condition="[!String.IsEmpty(VideoPlayer.mpaa) + String.IsEqual(VideoPlayer.mpaa,R)] | [String.IsEmpty(VideoPlayer.mpaa) + String.IsEqual(VideoPlayer.mpaa,R)]">$VAR[Theme.Color]/badges/content_rating/us/r.png</value>
        <value condition="[!String.IsEmpty(VideoPlayer.mpaa) + String.IsEqual(VideoPlayer.mpaa,PG-13)] | [String.IsEmpty(VideoPlayer.mpaa) + String.IsEqual(VideoPlayer.mpaa,PG-13)]">$VAR[Theme.Color]/badges/content_rating/us/pg13.png</value>
        <value condition="[!String.IsEmpty(VideoPlayer.mpaa) + String.IsEqual(VideoPlayer.mpaa,PG)] | [String.IsEmpty(VideoPlayer.mpaa) + String.IsEqual(VideoPlayer.mpaa,PG)]">$VAR[Theme.Color]/badges/content_rating/us/pg.png</value>
        <value condition="[!String.IsEmpty(VideoPlayer.mpaa) + String.IsEqual(VideoPlayer.mpaa,NC-17)] | [String.IsEmpty(VideoPlayer.mpaa) + String.IsEqual(VideoPlayer.mpaa,NC-17)]">$VAR[Theme.Color]/badges/content_rating/us/nc17.png</value>
        <value condition="[!String.IsEmpty(VideoPlayer.mpaa) + String.IsEqual(VideoPlayer.mpaa,G)] | [String.IsEmpty(VideoPlayer.mpaa) + String.IsEqual(VideoPlayer.mpaa,G)]">$VAR[Theme.Color]/badges/content_rating/us/g.png</value>
        <!-- US (TV) -->
        <value condition="!String.IsEmpty(VideoPlayer.mpaa) + String.Contains(VideoPlayer.mpaa,TV-)">$VAR[Theme.Color]/badges/content_rating/tv/$INFO[VideoPlayer.mpaa,,.png]</value>
        <value condition="String.IsEmpty(VideoPlayer.mpaa) + String.Contains(VideoPlayer.mpaa,TV-)">$VAR[Theme.Color]/badges/content_rating/tv/$INFO[VideoPlayer.mpaa,,.png]</value>
        <!-- Germany -->
        <value condition="[!String.IsEmpty(VideoPlayer.mpaa) + String.Contains(VideoPlayer.mpaa,Germany:0)] | [String.IsEmpty(VideoPlayer.mpaa) + String.Contains(VideoPlayer.mpaa,Germany:0)]">$VAR[Theme.Color]/badges/content_rating/de/0.png</value>
        <value condition="[!String.IsEmpty(VideoPlayer.mpaa) + String.Contains(VideoPlayer.mpaa,Germany:6)] | [String.IsEmpty(VideoPlayer.mpaa) + String.Contains(VideoPlayer.mpaa,Germany:6)]">$VAR[Theme.Color]/badges/content_rating/de/6.png</value>
        <value condition="[!String.IsEmpty(VideoPlayer.mpaa) + String.Contains(VideoPlayer.mpaa,Germany:12)] | [String.IsEmpty(VideoPlayer.mpaa) + String.Contains(VideoPlayer.mpaa,Germany:12)]">$VAR[Theme.Color]/badges/content_rating/de/12.png</value>
        <value condition="[!String.IsEmpty(VideoPlayer.mpaa) + String.Contains(VideoPlayer.mpaa,Germany:16)] | [String.IsEmpty(VideoPlayer.mpaa) + String.Contains(VideoPlayer.mpaa,Germany:16)]">$VAR[Theme.Color]/badges/content_rating/de/16.png</value>
        <value condition="[!String.IsEmpty(VideoPlayer.mpaa) + String.Contains(VideoPlayer.mpaa,Germany:18)] | [String.IsEmpty(VideoPlayer.mpaa) + String.Contains(VideoPlayer.mpaa,Germany:18)]">$VAR[Theme.Color]/badges/content_rating/de/18.png</value>
        <!-- Australia -->
        <value condition="[!String.IsEmpty(VideoPlayer.mpaa) + String.Contains(VideoPlayer.mpaa,Australia:R)] | [String.IsEmpty(VideoPlayer.mpaa) + String.Contains(VideoPlayer.mpaa,Australia:R)]">$VAR[Theme.Color]/badges/content_rating/au/r.png</value>
        <value condition="[!String.IsEmpty(VideoPlayer.mpaa) + String.Contains(VideoPlayer.mpaa,Australia:MA)] | [String.IsEmpty(VideoPlayer.mpaa) + String.Contains(VideoPlayer.mpaa,Australia:MA)]">$VAR[Theme.Color]/badges/content_rating/au/ma.png</value>
        <value condition="[!String.IsEmpty(VideoPlayer.mpaa) + String.Contains(VideoPlayer.mpaa,Australia:M)] | [String.IsEmpty(VideoPlayer.mpaa) + String.Contains(VideoPlayer.mpaa,Australia:M)]">$VAR[Theme.Color]/badges/content_rating/au/m.png</value>
        <value condition="[!String.IsEmpty(VideoPlayer.mpaa) + String.Contains(VideoPlayer.mpaa,Australia:PG)] | [String.IsEmpty(VideoPlayer.mpaa) + String.Contains(VideoPlayer.mpaa,Australia:PG)]">$VAR[Theme.Color]/badges/content_rating/au/pg.png</value>
        <value condition="[!String.IsEmpty(VideoPlayer.mpaa) + String.Contains(VideoPlayer.mpaa,Australia:G)] | [String.IsEmpty(VideoPlayer.mpaa) + String.Contains(VideoPlayer.mpaa,Australia:G)]">$VAR[Theme.Color]/badges/content_rating/au/g.png</value>
        <value condition="[!String.IsEmpty(VideoPlayer.mpaa) + String.Contains(VideoPlayer.mpaa,Australia:X)] | [String.IsEmpty(VideoPlayer.mpaa) + String.Contains(VideoPlayer.mpaa,Australia:X)]">$VAR[Theme.Color]/badges/content_rating/au/x.png</value>
        <!-- Italy -->
        <value condition="[!String.IsEmpty(VideoPlayer.mpaa) + String.StartsWith(VideoPlayer.mpaa,Rated All)] | [String.IsEmpty(VideoPlayer.mpaa) + String.StartsWith(VideoPlayer.mpaa,Rated All)]">$VAR[Theme.Color]/badges/content_rating/it/t.png</value>
        <value condition="[!String.IsEmpty(VideoPlayer.mpaa) + String.StartsWith(VideoPlayer.mpaa,Rated T)] | [String.IsEmpty(VideoPlayer.mpaa) + String.StartsWith(VideoPlayer.mpaa,Rated T)]">$VAR[Theme.Color]/badges/content_rating/it/t.png</value>
        <value condition="[!String.IsEmpty(VideoPlayer.mpaa) + String.Contains(VideoPlayer.mpaa,it/T)] | [String.IsEmpty(VideoPlayer.mpaa) + String.Contains(VideoPlayer.mpaa,it/T)]">$VAR[Theme.Color]/badges/content_rating/it/t.png</value>
        <value condition="[!String.IsEmpty(VideoPlayer.mpaa) + String.Contains(VideoPlayer.mpaa,VM14)] | [String.IsEmpty(VideoPlayer.mpaa) + String.Contains(VideoPlayer.mpaa,VM14)]">$VAR[Theme.Color]/badges/content_rating/it/vm14.png</value>
        <value condition="[!String.IsEmpty(VideoPlayer.mpaa) + String.Contains(VideoPlayer.mpaa,VM16)] | [String.IsEmpty(VideoPlayer.mpaa) + String.Contains(VideoPlayer.mpaa,VM16)]">$VAR[Theme.Color]/badges/content_rating/it/vm16.png</value>
        <value condition="[!String.IsEmpty(VideoPlayer.mpaa) + String.Contains(VideoPlayer.mpaa,VM18)] | [String.IsEmpty(VideoPlayer.mpaa) + String.Contains(VideoPlayer.mpaa,VM18)]">$VAR[Theme.Color]/badges/content_rating/it/vm18.png</value>
        <!-- United Kingdom -->
        <value condition="[!String.IsEmpty(VideoPlayer.mpaa) + String.Contains(VideoPlayer.mpaa,UK:U)] | [String.IsEmpty(VideoPlayer.mpaa) + String.Contains(VideoPlayer.mpaa,UK:U)]">$VAR[Theme.Color]/badges/content_rating/uk/u.png</value>
        <value condition="[!String.IsEmpty(VideoPlayer.mpaa) + String.Contains(VideoPlayer.mpaa,UK:PG)] | [String.IsEmpty(VideoPlayer.mpaa) + String.Contains(VideoPlayer.mpaa,UK:PG)]">$VAR[Theme.Color]/badges/content_rating/uk/pg.png</value>
        <value condition="[!String.IsEmpty(VideoPlayer.mpaa) + String.Contains(VideoPlayer.mpaa,UK:12A)] | [String.IsEmpty(VideoPlayer.mpaa) + String.Contains(VideoPlayer.mpaa,UK:12A)]">$VAR[Theme.Color]/badges/content_rating/uk/12a.png</value>
        <value condition="[!String.IsEmpty(VideoPlayer.mpaa) + String.Contains(VideoPlayer.mpaa,UK:12)] | [String.IsEmpty(VideoPlayer.mpaa) + String.Contains(VideoPlayer.mpaa,UK:12)]">$VAR[Theme.Color]/badges/content_rating/uk/12.png</value>
        <value condition="[!String.IsEmpty(VideoPlayer.mpaa) + String.Contains(VideoPlayer.mpaa,UK:15)] | [String.IsEmpty(VideoPlayer.mpaa) + String.Contains(VideoPlayer.mpaa,UK:15)]">$VAR[Theme.Color]/badges/content_rating/uk/15.png</value>
        <value condition="[!String.IsEmpty(VideoPlayer.mpaa) + String.Contains(VideoPlayer.mpaa,UK:18)] | [String.IsEmpty(VideoPlayer.mpaa) + String.Contains(VideoPlayer.mpaa,UK:18)]">$VAR[Theme.Color]/badges/content_rating/uk/18.png</value>
        <value condition="[!String.IsEmpty(VideoPlayer.mpaa) + String.Contains(VideoPlayer.mpaa,UK:X)] | [String.IsEmpty(VideoPlayer.mpaa) + String.Contains(VideoPlayer.mpaa,UK:X)]">$VAR[Theme.Color]/badges/content_rating/uk/r18.png</value>
        <!-- Poland -->
        <value condition="[!String.IsEmpty(VideoPlayer.mpaa) + String.Contains(VideoPlayer.mpaa,Bez ograniczeń)] | [String.IsEmpty(VideoPlayer.mpaa) + String.Contains(VideoPlayer.mpaa,Bez ograniczeń)]">$VAR[Theme.Color]/badges/content_rating/pl/bo.png</value>
        <value condition="[!String.IsEmpty(VideoPlayer.mpaa) + String.Contains(VideoPlayer.mpaa,7 lat)] | [String.IsEmpty(VideoPlayer.mpaa) + String.Contains(VideoPlayer.mpaa,7 lat)]">$VAR[Theme.Color]/badges/content_rating/pl/7.png</value>
        <value condition="[!String.IsEmpty(VideoPlayer.mpaa) + String.Contains(VideoPlayer.mpaa,12 lat)] | [String.IsEmpty(VideoPlayer.mpaa) + String.Contains(VideoPlayer.mpaa,12 lat)]">$VAR[Theme.Color]/badges/content_rating/pl/12.png</value>
        <value condition="[!String.IsEmpty(VideoPlayer.mpaa) + String.Contains(VideoPlayer.mpaa,16 lat)] | [String.IsEmpty(VideoPlayer.mpaa) + String.Contains(VideoPlayer.mpaa,16 lat)]">$VAR[Theme.Color]/badges/content_rating/pl/16.png</value>
        <value condition="[!String.IsEmpty(VideoPlayer.mpaa) + String.Contains(VideoPlayer.mpaa,18 lat)] | [String.IsEmpty(VideoPlayer.mpaa) + String.Contains(VideoPlayer.mpaa,18 lat)]">$VAR[Theme.Color]/badges/content_rating/pl/18.png</value>
        <!-- NO RATING -->
        <value condition="[!String.IsEmpty(VideoPlayer.mpaa) + String.Contains(VideoPlayer.mpaa,Unrated)] | [String.IsEmpty(VideoPlayer.mpaa) + String.Contains(VideoPlayer.mpaa,Unrated)]">$VAR[Theme.Color]/badges/content_rating/unrated.png</value>
        <value condition="[!String.IsEmpty(VideoPlayer.mpaa) + String.Contains(VideoPlayer.mpaa,unrated)] | [String.IsEmpty(VideoPlayer.mpaa) + String.Contains(VideoPlayer.mpaa,unrated)]">$VAR[Theme.Color]/badges/content_rating/unrated.png</value>
        <value condition="[!String.IsEmpty(VideoPlayer.mpaa) + String.Contains(VideoPlayer.mpaa,Not Rated)] | [String.IsEmpty(VideoPlayer.mpaa) + String.Contains(VideoPlayer.mpaa,Not Rated)]">$VAR[Theme.Color]/badges/content_rating/notrated.png</value>
        <value condition="[!String.IsEmpty(VideoPlayer.mpaa) + String.Contains(VideoPlayer.mpaa,not Rated)] | [String.IsEmpty(VideoPlayer.mpaa) + String.Contains(VideoPlayer.mpaa,not Rated)]">$VAR[Theme.Color]/badges/content_rating/notrated.png</value>
        <value condition="[!String.IsEmpty(VideoPlayer.mpaa) + String.Contains(VideoPlayer.mpaa,Not rated)] | [String.IsEmpty(VideoPlayer.mpaa) + String.Contains(VideoPlayer.mpaa,Not rated)]">$VAR[Theme.Color]/badges/content_rating/notrated.png</value>
        <value condition="[!String.IsEmpty(VideoPlayer.mpaa) + String.Contains(VideoPlayer.mpaa,not rated)] | [String.IsEmpty(VideoPlayer.mpaa) + String.Contains(VideoPlayer.mpaa,not rated)]">$VAR[Theme.Color]/badges/content_rating/notrated.png</value>
        <!--DEFAULT-->
        <value>$VAR[Theme.Color]/badges/content_rating/norating.png</value>
    </variable>
    <variable name="videosource">
        <value condition="[String.Contains(ListItem(0).Filenameandpath,bluray) | String.Contains(ListItem(0).Filenameandpath,blu-ray) | String.Contains(ListItem(0).Filenameandpath,bdrip)]">bluray</value>
        <value condition="String.Contains(ListItem.Filenameandpath,web)">webtv</value>
        <value condition="String.Contains(ListItem.Filenameandpath,hdtv)">hdtv</value>
        <value condition="String.Contains(ListItem.Filenameandpath,dvd) | String.EndsWith(ListItem.Filenameandpath,.ifo) | String.EndsWith(ListItem.Filenameandpath,.iso)">dvd</value>
        <!--<value condition="String.StartsWith(ListItem.Path,videodb://movies/sets)">set</value>-->
        <value condition="String.Contains(ListItem.Filenameandpath,4k)">4kbis</value>
    </variable>
    <variable name="videosourceOSD">
        <value condition="[String.Contains(Player.Filenameandpath,bluray) | String.Contains(Player.Filenameandpath,blu-ray) | String.Contains(Player.Filenameandpath,bdrip)]">bluray</value>
        <value condition="String.Contains(Player.Filenameandpath,web)">webtv</value>
        <value condition="String.Contains(Player.Filenameandpath,hdtv)">hdtv</value>
        <value condition="String.Contains(Player.Filenameandpath,dvd) | String.EndsWith(Player.Filenameandpath,.ifo) | String.EndsWith(Player.Filenameandpath,.iso)">dvd</value>
        <value condition="String.Contains(Player.Filenameandpath,4k)">4kbis</value>
    </variable>
    <variable name="videocodec">
        <value condition="[String.StartsWith(ListItem.VideoCodec,div) | String.IsEqual(ListItem.VideoCodec,dx50)]">divx</value>
        <value>$INFO[ListItem.VideoCodec]</value>
    </variable>
    <variable name="videocodec_ExtendedInfo">
        <value condition="[String.StartsWith(Window.Property(VideoCodec),div) | String.IsEqual(Window.Property(VideoCodec),dx50)]">divx</value>
        <value>$INFO[Window.Property(VideoCodec)]</value>
    </variable>
    <variable name="videocodecOSD">
        <value condition="[String.StartsWith(VideoPlayer.VideoCodec,div) | String.IsEqual(VideoPlayer.VideoCodec,dx50)]">divx</value>
        <value>$INFO[VideoPlayer.VideoCodec]</value>
    </variable>
    <include name="Codecs">
        <control type="image">
            <visible>!String.IsEmpty(ListItem.VideoResolution)</visible>
            <description>Video rez Image</description>
            <width>120</width>
            <height>80</height>
            <aspectratio>keep</aspectratio>
            <texture>$VAR[Theme.Color]/badges/video/$INFO[ListItem.VideoResolution,,.png]</texture>
        </control>
        <control type="image">
            <visible>!String.IsEmpty(ListItem.VideoCodec)</visible>
            <description>Codec Image</description>
            <width>120</width>
            <height>80</height>
            <aspectratio>keep</aspectratio>
            <texture>$VAR[Theme.Color]/badges/video/$VAR[videocodec].png</texture>
        </control>
        <control type="image">
            <visible>!String.IsEmpty(ListItem.AudioChannels)</visible>
            <description>Audio Codec Image</description>
            <width>120</width>
            <height>80</height>
            <aspectratio>keep</aspectratio>
            <texture>$VAR[Theme.Color]/badges/audio/$INFO[ListItem.AudioChannels,,.png]</texture>
        </control>
        <control type="image">
            <visible>!String.IsEmpty(ListItem.AudioCodec)</visible>
            <description>Audio Codec Image</description>
            <width>120</width>
            <height>80</height>
            <aspectratio>keep</aspectratio>
            <texture>$VAR[Theme.Color]/badges/audio/$INFO[ListItem.AudioCodec,,.png]</texture>
        </control>
        <control type="image">
            <description>MPAA Image</description>
            <width>120</width>
            <height>80</height>
            <aspectratio>keep</aspectratio>
            <texture>$VAR[MediaFlag_MPAA]</texture>
        </control>
        <control type="image">
            <visible>[String.Contains(ListItem(0).Filenameandpath,bluray) | String.Contains(ListItem(0).Filenameandpath,blu-ray) | String.Contains(ListItem(0).Filenameandpath,bdrip)]|String.Contains(ListItem.Filenameandpath,web)|String.Contains(ListItem.Filenameandpath,hdtv)|String.Contains(ListItem.Filenameandpath,dvd) | String.EndsWith(ListItem.Filenameandpath,.ifo) | String.EndsWith(ListItem.Filenameandpath,.iso)|String.StartsWith(ListItem.Path,videodb://movies/sets)|String.Contains(Player.Filenameandpath,4k)</visible>
            <description>Source Image</description>
            <width>120</width>
            <height>80</height>
            <aspectratio>keep</aspectratio>
            <texture>$VAR[Theme.Color]/badges/video/$VAR[videosource].png</texture>
        </control>
        <control type="image">
            <visible>ListItem.IsStereoscopic|String.Contains(ListItem.Filenameandpath,.3dbd.) | String.Contains(ListItem.Filenameandpath,.3d.)</visible>
            <description>3D Image</description>
            <width>120</width>
            <height>80</height>
            <aspectratio>keep</aspectratio>
            <texture>$VAR[Theme.Color]/badges/video/3dbd.png</texture>
        </control>
        <control type="group" id="1">
            <width>120</width>
            <height>80</height>
            <visible>!String.IsEmpty(ListItem.Top250) + !String.StartsWith(ListItem.Top250,0)</visible>
            <control type="image" id="1">
                <width>120</width>
                <height>80</height>
                <aspectratio>keep</aspectratio>
                <texture>$VAR[Theme.Color]/badges/imdb.png</texture>
            </control>
            <control type="label" id="1">
                <posx>0</posx>
                <top>15</top>
                <width>120</width>
                <height>80</height>
                <font>BadgeFont</font>
                <align>center</align>
                <label>$INFO[ListItem.Top250]</label>
                <include>TextColor_MainColor</include>
            </control>
        </control>
    </include>
    <include name="CodecsExtendedInfo">
        <control type="image">
            <visible>!String.IsEmpty(Window.Property(VideoResolution))</visible>
            <description>Video rez Image</description>
            <width>120</width>
            <height>80</height>
            <aspectratio>keep</aspectratio>
            <texture>$VAR[Theme.Color]/badges/video/$INFO[Window.Property(VideoResolution),,.png]</texture>
        </control>
        <control type="image">
            <visible>!String.IsEmpty(Window.Property(VideoCodec))</visible>
            <description>Codec Image</description>
            <width>120</width>
            <height>80</height>
            <aspectratio>keep</aspectratio>
            <texture>$VAR[Theme.Color]/badges/video/$VAR[videocodec_ExtendedInfo].png</texture>
        </control>
        <control type="image">
            <visible>!String.IsEmpty(Window.Property(AudioChannels))</visible>
            <description>Audio Codec Image</description>
            <width>120</width>
            <height>80</height>
            <aspectratio>keep</aspectratio>
            <texture>$VAR[Theme.Color]/badges/audio/$INFO[Window.Property(AudioChannels),,.png]</texture>
        </control>
        <control type="image">
            <visible>!String.IsEmpty(Window.Property(AudioCodec))</visible>
            <description>Audio Codec Image</description>
            <width>120</width>
            <height>80</height>
            <aspectratio>keep</aspectratio>
            <texture>$VAR[Theme.Color]/badges/audio/$INFO[Window.Property(AudioCodec),,.png]</texture>
        </control>
        <control type="image">
            <description>MPAA Image</description>
            <width>120</width>
            <height>80</height>
            <aspectratio>keep</aspectratio>
            <texture>$VAR[MediaFlag_MPAA_ExtendedInfo]</texture>
        </control>
        <control type="image">
            <visible>Window.Property(IsStereoscopic)|String.Contains(Window.Property(Filenameandpath),.3dbd.) | String.Contains(Window.Property(Filenameandpath),.3d.)</visible>
            <description>3D Image</description>
            <width>120</width>
            <height>80</height>
            <aspectratio>keep</aspectratio>
            <texture>$VAR[Theme.Color]/badges/video/3dbd.png</texture>
        </control>
        <control type="group" id="1">
            <width>120</width>
            <height>80</height>
            <visible>!String.IsEmpty(Window.Property(Top250)) + !String.StartsWith(Window.Property(Top250),0)</visible>
            <control type="image" id="1">
                <width>120</width>
                <height>80</height>
                <aspectratio>keep</aspectratio>
                <texture>$VAR[Theme.Color]/badges/imdb.png</texture>
            </control>
            <control type="label" id="1">
                <posx>0</posx>
                <top>15</top>
                <width>120</width>
                <height>80</height>
                <font>BadgeFont</font>
                <align>center</align>
                <label>$INFO[Window.Property(Top250)]</label>
                <include>TextColor_MainColor</include>
            </control>
        </control>
    </include>
    <include name="CodecsView1">
        <control type="image">
            <visible>!String.IsEmpty(ListItem.VideoResolution)</visible>
            <description>Video rez Image</description>
            <width>120</width>
            <height>70</height>
            <aspectratio>keep</aspectratio>
            <texture>$VAR[Theme.Color]/badges/video/$INFO[ListItem.VideoResolution,,.png]</texture>
        </control>
        <control type="image">
            <visible>!String.IsEmpty(ListItem.VideoCodec)</visible>
            <description>Codec Image</description>
            <width>120</width>
            <height>70</height>
            <aspectratio>keep</aspectratio>
            <texture>$VAR[Theme.Color]/badges/video/$VAR[videocodec].png</texture>
        </control>
        <control type="image">
            <visible>[String.Contains(ListItem(0).Filenameandpath,bluray) | String.Contains(ListItem(0).Filenameandpath,blu-ray) | String.Contains(ListItem(0).Filenameandpath,bdrip)]|String.Contains(ListItem.Filenameandpath,web)|String.Contains(ListItem.Filenameandpath,hdtv)|String.Contains(ListItem.Filenameandpath,dvd) | String.EndsWith(ListItem.Filenameandpath,.ifo) | String.EndsWith(ListItem.Filenameandpath,.iso)|String.StartsWith(ListItem.Path,videodb://movies/sets)|String.Contains(Player.Filenameandpath,4k)</visible>
            <description>Codec Image</description>
            <width>120</width>
            <height>70</height>
            <aspectratio>keep</aspectratio>
            <texture>$VAR[Theme.Color]/badges/video/$VAR[videosource].png</texture>
        </control>
        <control type="image">
            <visible>ListItem.IsStereoscopic|String.Contains(ListItem.Filenameandpath,.3dbd.) | String.Contains(ListItem.Filenameandpath,.3d.)</visible>
            <description>3D Image</description>
            <width>120</width>
            <height>70</height>
            <aspectratio>keep</aspectratio>
            <texture>$VAR[Theme.Color]/badges/video/3dbd.png</texture>
        </control>
    </include>
    <include name="CodecsView2">
        <control type="image">
            <visible>!String.IsEmpty(ListItem.AudioCodec)</visible>
            <description>Audio Codec Image</description>
            <width>120</width>
            <height>70</height>
            <aspectratio>keep</aspectratio>
            <texture>$VAR[Theme.Color]/badges/audio/$INFO[ListItem.AudioChannels,,.png]</texture>
        </control>
        <control type="image">
            <visible>!String.IsEmpty(ListItem.AudioCodec)</visible>
            <description>Audio Codec Image</description>
            <width>120</width>
            <height>70</height>
            <aspectratio>keep</aspectratio>
            <texture>$VAR[Theme.Color]/badges/audio/$INFO[ListItem.AudioCodec,,.png]</texture>
        </control>
        <control type="image">
            <visible>!ListItem.IsParentFolder+[Container.Content(movies)|Container.Content(episodes)|Container.Content(musicvideos)]</visible>
            <description>MPAA Image</description>
            <width>120</width>
            <height>70</height>
            <aspectratio>keep</aspectratio>
            <texture>$VAR[MediaFlag_MPAA]</texture>
        </control>
        <control type="group" id="1">
            <width>120</width>
            <height>70</height>
            <visible>!String.IsEmpty(ListItem.Top250) + !String.StartsWith(ListItem.Top250,0)</visible>
            <control type="image" id="1">
                <width>120</width>
                <height>70</height>
                <aspectratio>keep</aspectratio>
                <texture>$VAR[Theme.Color]/badges/imdb.png</texture>
            </control>
            <control type="label" id="1">
                <posx>0</posx>
                <top>15</top>
                <width>120</width>
                <height>70</height>
                <font>BadgeFont</font>
                <align>center</align>
                <label>$INFO[ListItem.Top250]</label>
                <include>TextColor_MainColor</include>
            </control>
        </control>
    </include>
    <include name="CodecsShowcase">
        <control type="image">
            <visible>!String.IsEmpty(ListItem.VideoResolution)</visible>
            <description>Video rez Image</description>
            <width>120</width>
            <height>80</height>
            <aspectratio>keep</aspectratio>
            <texture>$VAR[Theme.Color]/badges/video/$INFO[ListItem.VideoResolution,,.png]</texture>
        </control>
        <control type="image">
            <visible>!String.IsEmpty(ListItem.VideoCodec)</visible>
            <description>Codec Image</description>
            <width>120</width>
            <height>80</height>
            <aspectratio>keep</aspectratio>
            <texture>$VAR[Theme.Color]/badges/video/$VAR[videocodec].png</texture>
        </control>
        <control type="image">
            <visible>!String.IsEmpty(ListItem.AudioChannels)</visible>
            <description>Audio Codec Image</description>
            <width>120</width>
            <height>80</height>
            <aspectratio>keep</aspectratio>
            <texture>$VAR[Theme.Color]/badges/audio/$INFO[ListItem.AudioChannels,,.png]</texture>
        </control>
        <control type="image">
            <visible>!String.IsEmpty(ListItem.AudioCodec)</visible>
            <description>Audio Codec Image</description>
            <width>120</width>
            <height>80</height>
            <aspectratio>keep</aspectratio>
            <texture>$VAR[Theme.Color]/badges/audio/$INFO[ListItem.AudioCodec,,.png]</texture>
        </control>
        <control type="image">
            <visible>!ListItem.IsParentFolder+[Container.Content(movies)|Container.Content(episodes)|Container.Content(musicvideos)]</visible>
            <description>MPAA Image</description>
            <width>120</width>
            <height>80</height>
            <aspectratio>keep</aspectratio>
            <texture>$VAR[MediaFlag_MPAA]</texture>
        </control>
        <control type="image">
            <visible>[String.Contains(ListItem(0).Filenameandpath,bluray) | String.Contains(ListItem(0).Filenameandpath,blu-ray) | String.Contains(ListItem(0).Filenameandpath,bdrip)]|String.Contains(ListItem.Filenameandpath,web)|String.Contains(ListItem.Filenameandpath,hdtv)|String.Contains(ListItem.Filenameandpath,dvd) | String.EndsWith(ListItem.Filenameandpath,.ifo) | String.EndsWith(ListItem.Filenameandpath,.iso)|String.StartsWith(ListItem.Path,videodb://movies/sets)|String.Contains(Player.Filenameandpath,4k)</visible>
            <description>Codec Image</description>
            <width>120</width>
            <height>80</height>
            <aspectratio>keep</aspectratio>
            <texture>$VAR[Theme.Color]/badges/video/$VAR[videosource].png</texture>
        </control>
        <control type="image">
            <visible>ListItem.IsStereoscopic|String.Contains(ListItem.Filenameandpath,.3dbd.) | String.Contains(ListItem.Filenameandpath,.3d.)</visible>
            <description>3D Image</description>
            <width>120</width>
            <height>80</height>
            <aspectratio>keep</aspectratio>
            <texture>$VAR[Theme.Color]/badges/video/3dbd.png</texture>
        </control>
        <control type="group" id="1">
            <width>120</width>
            <height>80</height>
            <visible>!String.IsEmpty(ListItem.Top250) + !String.StartsWith(ListItem.Top250,0)</visible>
            <control type="image" id="1">
                <width>120</width>
                <height>80</height>
                <aspectratio>keep</aspectratio>
                <texture>$VAR[Theme.Color]/badges/imdb.png</texture>
            </control>
            <control type="label" id="1">
                <posx>0</posx>
                <top>15</top>
                <width>120</width>
                <height>80</height>
                <font>BadgeFont</font>
                <align>center</align>
                <label>$INFO[ListItem.Top250]</label>
                <include>TextColor_MainColor</include>
            </control>
        </control>
    </include>
    <include name="CodecsCard">
        <control type="image">
            <visible>!String.IsEmpty(ListItem.VideoResolution)</visible>
            <description>Video rez Image</description>
            <posx>0</posx>
            <posy>0</posy>
            <width>100</width>
            <height>70</height>
            <aspectratio>keep</aspectratio>
            <texture>$VAR[Theme.Color]/badges/video/$INFO[ListItem.VideoResolution,,.png]</texture>
        </control>
        <control type="image">
            <animation effect="slide" start="0,0" end="-102,0" time="0" condition="String.IsEmpty(ListItem.VideoResolution)">Conditional</animation>
            <visible>!String.IsEmpty(ListItem.VideoCodec)</visible>
            <description>Codec Image</description>
            <posx>102</posx>
            <posy>0</posy>
            <width>100</width>
            <height>70</height>
            <aspectratio>keep</aspectratio>
            <texture>$VAR[Theme.Color]/badges/video/$VAR[videocodec].png</texture>
        </control>
        <control type="image">
            <animation effect="slide" start="0,0" end="-102,0" time="0" condition="String.IsEmpty(ListItem.VideoResolution)">Conditional</animation>
            <animation effect="slide" start="0,0" end="-102,0" time="0" condition="String.IsEmpty(ListItem.VideoCodec)">Conditional</animation>
            <visible>!String.IsEmpty(ListItem.AudioChannels)</visible>
            <description>Audio Codec Image</description>
            <posx>204</posx>
            <posy>0</posy>
            <width>100</width>
            <height>70</height>
            <aspectratio>keep</aspectratio>
            <texture>$VAR[Theme.Color]/badges/audio/$INFO[ListItem.AudioChannels,,.png]</texture>
        </control>
        <control type="image">
            <animation effect="slide" start="0,0" end="-102,0" time="0" condition="String.IsEmpty(ListItem.VideoResolution)">Conditional</animation>
            <animation effect="slide" start="0,0" end="-102,0" time="0" condition="String.IsEmpty(ListItem.VideoCodec)">Conditional</animation>
            <animation effect="slide" start="0,0" end="-102,0" time="0" condition="String.IsEmpty(ListItem.AudioChannels)">Conditional</animation>
            <visible>!String.IsEmpty(ListItem.AudioCodec)</visible>
            <description>Audio Codec Image</description>
            <posx>306</posx>
            <posy>0</posy>
            <width>100</width>
            <height>70</height>
            <aspectratio>keep</aspectratio>
            <texture>$VAR[Theme.Color]/badges/audio/$INFO[ListItem.AudioCodec,,.png]</texture>
        </control>
        <control type="image">
            <animation effect="slide" start="0,0" end="-102,0" time="0" condition="String.IsEmpty(ListItem.VideoResolution)">Conditional</animation>
            <animation effect="slide" start="0,0" end="-102,0" time="0" condition="String.IsEmpty(ListItem.VideoCodec)">Conditional</animation>
            <animation effect="slide" start="0,0" end="-102,0" time="0" condition="String.IsEmpty(ListItem.AudioChannels)">Conditional</animation>
            <animation effect="slide" start="0,0" end="-102,0" time="0" condition="String.IsEmpty(ListItem.AudioCodec)">Conditional</animation>
            <visible>!ListItem.IsParentFolder+[Container.Content(movies)|Container.Content(episodes)|Container.Content(musicvideos)]</visible>
            <description>MPAA Image</description>
            <posx>408</posx>
            <posy>0</posy>
            <width>100</width>
            <height>70</height>
            <aspectratio>keep</aspectratio>
            <texture>$VAR[MediaFlag_MPAA]</texture>
        </control>
        <control type="image">
            <animation effect="slide" start="0,0" end="-102,0" time="0" condition="String.IsEmpty(ListItem.VideoResolution)">Conditional</animation>
            <animation effect="slide" start="0,0" end="-102,0" time="0" condition="String.IsEmpty(ListItem.VideoCodec)">Conditional</animation>
            <animation effect="slide" start="0,0" end="-102,0" time="0" condition="String.IsEmpty(ListItem.AudioChannels)">Conditional</animation>
            <animation effect="slide" start="0,0" end="-102,0" time="0" condition="String.IsEmpty(ListItem.AudioCodec)">Conditional</animation>
            <animation effect="slide" start="0,0" end="-102,0" time="0" condition="![!ListItem.IsParentFolder+[Container.Content(movies)|Container.Content(episodes)|Container.Content(musicvideos)]]">Conditional</animation>
            <visible>[String.Contains(ListItem(0).Filenameandpath,bluray) | String.Contains(ListItem(0).Filenameandpath,blu-ray) | String.Contains(ListItem(0).Filenameandpath,bdrip)]|String.Contains(ListItem.Filenameandpath,web)|String.Contains(ListItem.Filenameandpath,hdtv)|String.Contains(ListItem.Filenameandpath,dvd) | String.EndsWith(ListItem.Filenameandpath,.ifo) | String.EndsWith(ListItem.Filenameandpath,.iso)|String.StartsWith(ListItem.Path,videodb://movies/sets)|String.Contains(Player.Filenameandpath,4k)</visible>
            <description>Source Image</description>
            <posx>510</posx>
            <posy>0</posy>
            <width>100</width>
            <height>70</height>
            <aspectratio>keep</aspectratio>
            <texture>$VAR[Theme.Color]/badges/video/$VAR[videosource].png</texture>
        </control>
        <control type="image">
            <animation effect="slide" start="0,0" end="-102,0" time="0" condition="String.IsEmpty(ListItem.VideoResolution)">Conditional</animation>
            <animation effect="slide" start="0,0" end="-102,0" time="0" condition="String.IsEmpty(ListItem.VideoCodec)">Conditional</animation>
            <animation effect="slide" start="0,0" end="-102,0" time="0" condition="String.IsEmpty(ListItem.AudioChannels)">Conditional</animation>
            <animation effect="slide" start="0,0" end="-102,0" time="0" condition="String.IsEmpty(ListItem.AudioCodec)">Conditional</animation>
            <animation effect="slide" start="0,0" end="-102,0" time="0" condition="![!ListItem.IsParentFolder+[Container.Content(movies)|Container.Content(episodes)|Container.Content(musicvideos)]]">Conditional</animation>
            <animation effect="slide" start="0,0" end="-102,0" time="0" condition="![[String.Contains(ListItem(0).Filenameandpath,bluray) | String.Contains(ListItem(0).Filenameandpath,blu-ray) | String.Contains(ListItem(0).Filenameandpath,bdrip)]|String.Contains(ListItem.Filenameandpath,web)|String.Contains(ListItem.Filenameandpath,hdtv)|String.Contains(ListItem.Filenameandpath,dvd) | String.EndsWith(ListItem.Filenameandpath,.ifo) | String.EndsWith(ListItem.Filenameandpath,.iso)|String.StartsWith(ListItem.Path,videodb://movies/sets)|String.Contains(Player.Filenameandpath,4k)]">Conditional</animation>
            <visible>ListItem.IsStereoscopic|String.Contains(ListItem.Filenameandpath,.3dbd.) | String.Contains(ListItem.Filenameandpath,.3d.)</visible>
            <description>3D Image</description>
            <posx>612</posx>
            <posy>0</posy>
            <width>100</width>
            <height>70</height>
            <aspectratio>keep</aspectratio>
            <texture>$VAR[Theme.Color]/badges/video/3dbd.png</texture>
        </control>
        <control type="group" id="1">
            <animation effect="slide" start="0,0" end="-102,0" time="0" condition="String.IsEmpty(ListItem.VideoResolution)">Conditional</animation>
            <animation effect="slide" start="0,0" end="-102,0" time="0" condition="String.IsEmpty(ListItem.VideoCodec)">Conditional</animation>
            <animation effect="slide" start="0,0" end="-102,0" time="0" condition="String.IsEmpty(ListItem.AudioChannels)">Conditional</animation>
            <animation effect="slide" start="0,0" end="-102,0" time="0" condition="String.IsEmpty(ListItem.AudioCodec)">Conditional</animation>
            <animation effect="slide" start="0,0" end="-102,0" time="0" condition="![!ListItem.IsParentFolder+[Container.Content(movies)|Container.Content(episodes)|Container.Content(musicvideos)]]">Conditional</animation>
            <animation effect="slide" start="0,0" end="-102,0" time="0" condition="![[String.Contains(ListItem(0).Filenameandpath,bluray) | String.Contains(ListItem(0).Filenameandpath,blu-ray) | String.Contains(ListItem(0).Filenameandpath,bdrip)]|String.Contains(ListItem.Filenameandpath,web)|String.Contains(ListItem.Filenameandpath,hdtv)|String.Contains(ListItem.Filenameandpath,dvd) | String.Contains(ListItem.Filenameandpath,.ifo) | String.Contains(ListItem.Filenameandpath,.iso)|String.StartsWith(ListItem.Path,videodb://movies/sets)|String.Contains(Player.Filenameandpath,4k)]">Conditional</animation>
            <animation effect="slide" start="0,0" end="-102,0" time="0" condition="![ListItem.IsStereoscopic|String.Contains(ListItem.Filenameandpath,.3dbd.) | String.Contains(ListItem.Filenameandpath,.3d.)]">Conditional</animation>
            <posx>714</posx>
            <posy>0</posy>
            <visible>!String.IsEmpty(ListItem.Top250) + !String.StartsWith(ListItem.Top250,0)</visible>
            <control type="image" id="1">
                <width>100</width>
                <height>70</height>
                <aspectratio>keep</aspectratio>
                <texture>$VAR[Theme.Color]/badges/imdb.png</texture>
            </control>
            <control type="label" id="1">
                <posx>0</posx>
                <top>11</top>
                <width>100</width>
                <height>70</height>
                <font>BadgeFont</font>
                <align>center</align>
                <label>$INFO[ListItem.Top250]</label>
                <include>TextColor_MainColor</include>
            </control>
        </control>
    </include>
    <include name="CodecsGrid">
        <control type="image">
            <visible>!String.IsEmpty(ListItem.VideoResolution)</visible>
            <description>Video rez Image</description>
            <width>85</width>
            <height>60</height>
            <aspectratio>keep</aspectratio>
            <texture>$VAR[Theme.Color]/badges/video/$INFO[ListItem.VideoResolution,,.png]</texture>
        </control>
        <control type="image">
            <visible>!String.IsEmpty(ListItem.VideoCodec)</visible>
            <description>Codec Image</description>
            <width>85</width>
            <height>60</height>
            <aspectratio>keep</aspectratio>
            <texture>$VAR[Theme.Color]/badges/video/$VAR[videocodec].png</texture>
        </control>
        <control type="image">
            <visible>!String.IsEmpty(ListItem.AudioChannels)</visible>
            <description>Audio Codec Image</description>
            <width>85</width>
            <height>60</height>
            <aspectratio>keep</aspectratio>
            <texture>$VAR[Theme.Color]/badges/audio/$INFO[ListItem.AudioChannels,,.png]</texture>
        </control>
        <control type="image">
            <visible>!String.IsEmpty(ListItem.AudioCodec)</visible>
            <description>Audio Codec Image</description>
            <width>85</width>
            <height>60</height>
            <aspectratio>keep</aspectratio>
            <texture>$VAR[Theme.Color]/badges/audio/$INFO[ListItem.AudioCodec,,.png]</texture>
        </control>
        <control type="image">
            <visible>!ListItem.IsParentFolder+[Container.Content(movies)|Container.Content(episodes)|Container.Content(musicvideos)]</visible>
            <description>MPAA Image</description>
            <width>85</width>
            <height>60</height>
            <aspectratio>keep</aspectratio>
            <texture>$VAR[MediaFlag_MPAA]</texture>
        </control>
        <control type="image">
            <visible>[String.Contains(ListItem(0).Filenameandpath,bluray) | String.Contains(ListItem(0).Filenameandpath,blu-ray) | String.Contains(ListItem(0).Filenameandpath,bdrip)]|String.Contains(ListItem.Filenameandpath,web)|String.Contains(ListItem.Filenameandpath,hdtv)|String.Contains(ListItem.Filenameandpath,dvd) | String.EndsWith(ListItem.Filenameandpath,.ifo) | String.EndsWith(ListItem.Filenameandpath,.iso)|String.StartsWith(ListItem.Path,videodb://movies/sets)|String.Contains(Player.Filenameandpath,4k)</visible>
            <description>Codec Image</description>
            <width>85</width>
            <height>60</height>
            <aspectratio>keep</aspectratio>
            <texture>$VAR[Theme.Color]/badges/video/$VAR[videosource].png</texture>
        </control>
        <control type="image">
            <visible>ListItem.IsStereoscopic|String.Contains(ListItem.Filenameandpath,.3dbd.) | String.Contains(ListItem.Filenameandpath,.3d.)</visible>
            <description>3D Image</description>
            <width>85</width>
            <height>60</height>
            <aspectratio>keep</aspectratio>
            <texture>$VAR[Theme.Color]/badges/video/3dbd.png</texture>
        </control>
        <control type="group" id="1">
            <visible>!String.IsEmpty(ListItem.Top250) + !String.StartsWith(ListItem.Top250,0)</visible>
            <width>85</width>
            <height>60</height>
            <control type="image" id="1">
                <width>85</width>
                <height>60</height>
                <aspectratio>keep</aspectratio>
                <texture>$VAR[Theme.Color]/badges/imdb.png</texture>
            </control>
            <control type="label" id="1">
                <posx>0</posx>
                <top>11</top>
                <width>85</width>
                <height>60</height>
                <font>BadgeFont</font>
                <align>center</align>
                <label>$INFO[ListItem.Top250]</label>
                <include>TextColor_MainColor</include>
            </control>
        </control>
    </include>
    <include name="CodecsBigList">
        <control type="image">
            <visible>!String.IsEmpty(ListItem.VideoResolution)</visible>
            <posx>0</posx>
            <width>100</width>
            <height>60</height>
            <aspectratio>keep</aspectratio>
            <texture>$VAR[Theme.Color]/badges/video/$INFO[ListItem.VideoResolution,,.png]</texture>
        </control>
        <control type="image">
            <animation effect="slide" start="0,0" end="-90,0" time="0" condition="String.IsEmpty(ListItem.VideoResolution)">Conditional</animation>
            <visible>!String.IsEmpty(ListItem.VideoCodec)</visible>
            <posx>90</posx>
            <width>100</width>
            <height>60</height>
            <aspectratio>keep</aspectratio>
            <texture>$VAR[Theme.Color]/badges/video/$VAR[videocodec].png</texture>
        </control>
        <control type="image">
            <animation effect="slide" start="0,0" end="-90,0" time="0" condition="String.IsEmpty(ListItem.VideoResolution)">Conditional</animation>
            <animation effect="slide" start="0,0" end="-90,0" time="0" condition="String.IsEmpty(ListItem.VideoCodec)">Conditional</animation>
            <visible>!String.IsEmpty(ListItem.AudioChannels)</visible>
            <posx>180</posx>
            <description>Audio Codec Image</description>
            <width>100</width>
            <height>60</height>
            <aspectratio>keep</aspectratio>
            <texture>$VAR[Theme.Color]/badges/audio/$INFO[ListItem.AudioChannels,,.png]</texture>
        </control>
        <control type="image">
            <animation effect="slide" start="0,0" end="-90,0" time="0" condition="String.IsEmpty(ListItem.VideoResolution)">Conditional</animation>
            <animation effect="slide" start="0,0" end="-90,0" time="0" condition="String.IsEmpty(ListItem.VideoCodec)">Conditional</animation>
            <animation effect="slide" start="0,0" end="-90,0" time="0" condition="String.IsEmpty(ListItem.AudioChannels)">Conditional</animation>
            <visible>!String.IsEmpty(ListItem.AudioCodec)</visible>
            <posx>270</posx>
            <description>Audio Codec Image</description>
            <width>100</width>
            <height>60</height>
            <aspectratio>keep</aspectratio>
            <texture>$VAR[Theme.Color]/badges/audio/$INFO[ListItem.AudioCodec,,.png]</texture>
        </control>
        <control type="image">
            <animation effect="slide" start="0,0" end="-90,0" time="0" condition="String.IsEmpty(ListItem.VideoResolution)">Conditional</animation>
            <animation effect="slide" start="0,0" end="-90,0" time="0" condition="String.IsEmpty(ListItem.VideoCodec)">Conditional</animation>
            <animation effect="slide" start="0,0" end="-90,0" time="0" condition="String.IsEmpty(ListItem.AudioChannels)">Conditional</animation>
            <animation effect="slide" start="0,0" end="-90,0" time="0" condition="String.IsEmpty(ListItem.AudioCodec)">Conditional</animation>
            <visible>!ListItem.IsParentFolder+[Container.Content(movies)|Container.Content(episodes)|Container.Content(musicvideos)]</visible>
            <posx>360</posx>
            <description>MPAA Image</description>
            <width>100</width>
            <height>60</height>
            <aspectratio>keep</aspectratio>
            <texture>$VAR[MediaFlag_MPAA]</texture>
        </control>
        <control type="image">
            <animation effect="slide" start="0,0" end="-90,0" time="0" condition="String.IsEmpty(ListItem.VideoResolution)">Conditional</animation>
            <animation effect="slide" start="0,0" end="-90,0" time="0" condition="String.IsEmpty(ListItem.VideoCodec)">Conditional</animation>
            <animation effect="slide" start="0,0" end="-90,0" time="0" condition="String.IsEmpty(ListItem.AudioChannels)">Conditional</animation>
            <animation effect="slide" start="0,0" end="-90,0" time="0" condition="String.IsEmpty(ListItem.AudioCodec)">Conditional</animation>
            <animation effect="slide" start="0,0" end="-90,0" time="0" condition="![!ListItem.IsParentFolder+[Container.Content(movies)|Container.Content(episodes)|Container.Content(musicvideos)]]">Conditional</animation>
            <posx>450</posx>
            <visible>[String.Contains(ListItem(0).Filenameandpath,bluray) | String.Contains(ListItem(0).Filenameandpath,blu-ray) | String.Contains(ListItem(0).Filenameandpath,bdrip)]|String.Contains(ListItem.Filenameandpath,web)|String.Contains(ListItem.Filenameandpath,hdtv)|String.Contains(ListItem.Filenameandpath,dvd) | String.EndsWith(ListItem.Filenameandpath,.ifo) | String.EndsWith(ListItem.Filenameandpath,.iso)|String.StartsWith(ListItem.Path,videodb://movies/sets)|String.Contains(Player.Filenameandpath,4k)</visible>
            <description>Source Image</description>
            <width>100</width>
            <height>60</height>
            <aspectratio>keep</aspectratio>
            <texture>$VAR[Theme.Color]/badges/video/$VAR[videosource].png</texture>
        </control>
        <control type="image">
            <animation effect="slide" start="0,0" end="-90,0" time="0" condition="String.IsEmpty(ListItem.VideoResolution)">Conditional</animation>
            <animation effect="slide" start="0,0" end="-90,0" time="0" condition="String.IsEmpty(ListItem.VideoCodec)">Conditional</animation>
            <animation effect="slide" start="0,0" end="-90,0" time="0" condition="String.IsEmpty(ListItem.AudioChannels)">Conditional</animation>
            <animation effect="slide" start="0,0" end="-90,0" time="0" condition="String.IsEmpty(ListItem.AudioCodec)">Conditional</animation>
            <animation effect="slide" start="0,0" end="-90,0" time="0" condition="![!ListItem.IsParentFolder+[Container.Content(movies)|Container.Content(episodes)|Container.Content(musicvideos)]]">Conditional</animation>
            <animation effect="slide" start="0,0" end="-90,0" time="0" condition="![[String.Contains(ListItem(0).Filenameandpath,bluray) | String.Contains(ListItem(0).Filenameandpath,blu-ray) | String.Contains(ListItem(0).Filenameandpath,bdrip)]|String.Contains(ListItem.Filenameandpath,web)|String.Contains(ListItem.Filenameandpath,hdtv)|String.Contains(ListItem.Filenameandpath,dvd) | String.EndsWith(ListItem.Filenameandpath,.ifo) | String.EndsWith(ListItem.Filenameandpath,.iso)|String.StartsWith(ListItem.Path,videodb://movies/sets)|String.Contains(Player.Filenameandpath,4k)]">Conditional</animation>
            <visible>ListItem.IsStereoscopic|String.Contains(ListItem.Filenameandpath,.3dbd.) | String.Contains(ListItem.Filenameandpath,.3d.)</visible>
            <posx>540</posx>
            <description>3D Image</description>
            <width>100</width>
            <height>60</height>
            <aspectratio>keep</aspectratio>
            <texture>$VAR[Theme.Color]/badges/video/3dbd.png</texture>
        </control>
        <control type="group" id="1">
            <animation effect="slide" start="0,0" end="-90,0" time="0" condition="String.IsEmpty(ListItem.VideoResolution)">Conditional</animation>
            <animation effect="slide" start="0,0" end="-90,0" time="0" condition="String.IsEmpty(ListItem.VideoCodec)">Conditional</animation>
            <animation effect="slide" start="0,0" end="-90,0" time="0" condition="String.IsEmpty(ListItem.AudioChannels)">Conditional</animation>
            <animation effect="slide" start="0,0" end="-90,0" time="0" condition="String.IsEmpty(ListItem.AudioCodec)">Conditional</animation>
            <animation effect="slide" start="0,0" end="-90,0" time="0" condition="![!ListItem.IsParentFolder+[Container.Content(movies)|Container.Content(episodes)|Container.Content(musicvideos)]]">Conditional</animation>
            <animation effect="slide" start="0,0" end="-90,0" time="0" condition="![[String.Contains(ListItem(0).Filenameandpath,bluray) | String.Contains(ListItem(0).Filenameandpath,blu-ray) | String.Contains(ListItem(0).Filenameandpath,bdrip)]|String.Contains(ListItem.Filenameandpath,web)|String.Contains(ListItem.Filenameandpath,hdtv)|String.Contains(ListItem.Filenameandpath,dvd) | String.Contains(ListItem.Filenameandpath,.ifo) | String.Contains(ListItem.Filenameandpath,.iso)|String.StartsWith(ListItem.Path,videodb://movies/sets)|String.Contains(Player.Filenameandpath,4k)]">Conditional</animation>
            <animation effect="slide" start="0,0" end="-90,0" time="0" condition="![ListItem.IsStereoscopic|String.Contains(ListItem.Filenameandpath,.3dbd.) | String.Contains(ListItem.Filenameandpath,.3d.)]">Conditional</animation>
            <posx>630</posx>
            <visible>!String.IsEmpty(ListItem.Top250) + !String.StartsWith(ListItem.Top250,0)</visible>
            <width>100</width>
            <height>60</height>
            <control type="image" id="1">
                <width>100</width>
                <height>60</height>
                <aspectratio>keep</aspectratio>
                <texture>$VAR[Theme.Color]/badges/imdb.png</texture>
            </control>
            <control type="label" id="1">
                <posx>0</posx>
                <top>11</top>
                <width>100</width>
                <height>60</height>
                <font>BadgeFont</font>
                <align>center</align>
                <label>$INFO[ListItem.Top250]</label>
                <include>TextColor_MainColor</include>
            </control>
        </control>
    </include>
    <include name="CodecsVideoOSD">
        <control type="image">
            <visible>!String.IsEmpty(VideoPlayer.VideoResolution)</visible>
            <description>Video rez Image</description>
            <width>100</width>
            <height>70</height>
            <aspectratio>keep</aspectratio>
            <texture>$VAR[Theme.Color]/badges/video/$INFO[VideoPlayer.VideoResolution,,.png]</texture>
        </control>
        <control type="image">
            <visible>!String.IsEmpty(VideoPlayer.VideoCodec)</visible>
            <description>Codec Image</description>
            <width>100</width>
            <height>70</height>
            <aspectratio>keep</aspectratio>
            <texture>$VAR[Theme.Color]/badges/video/$VAR[videocodecOSD].png</texture>
        </control>
        <control type="image">
            <visible>!String.IsEmpty(VideoPlayer.AudioChannels)</visible>
            <description>Audio Codec Image</description>
            <width>100</width>
            <height>70</height>
            <aspectratio>keep</aspectratio>
            <texture>$VAR[Theme.Color]/badges/audio/$INFO[VideoPlayer.AudioChannels,,.png]</texture>
        </control>
        <control type="image">
            <visible>!String.IsEmpty(VideoPlayer.AudioCodec)</visible>
            <description>Audio Codec Image</description>
            <width>100</width>
            <height>70</height>
            <aspectratio>keep</aspectratio>
            <texture>$VAR[Theme.Color]/badges/audio/$INFO[VideoPlayer.AudioCodec,,.png]</texture>
        </control>
        <control type="image">
            <description>MPAA Image</description>
            <width>100</width>
            <height>70</height>
            <aspectratio>keep</aspectratio>
            <texture>$VAR[MediaFlag_MPAAOSD]</texture>
        </control>
        <control type="image">
            <visible>[[String.Contains(Player.Filenameandpath,bluray) | String.Contains(Player.Filenameandpath,blu-ray) | String.Contains(Player.Filenameandpath,bdrip)]|String.Contains(Player.Filenameandpath,web)|String.Contains(Player.Filenameandpath,hdtv)|[String.Contains(Player.Filenameandpath,dvd) | String.EndsWith(Player.Filenameandpath,.ifo) | String.EndsWith(Player.Filenameandpath,.iso)]|String.Contains(Player.Filenameandpath,4k)]</visible>
            <description>Source Image</description>
            <width>100</width>
            <height>70</height>
            <aspectratio>keep</aspectratio>
            <texture>$VAR[Theme.Color]/badges/video/$VAR[videosourceOSD].png</texture>
        </control>
        <control type="image">
            <visible>VideoPlayer.IsStereoscopic|String.Contains(VideoPlayer.Filenameandpath,.3dbd.) | String.Contains(VideoPlayer.Filenameandpath,.3d.)</visible>
            <description>3D Image</description>
            <width>100</width>
            <height>70</height>
            <aspectratio>keep</aspectratio>
            <texture>$VAR[Theme.Color]/badges/video/3dbd.png</texture>
        </control>
        <control type="group" id="1">
            <width>100</width>
            <height>70</height>
            <visible>!String.IsEmpty(VideoPlayer.Top250) + !String.StartsWith(VideoPlayer.Top250,0)</visible>
            <control type="image" id="1">
                <width>100</width>
                <height>70</height>
                <aspectratio>keep</aspectratio>
                <texture>$VAR[Theme.Color]/badges/imdb.png</texture>
            </control>
            <control type="label" id="1">
                <posx>0</posx>
                <top>15</top>
                <width>100</width>
                <height>70</height>
                <font>BadgeFont</font>
                <align>center</align>
                <label>$INFO[VideoPlayer.Top250]</label>
                <include>TextColor_MainColor</include>
            </control>
        </control>
    </include>
    <include name="CodecsVideoOSD2">
        <control type="group" id="1">
            <width>90</width>
            <height>70</height>
            <visible>!String.IsEmpty(VideoPlayer.AudioLanguage)+!String.IsEqual(VideoPlayer.AudioLanguage,und)</visible>
            <control type="image" id="1">
                <posx>4</posx>
                <top>2</top>
                <width>38</width>
                <height>70</height>
                <aspectratio>keep</aspectratio>
                <texture>$VAR[Theme.Color]/topbar/topbar_volume_down_focus.png</texture>
            </control>
            <control type="label" id="1">
                <posx>40</posx>
                <top>-1</top>
                <width>45</width>
                <height>70</height>
                <font>BadgeFont</font>
                <align>left</align>
                <label>$INFO[VideoPlayer.AudioLanguage]</label>
                <include>TextColor_MainColor</include>
            </control>
        </control>
        <control type="group" id="1">
            <width>90</width>
            <height>70</height>
            <visible>!String.IsEmpty(VideoPlayer.SubtitlesLanguage)+!String.IsEqual(VideoPlayer.SubtitlesLanguage,und)</visible>
            <control type="image" id="1">
                <posx>4</posx>
                <top>2</top>
                <width>38</width>
                <height>70</height>
                <aspectratio>keep</aspectratio>
                <texture>$VAR[Theme.Color]/topbar/topbar_subtitles_focus.png</texture>
            </control>
            <control type="label" id="1">
                <posx>44</posx>
                <top>-1</top>
                <width>45</width>
                <height>70</height>
                <font>BadgeFont</font>
                <align>left</align>
                <label>$INFO[VideoPlayer.SubtitlesLanguage]</label>
                <include>TextColor_MainColor</include>
            </control>
        </control>
    </include>
    <include name="CodecsMusicOSD">
        <control type="image">
            <visible>!String.IsEmpty(VideoPlayer.AudioChannels)</visible>
            <description>Audio Codec Image</description>
            <width>100</width>
            <height>70</height>
            <aspectratio>keep</aspectratio>
            <texture>$VAR[Theme.Color]/badges/audio/$INFO[VideoPlayer.AudioChannels,,.png]</texture>
        </control>
        <control type="image">
            <visible>!String.IsEmpty(VideoPlayer.AudioCodec)</visible>
            <description>Audio Codec Image</description>
            <width>100</width>
            <height>70</height>
            <aspectratio>keep</aspectratio>
            <texture>$VAR[Theme.Color]/badges/audio/$INFO[VideoPlayer.AudioCodec,,.png]</texture>
        </control>
    </include>
</includes>
