<?xml version='1.0' encoding='UTF-8'?>
<includes>
	<include name="skinshortcuts-mainmenu">
		<item id="1">
			<property name="id">$NUMBER[1]</property>
			<label>Home</label>
			<label2>Custom item</label2>
			<icon>special://skin/backgrounds/default/default.jpg</icon>
			<thumb>http://builds.jdiggz.com/backgrounds/Builds/homeicon.jpg</thumb>
			<property name="labelID">home</property>
			<property name="defaultID" />
			<onclick>PlayMedia("plugin://script.skinswitch/?url=url&amp;mode=15&amp;name=home&amp;iconimage=C%3A%5CUsers%5CDiggz%5CAppData%5CRoaming%5CKodi%5Caddons%5Cscript.skinswitch%5Cresources%5Cart%5Cicon.png&amp;fanart=C%3A%5CUsers%5CDiggz%5CAppData%5CRoaming%5CKodi%5Caddons%5Cscript.skinswitch%5Cresources%5Cart%5Cfanart.png",return)</onclick>
			<property name="path">PlayMedia("plugin://script.skinswitch/?url=url&amp;mode=15&amp;name=home&amp;iconimage=C%3A%5CUsers%5CDiggz%5CAppData%5CRoaming%5CKodi%5Caddons%5Cscript.skinswitch%5Cresources%5Cart%5Cicon.png&amp;fanart=C%3A%5CUsers%5CDiggz%5CAppData%5CRoaming%5CKodi%5Caddons%5Cscript.skinswitch%5Cresources%5Cart%5Cfanart.png",return)</property>
			<property name="list">PlayMedia(plugin://script.skinswitch/?url=url&amp;mode=15&amp;name=home&amp;iconimage=C%3A%5CUsers%5CDiggz%5CAppData%5CRoaming%5CKodi%5Caddons%5Cscript.skinswitch%5Cresources%5Cart%5Cicon.png&amp;fanart=C%3A%5CUsers%5CDiggz%5CAppData%5CRoaming%5CKodi%5Caddons%5Cscript.skinswitch%5Cresources%5Cart%5Cfanart.png,return)</property>
			<visible>String.IsEqual(System.ProfileName,Master user)</visible>
			<property name="submenuVisibility">home</property>
			<property name="group">mainmenu</property>
			<property name="hasSubmenu">False</property>
		</item>
		<item id="2">
			<property name="id">$NUMBER[2]</property>
			<label>Bennu</label>
			<label2>Video Add-On</label2>
			<icon>special://skin/backgrounds/default/default.jpg</icon>
			<thumb>http://builds.jdiggz.com/backgrounds/addonimages/bennu.jpg</thumb>
			<property name="labelID">plugin.video.bennu</property>
			<property name="defaultID">plugin.video.bennu</property>
			<property name="translatedPath">ActivateWindow(Videos,"plugin://plugin.video.bennu",return)</property>
			<property name="background">http://builds.jdiggz.com/backgrounds/Genres/Movies/Disparityfanart/</property>
			<property name="backgroundName">http://builds.jdiggz.com/backgrounds/Genres/Movies/Disparityfanart/</property>
			<onclick>ActivateWindow(Videos,"plugin://plugin.video.bennu",return)</onclick>
			<property name="path">ActivateWindow(Videos,"plugin://plugin.video.bennu",return)</property>
			<property name="list">plugin://plugin.video.bennu</property>
			<visible>String.IsEqual(System.ProfileName,Master user)</visible>
			<property name="submenuVisibility">plugin-video-bennu</property>
			<property name="group">mainmenu</property>
			<property name="hasSubmenu">False</property>
		</item>
		<item id="3">
			<property name="id">$NUMBER[3]</property>
			<label>BoB Unleashed</label>
			<label2>Video Add-On</label2>
			<icon>special://skin/backgrounds/default/default.jpg</icon>
			<thumb>http://builds.jdiggz.com/backgrounds/addonimages/bobu.jpg</thumb>
			<property name="labelID">plugin.video.bob.unleashed</property>
			<property name="defaultID">plugin.video.bob.unleashed</property>
			<property name="translatedPath">ActivateWindow(Videos,"plugin://plugin.video.bob.unleashed",return)</property>
			<property name="background">http://builds.jdiggz.com/backgrounds/Genres/Movies/Disparityfanart/</property>
			<property name="backgroundName">http://builds.jdiggz.com/backgrounds/Genres/Movies/Disparityfanart/</property>
			<onclick>ActivateWindow(Videos,"plugin://plugin.video.bob.unleashed",return)</onclick>
			<property name="path">ActivateWindow(Videos,"plugin://plugin.video.bob.unleashed",return)</property>
			<property name="list">plugin://plugin.video.bob.unleashed</property>
			<visible>String.IsEqual(System.ProfileName,Master user)</visible>
			<property name="submenuVisibility">plugin-video-bob-unleashed</property>
			<property name="group">mainmenu</property>
			<property name="hasSubmenu">False</property>
		</item>
		<item id="4">
			<property name="id">$NUMBER[4]</property>
			<label>Black Entertainment</label>
			<label2>Video Add-On</label2>
			<icon>special://skin/backgrounds/default/default.jpg</icon>
			<thumb>special://home/addons/plugin.video.blackent/fanart.jpg</thumb>
			<property name="labelID">plugin.video.blackent</property>
			<property name="defaultID">plugin.video.blackent</property>
			<property name="translatedPath">ActivateWindow(Videos,"plugin://plugin.video.blackent",return)</property>
			<property name="background">http://builds.jdiggz.com/backgrounds/Genres/Movies/Disparityfanart/</property>
			<property name="backgroundName">http://builds.jdiggz.com/backgrounds/Genres/Movies/Disparityfanart/</property>
			<onclick>ActivateWindow(Videos,"plugin://plugin.video.blackent",return)</onclick>
			<property name="path">ActivateWindow(Videos,"plugin://plugin.video.blackent",return)</property>
			<property name="list">plugin://plugin.video.blackent</property>
			<visible>String.IsEqual(System.ProfileName,Master user)</visible>
			<property name="submenuVisibility">plugin-video-blackent</property>
			<property name="group">mainmenu</property>
			<property name="hasSubmenu">False</property>
		</item>
		<item id="5">
			<property name="id">$NUMBER[5]</property>
			<label>Bubbles</label>
			<label2>Video Add-On</label2>
			<icon>special://skin/backgrounds/default/default.jpg</icon>
			<thumb>http://builds.jdiggz.com/backgrounds/addonimages/bubbles.jpg</thumb>
			<property name="labelID">plugin.video.bubbles</property>
			<property name="defaultID">plugin.video.bubbles</property>
			<property name="translatedPath">ActivateWindow(Videos,"plugin://plugin.video.bubbles",return)</property>
			<property name="background">http://builds.jdiggz.com/backgrounds/Genres/Movies/Disparityfanart/</property>
			<property name="backgroundName">http://builds.jdiggz.com/backgrounds/Genres/Movies/Disparityfanart/</property>
			<onclick>ActivateWindow(Videos,"plugin://plugin.video.bubbles",return)</onclick>
			<property name="path">ActivateWindow(Videos,"plugin://plugin.video.bubbles",return)</property>
			<property name="list">plugin://plugin.video.bubbles</property>
			<visible>String.IsEqual(System.ProfileName,Master user)</visible>
			<property name="submenuVisibility">plugin-video-bubbles</property>
			<property name="group">mainmenu</property>
			<property name="hasSubmenu">False</property>
		</item>
		<item id="6">
			<property name="id">$NUMBER[6]</property>
			<label>Covenant</label>
			<label2>Video Add-On</label2>
			<icon>special://skin/backgrounds/default/default.jpg</icon>
			<thumb>http://builds.jdiggz.com/backgrounds/addonimages/covenant.jpg</thumb>
			<property name="labelID">plugin.video.covenant</property>
			<property name="defaultID">plugin.video.covenant</property>
			<property name="translatedPath">ActivateWindow(Videos,"plugin://plugin.video.covenant",return)</property>
			<property name="background">http://builds.jdiggz.com/backgrounds/Genres/Movies/Disparityfanart/</property>
			<property name="backgroundName">http://builds.jdiggz.com/backgrounds/Genres/Movies/Disparityfanart/</property>
			<onclick>ActivateWindow(Videos,"plugin://plugin.video.covenant",return)</onclick>
			<property name="path">ActivateWindow(Videos,"plugin://plugin.video.covenant",return)</property>
			<property name="list">plugin://plugin.video.covenant</property>
			<visible>String.IsEqual(System.ProfileName,Master user)</visible>
			<property name="submenuVisibility">plugin-video-covenant</property>
			<property name="group">mainmenu</property>
			<property name="hasSubmenu">False</property>
		</item>
		<item id="7">
			<property name="id">$NUMBER[7]</property>
			<label>DUCKPOOL</label>
			<label2>Video Add-On</label2>
			<icon>special://skin/backgrounds/default/default.jpg</icon>
			<thumb>http://builds.jdiggz.com/backgrounds/addonimages/Duckpool.jpg</thumb>
			<property name="labelID">script.icechannel</property>
			<property name="defaultID">script.icechannel</property>
			<property name="translatedPath">ActivateWindow(Videos,"plugin://script.icechannel",return)</property>
			<property name="background">http://builds.jdiggz.com/backgrounds/Genres/Movies/Disparityfanart/</property>
			<property name="backgroundName">http://builds.jdiggz.com/backgrounds/Genres/Movies/Disparityfanart/</property>
			<onclick>ActivateWindow(Videos,"plugin://script.icechannel",return)</onclick>
			<property name="path">ActivateWindow(Videos,"plugin://script.icechannel",return)</property>
			<property name="list">plugin://script.icechannel</property>
			<visible>String.IsEqual(System.ProfileName,Master user)</visible>
			<property name="submenuVisibility">script-icechannel</property>
			<property name="group">mainmenu</property>
			<property name="hasSubmenu">False</property>
		</item>
		<item id="8">
			<property name="id">$NUMBER[8]</property>
			<label>DandyMedia</label>
			<label2>Video Add-On</label2>
			<icon>special://skin/backgrounds/default/default.jpg</icon>
			<thumb>image://C%3a%5cUsers%5cDiggz%5cAppData%5cRoaming%5cKodi%5caddons%5cplugin.video.dandymedia%5cicon.png/</thumb>
			<property name="labelID">plugin.video.dandymedia</property>
			<property name="defaultID">plugin.video.dandymedia</property>
			<property name="translatedPath">ActivateWindow(Videos,"plugin://plugin.video.dandymedia",return)</property>
			<property name="background">http://builds.jdiggz.com/backgrounds/Genres/Movies/Disparityfanart/</property>
			<property name="backgroundName">http://builds.jdiggz.com/backgrounds/Genres/Movies/Disparityfanart/</property>
			<onclick>ActivateWindow(Videos,"plugin://plugin.video.dandymedia",return)</onclick>
			<property name="path">ActivateWindow(Videos,"plugin://plugin.video.dandymedia",return)</property>
			<property name="list">plugin://plugin.video.dandymedia</property>
			<visible>String.IsEqual(System.ProfileName,Master user)</visible>
			<property name="submenuVisibility">plugin-video-dandymedia</property>
			<property name="group">mainmenu</property>
			<property name="hasSubmenu">False</property>
		</item>
		<item id="9">
			<property name="id">$NUMBER[9]</property>
			<label>Elysium</label>
			<label2>Video Add-On</label2>
			<icon>special://skin/backgrounds/default/default.jpg</icon>
			<thumb>http://builds.jdiggz.com/backgrounds/addonimages/elysium.jpg</thumb>
			<property name="labelID">plugin.video.elysium</property>
			<property name="defaultID">plugin.video.elysium</property>
			<property name="background">http://builds.jdiggz.com/backgrounds/Genres/Movies/Disparityfanart/</property>
			<property name="translatedPath">ActivateWindow(Videos,"plugin://plugin.video.elysium",return)</property>
			<property name="backgroundName">http://builds.jdiggz.com/backgrounds/Genres/Movies/Disparityfanart/</property>
			<visible>!Skin.HasSetting(plexbmc)</visible>
			<onclick>ActivateWindow(Videos,"plugin://plugin.video.elysium",return)</onclick>
			<property name="path">ActivateWindow(Videos,"plugin://plugin.video.elysium",return)</property>
			<property name="list">plugin://plugin.video.elysium</property>
			<visible>String.IsEqual(System.ProfileName,Master user)</visible>
			<property name="submenuVisibility">plugin-video-elysium</property>
			<property name="group">mainmenu</property>
			<property name="hasSubmenu">False</property>
		</item>
		<item id="10">
			<property name="id">$NUMBER[10]</property>
			<label>Fido Video Addon</label>
			<label2>Video Add-On</label2>
			<icon>special://skin/backgrounds/default/default.jpg</icon>
			<thumb>http://builds.jdiggz.com/backgrounds/addonimages/fido.jpg</thumb>
			<property name="labelID">plugin.video.Fido</property>
			<property name="defaultID">plugin.video.Fido</property>
			<property name="translatedPath">ActivateWindow(Videos,"plugin://plugin.video.Fido",return)</property>
			<property name="background">http://builds.jdiggz.com/backgrounds/Genres/Movies/Disparityfanart/</property>
			<property name="backgroundName">http://builds.jdiggz.com/backgrounds/Genres/Movies/Disparityfanart/</property>
			<onclick>ActivateWindow(Videos,"plugin://plugin.video.Fido",return)</onclick>
			<property name="path">ActivateWindow(Videos,"plugin://plugin.video.Fido",return)</property>
			<property name="list">plugin://plugin.video.Fido</property>
			<visible>String.IsEqual(System.ProfileName,Master user)</visible>
			<property name="submenuVisibility">plugin-video-fido</property>
			<property name="group">mainmenu</property>
			<property name="hasSubmenu">False</property>
		</item>
		<item id="11">
			<property name="id">$NUMBER[11]</property>
			<label>FilmCUBE</label>
			<label2>Video Add-On</label2>
			<icon>special://skin/backgrounds/default/default.jpg</icon>
			<thumb>http://builds.jdiggz.com/backgrounds/addonimages/filmcube.jpg</thumb>
			<property name="labelID">plugin.video.filmcube</property>
			<property name="defaultID">plugin.video.filmcube</property>
			<property name="translatedPath">ActivateWindow(Videos,"plugin://plugin.video.filmcube",return)</property>
			<property name="background">http://builds.jdiggz.com/backgrounds/Genres/Movies/Disparityfanart/</property>
			<property name="backgroundName">http://builds.jdiggz.com/backgrounds/Genres/Movies/Disparityfanart/</property>
			<onclick>ActivateWindow(Videos,"plugin://plugin.video.filmcube",return)</onclick>
			<property name="path">ActivateWindow(Videos,"plugin://plugin.video.filmcube",return)</property>
			<property name="list">plugin://plugin.video.filmcube</property>
			<visible>String.IsEqual(System.ProfileName,Master user)</visible>
			<property name="submenuVisibility">plugin-video-filmcube</property>
			<property name="group">mainmenu</property>
			<property name="hasSubmenu">False</property>
		</item>
		<item id="12">
			<property name="id">$NUMBER[12]</property>
			<label>Maverick TV</label>
			<label2>Video Add-On</label2>
			<icon>special://skin/backgrounds/default/default.jpg</icon>
			<thumb>special://home/addons/plugin.video.MaverickTV/fanart.jpg</thumb>
			<property name="labelID">plugin.video.MaverickTV</property>
			<property name="defaultID">plugin.video.MaverickTV</property>
			<property name="translatedPath">ActivateWindow(Videos,"plugin://plugin.video.MaverickTV",return)</property>
			<property name="background">http://builds.jdiggz.com/backgrounds/Genres/Movies/Disparityfanart/</property>
			<property name="backgroundName">http://builds.jdiggz.com/backgrounds/Genres/Movies/Disparityfanart/</property>
			<onclick>ActivateWindow(Videos,"plugin://plugin.video.MaverickTV",return)</onclick>
			<property name="path">ActivateWindow(Videos,"plugin://plugin.video.MaverickTV",return)</property>
			<property name="list">plugin://plugin.video.MaverickTV</property>
			<visible>String.IsEqual(System.ProfileName,Master user)</visible>
			<property name="submenuVisibility">plugin-video-mavericktv</property>
			<property name="group">mainmenu</property>
			<property name="hasSubmenu">False</property>
		</item>
		<item id="13">
			<property name="id">$NUMBER[13]</property>
			<label>Movie Dude</label>
			<label2>Video Add-On</label2>
			<icon>special://skin/backgrounds/default/default.jpg</icon>
			<thumb>special://home/addons/plugin.video.moviedude/fanart.jpg</thumb>
			<property name="labelID">plugin.video.moviedude</property>
			<property name="defaultID">plugin.video.moviedude</property>
			<property name="translatedPath">ActivateWindow(Videos,"plugin://plugin.video.moviedude",return)</property>
			<property name="background">http://builds.jdiggz.com/backgrounds/Genres/Movies/Disparityfanart/</property>
			<property name="backgroundName">http://builds.jdiggz.com/backgrounds/Genres/Movies/Disparityfanart/</property>
			<onclick>ActivateWindow(Videos,"plugin://plugin.video.moviedude",return)</onclick>
			<property name="path">ActivateWindow(Videos,"plugin://plugin.video.moviedude",return)</property>
			<property name="list">plugin://plugin.video.moviedude</property>
			<visible>String.IsEqual(System.ProfileName,Master user)</visible>
			<property name="submenuVisibility">plugin-video-moviedude</property>
			<property name="group">mainmenu</property>
			<property name="hasSubmenu">False</property>
		</item>
		<item id="14">
			<property name="id">$NUMBER[14]</property>
			<label>Openload Movies</label>
			<label2>Video Add-On</label2>
			<icon>special://skin/backgrounds/default/default.jpg</icon>
			<thumb>image://C%3a%5cUsers%5cDiggz%5cAppData%5cRoaming%5cKodi%5caddons%5cplugin.video.openloadmovies%5cicon.png/</thumb>
			<property name="labelID">plugin.video.openloadmovies</property>
			<property name="defaultID">plugin.video.openloadmovies</property>
			<property name="translatedPath">ActivateWindow(Videos,"plugin://plugin.video.openloadmovies",return)</property>
			<property name="background">http://builds.jdiggz.com/backgrounds/Genres/Movies/Disparityfanart/</property>
			<property name="backgroundName">http://builds.jdiggz.com/backgrounds/Genres/Movies/Disparityfanart/</property>
			<onclick>ActivateWindow(Videos,"plugin://plugin.video.openloadmovies",return)</onclick>
			<property name="path">ActivateWindow(Videos,"plugin://plugin.video.openloadmovies",return)</property>
			<property name="list">plugin://plugin.video.openloadmovies</property>
			<visible>String.IsEqual(System.ProfileName,Master user)</visible>
			<property name="submenuVisibility">plugin-video-openloadmovies</property>
			<property name="group">mainmenu</property>
			<property name="hasSubmenu">False</property>
		</item>
		<item id="15">
			<property name="id">$NUMBER[15]</property>
			<label>Quantum</label>
			<label2>Video Add-On</label2>
			<icon>special://skin/backgrounds/default/default.jpg</icon>
			<thumb>http://builds.jdiggz.com/backgrounds/addonimages/qantum.jpg</thumb>
			<property name="labelID">plugin.video.quantum</property>
			<property name="defaultID">plugin.video.quantum</property>
			<property name="translatedPath">ActivateWindow(Videos,"plugin://plugin.video.quantum",return)</property>
			<property name="background">http://builds.jdiggz.com/backgrounds/Genres/Movies/Disparityfanart/</property>
			<property name="backgroundName">http://builds.jdiggz.com/backgrounds/Genres/Movies/Disparityfanart/</property>
			<onclick>ActivateWindow(Videos,"plugin://plugin.video.quantum",return)</onclick>
			<property name="path">ActivateWindow(Videos,"plugin://plugin.video.quantum",return)</property>
			<property name="list">plugin://plugin.video.quantum</property>
			<visible>String.IsEqual(System.ProfileName,Master user)</visible>
			<property name="submenuVisibility">plugin-video-quantum</property>
			<property name="group">mainmenu</property>
			<property name="hasSubmenu">False</property>
		</item>
		<item id="16">
			<property name="id">$NUMBER[16]</property>
			<label>Showbox Arize</label>
			<label2>Video Add-On</label2>
			<icon>special://skin/backgrounds/default/default.jpg</icon>
			<thumb>special://home/addons/plugin.video.showboxarize/fanart.jpg</thumb>
			<property name="labelID">plugin.video.showboxarize</property>
			<property name="defaultID">plugin.video.showboxarize</property>
			<property name="translatedPath">ActivateWindow(Videos,"plugin://plugin.video.showboxarize",return)</property>
			<property name="background">http://builds.jdiggz.com/backgrounds/Genres/Movies/Disparityfanart/</property>
			<property name="backgroundName">http://builds.jdiggz.com/backgrounds/Genres/Movies/Disparityfanart/</property>
			<onclick>ActivateWindow(Videos,"plugin://plugin.video.showboxarize",return)</onclick>
			<property name="path">ActivateWindow(Videos,"plugin://plugin.video.showboxarize",return)</property>
			<property name="list">plugin://plugin.video.showboxarize</property>
			<visible>String.IsEqual(System.ProfileName,Master user)</visible>
			<property name="submenuVisibility">plugin-video-showboxarize</property>
			<property name="group">mainmenu</property>
			<property name="hasSubmenu">False</property>
		</item>
		<item id="17">
			<property name="id">$NUMBER[17]</property>
			<label>SkyNet</label>
			<label2>Video Add-On</label2>
			<icon>special://skin/backgrounds/default/default.jpg</icon>
			<thumb>http://builds.jdiggz.com/backgrounds/addonimages/skynet.jpg</thumb>
			<property name="labelID">plugin.video.SkyNet</property>
			<property name="defaultID">plugin.video.SkyNet</property>
			<property name="translatedPath">ActivateWindow(Videos,"plugin://plugin.video.SkyNet",return)</property>
			<property name="background">http://builds.jdiggz.com/backgrounds/Genres/Movies/Disparityfanart/</property>
			<property name="backgroundName">http://builds.jdiggz.com/backgrounds/Genres/Movies/Disparityfanart/</property>
			<onclick>ActivateWindow(Videos,"plugin://plugin.video.SkyNet",return)</onclick>
			<property name="path">ActivateWindow(Videos,"plugin://plugin.video.SkyNet",return)</property>
			<property name="list">plugin://plugin.video.SkyNet</property>
			<visible>String.IsEqual(System.ProfileName,Master user)</visible>
			<property name="submenuVisibility">plugin-video-skynet</property>
			<property name="group">mainmenu</property>
			<property name="hasSubmenu">False</property>
		</item>
		<item id="18">
			<property name="id">$NUMBER[18]</property>
			<label>Specto - ... Fork</label>
			<label2>Video Add-On</label2>
			<icon>special://skin/backgrounds/default/default.jpg</icon>
			<thumb>http://builds.jdiggz.com/backgrounds/addonimages/specto.jpg</thumb>
			<property name="labelID">plugin.video.specto</property>
			<property name="defaultID">plugin.video.specto</property>
			<property name="translatedPath">ActivateWindow(Videos,"plugin://plugin.video.specto",return)</property>
			<property name="background">http://builds.jdiggz.com/backgrounds/Genres/Movies/Disparityfanart/</property>
			<property name="backgroundName">http://builds.jdiggz.com/backgrounds/Genres/Movies/Disparityfanart/</property>
			<onclick>ActivateWindow(Videos,"plugin://plugin.video.specto",return)</onclick>
			<property name="path">ActivateWindow(Videos,"plugin://plugin.video.specto",return)</property>
			<property name="list">plugin://plugin.video.specto</property>
			<visible>String.IsEqual(System.ProfileName,Master user)</visible>
			<property name="submenuVisibility">plugin-video-specto</property>
			<property name="group">mainmenu</property>
			<property name="hasSubmenu">False</property>
		</item>
		<item id="19">
			<property name="id">$NUMBER[19]</property>
			<label>Stream All The Sources</label>
			<label2>Video Add-On</label2>
			<icon>special://skin/backgrounds/default/default.jpg</icon>
			<thumb>special://home/addons/plugin.video.salts/fanart.jpg</thumb>
			<property name="labelID">plugin.video.salts</property>
			<property name="defaultID">plugin.video.salts</property>
			<property name="translatedPath">ActivateWindow(Videos,"plugin://plugin.video.salts",return)</property>
			<property name="background">http://builds.jdiggz.com/backgrounds/Genres/Movies/Disparityfanart/</property>
			<property name="backgroundName">http://builds.jdiggz.com/backgrounds/Genres/Movies/Disparityfanart/</property>
			<onclick>ActivateWindow(Videos,"plugin://plugin.video.salts",return)</onclick>
			<property name="path">ActivateWindow(Videos,"plugin://plugin.video.salts",return)</property>
			<property name="list">plugin://plugin.video.salts</property>
			<visible>String.IsEqual(System.ProfileName,Master user)</visible>
			<property name="submenuVisibility">plugin-video-salts</property>
			<property name="group">mainmenu</property>
			<property name="hasSubmenu">False</property>
		</item>
		<item id="20">
			<property name="id">$NUMBER[20]</property>
			<label>SubZero</label>
			<label2>Video Add-On</label2>
			<icon>special://skin/backgrounds/default/default.jpg</icon>
			<thumb>special://home/addons/plugin.video.subzero/fanart.jpg</thumb>
			<property name="labelID">plugin.video.subzero</property>
			<property name="defaultID">plugin.video.subzero</property>
			<property name="translatedPath">ActivateWindow(Videos,"plugin://plugin.video.subzero",return)</property>
			<property name="background">http://builds.jdiggz.com/backgrounds/Genres/Movies/Disparityfanart/</property>
			<property name="backgroundName">http://builds.jdiggz.com/backgrounds/Genres/Movies/Disparityfanart/</property>
			<onclick>ActivateWindow(Videos,"plugin://plugin.video.subzero",return)</onclick>
			<property name="path">ActivateWindow(Videos,"plugin://plugin.video.subzero",return)</property>
			<property name="list">plugin://plugin.video.subzero</property>
			<visible>String.IsEqual(System.ProfileName,Master user)</visible>
			<property name="submenuVisibility">plugin-video-subzero</property>
			<property name="group">mainmenu</property>
			<property name="hasSubmenu">False</property>
		</item>
		<item id="21">
			<property name="id">$NUMBER[21]</property>
			<label>The DeLorean</label>
			<label2>Video Add-On</label2>
			<icon>special://skin/backgrounds/default/default.jpg</icon>
			<thumb>special://home/addons/plugin.video.TheDeLorean/fanart.jpg</thumb>
			<property name="labelID">plugin.video.TheDeLorean</property>
			<property name="defaultID">plugin.video.TheDeLorean</property>
			<property name="translatedPath">ActivateWindow(Videos,"plugin://plugin.video.TheDeLorean",return)</property>
			<property name="background">http://builds.jdiggz.com/backgrounds/Genres/Movies/Disparityfanart/</property>
			<property name="backgroundName">http://builds.jdiggz.com/backgrounds/Genres/Movies/Disparityfanart/</property>
			<onclick>ActivateWindow(Videos,"plugin://plugin.video.TheDeLorean",return)</onclick>
			<property name="path">ActivateWindow(Videos,"plugin://plugin.video.TheDeLorean",return)</property>
			<property name="list">plugin://plugin.video.TheDeLorean</property>
			<visible>String.IsEqual(System.ProfileName,Master user)</visible>
			<property name="submenuVisibility">plugin-video-thedelorean</property>
			<property name="group">mainmenu</property>
			<property name="hasSubmenu">False</property>
		</item>
		<item id="22">
			<property name="id">$NUMBER[22]</property>
			<label>The Pyramid</label>
			<label2>Video Add-On</label2>
			<icon>special://skin/backgrounds/default/default.jpg</icon>
			<thumb>special://home/addons/plugin.video.thepyramid/fanart.jpg</thumb>
			<property name="labelID">plugin.video.thepyramid</property>
			<property name="defaultID">plugin.video.thepyramid</property>
			<property name="translatedPath">ActivateWindow(Videos,"plugin://plugin.video.thepyramid",return)</property>
			<property name="background">http://builds.jdiggz.com/backgrounds/Genres/Movies/Disparityfanart/</property>
			<property name="backgroundName">http://builds.jdiggz.com/backgrounds/Genres/Movies/Disparityfanart/</property>
			<onclick>ActivateWindow(Videos,"plugin://plugin.video.thepyramid",return)</onclick>
			<property name="path">ActivateWindow(Videos,"plugin://plugin.video.thepyramid",return)</property>
			<property name="list">plugin://plugin.video.thepyramid</property>
			<visible>String.IsEqual(System.ProfileName,Master user)</visible>
			<property name="submenuVisibility">plugin-video-thepyramid</property>
			<property name="group">mainmenu</property>
			<property name="hasSubmenu">False</property>
		</item>
		<item id="23">
			<property name="id">$NUMBER[23]</property>
			<label>The Real UrbanKingz</label>
			<label2>Video Add-On</label2>
			<icon>special://skin/backgrounds/default/default.jpg</icon>
			<thumb>image://C%3a%5cUsers%5cDiggz%5cAppData%5cRoaming%5cKodi%5caddons%5cplugin.video.TheRealUrbanKingz%5cicon.png/</thumb>
			<property name="labelID">plugin.video.TheRealUrbanKingz</property>
			<property name="defaultID">plugin.video.TheRealUrbanKingz</property>
			<property name="translatedPath">ActivateWindow(Videos,"plugin://plugin.video.TheRealUrbanKingz",return)</property>
			<property name="background">http://builds.jdiggz.com/backgrounds/Genres/Movies/Disparityfanart/</property>
			<property name="backgroundName">http://builds.jdiggz.com/backgrounds/Genres/Movies/Disparityfanart/</property>
			<onclick>ActivateWindow(Videos,"plugin://plugin.video.TheRealUrbanKingz",return)</onclick>
			<property name="path">ActivateWindow(Videos,"plugin://plugin.video.TheRealUrbanKingz",return)</property>
			<property name="list">plugin://plugin.video.TheRealUrbanKingz</property>
			<visible>String.IsEqual(System.ProfileName,Master user)</visible>
			<property name="submenuVisibility">plugin-video-therealurbankingz</property>
			<property name="group">mainmenu</property>
			<property name="hasSubmenu">False</property>
		</item>
		<item id="24">
			<property name="id">$NUMBER[24]</property>
			<label>Top-TV Shows</label>
			<label2>Video Add-On</label2>
			<icon>special://skin/backgrounds/default/default.jpg</icon>
			<thumb>http://builds.jdiggz.com/backgrounds/addonimages/topptv.jpg</thumb>
			<property name="labelID">plugin.video.toptvshows</property>
			<property name="defaultID">plugin.video.toptvshows</property>
			<property name="translatedPath">ActivateWindow(Videos,"plugin://plugin.video.toptvshows",return)</property>
			<property name="background">http://builds.jdiggz.com/backgrounds/Genres/Movies/Disparityfanart/</property>
			<property name="backgroundName">http://builds.jdiggz.com/backgrounds/Genres/Movies/Disparityfanart/</property>
			<onclick>ActivateWindow(Videos,"plugin://plugin.video.toptvshows",return)</onclick>
			<property name="path">ActivateWindow(Videos,"plugin://plugin.video.toptvshows",return)</property>
			<property name="list">plugin://plugin.video.toptvshows</property>
			<visible>String.IsEqual(System.ProfileName,Master user)</visible>
			<property name="submenuVisibility">plugin-video-toptvshows</property>
			<property name="group">mainmenu</property>
			<property name="hasSubmenu">False</property>
		</item>
		<item id="25">
			<property name="id">$NUMBER[25]</property>
			<label>UK Turk Playlists</label>
			<label2>Video Add-On</label2>
			<icon>special://skin/backgrounds/default/default.jpg</icon>
			<thumb>http://builds.jdiggz.com/backgrounds/addonimages/ukturk.jpg</thumb>
			<property name="labelID">plugin.video.ukturk</property>
			<property name="defaultID">plugin.video.ukturk</property>
			<property name="translatedPath">ActivateWindow(Videos,"plugin://plugin.video.ukturk",return)</property>
			<property name="background">http://builds.jdiggz.com/backgrounds/Genres/Movies/Disparityfanart/</property>
			<property name="backgroundName">http://builds.jdiggz.com/backgrounds/Genres/Movies/Disparityfanart/</property>
			<onclick>ActivateWindow(Videos,"plugin://plugin.video.ukturk",return)</onclick>
			<property name="path">ActivateWindow(Videos,"plugin://plugin.video.ukturk",return)</property>
			<property name="list">plugin://plugin.video.ukturk</property>
			<visible>String.IsEqual(System.ProfileName,Master user)</visible>
			<property name="submenuVisibility">plugin-video-ukturk</property>
			<property name="group">mainmenu</property>
			<property name="hasSubmenu">False</property>
		</item>
		<item id="26">
			<property name="id">$NUMBER[26]</property>
			<label>Vortex</label>
			<label2>Video Add-On</label2>
			<icon>special://skin/backgrounds/default/default.jpg</icon>
			<thumb>http://builds.jdiggz.com/backgrounds/addonimages/vortex.jpg</thumb>
			<property name="labelID">plugin.video.Vortex</property>
			<property name="defaultID">plugin.video.Vortex</property>
			<property name="translatedPath">ActivateWindow(Videos,"plugin://plugin.video.Vortex",return)</property>
			<property name="background">http://builds.jdiggz.com/backgrounds/Genres/Movies/Disparityfanart/</property>
			<property name="backgroundName">http://builds.jdiggz.com/backgrounds/Genres/Movies/Disparityfanart/</property>
			<onclick>ActivateWindow(Videos,"plugin://plugin.video.Vortex",return)</onclick>
			<property name="path">ActivateWindow(Videos,"plugin://plugin.video.Vortex",return)</property>
			<property name="list">plugin://plugin.video.Vortex</property>
			<visible>String.IsEqual(System.ProfileName,Master user)</visible>
			<property name="submenuVisibility">plugin-video-vortex</property>
			<property name="group">mainmenu</property>
			<property name="hasSubmenu">False</property>
		</item>
		<item id="27">
			<property name="id">$NUMBER[27]</property>
			<label>[B][COLOR cyan]PICASSO[/COLOR][/B]</label>
			<label2>Video Add-On</label2>
			<icon>special://skin/backgrounds/default/default.jpg</icon>
			<thumb>special://home/addons/plugin.video.picasso/fanart.png</thumb>
			<property name="labelID">plugin.video.picasso</property>
			<property name="defaultID">plugin.video.picasso</property>
			<property name="translatedPath">ActivateWindow(Videos,"plugin://plugin.video.picasso",return)</property>
			<property name="background">http://builds.jdiggz.com/backgrounds/Genres/Movies/Disparityfanart/</property>
			<property name="backgroundName">http://builds.jdiggz.com/backgrounds/Genres/Movies/Disparityfanart/</property>
			<onclick>ActivateWindow(Videos,"plugin://plugin.video.picasso",return)</onclick>
			<property name="path">ActivateWindow(Videos,"plugin://plugin.video.picasso",return)</property>
			<property name="list">plugin://plugin.video.picasso</property>
			<visible>String.IsEqual(System.ProfileName,Master user)</visible>
			<property name="submenuVisibility">plugin-video-picasso</property>
			<property name="group">mainmenu</property>
			<property name="hasSubmenu">False</property>
		</item>
		<item id="28">
			<property name="id">$NUMBER[28]</property>
			<label>[B][COLOR ghostwhite]W[/COLOR][COLOR red]OLFPAC[/COLOR][COLOR ghostwhite]K[/COLOR][/B]</label>
			<label2>Video Add-On</label2>
			<icon>special://skin/backgrounds/default/default.jpg</icon>
			<thumb>special://home/addons/plugin.video.wolfpack/fanart.jpg</thumb>
			<property name="labelID">plugin.video.wolfpack</property>
			<property name="defaultID">plugin.video.wolfpack</property>
			<property name="translatedPath">ActivateWindow(Videos,"plugin://plugin.video.wolfpack",return)</property>
			<property name="background">http://builds.jdiggz.com/backgrounds/Genres/Movies/Disparityfanart/</property>
			<property name="backgroundName">http://builds.jdiggz.com/backgrounds/Genres/Movies/Disparityfanart/</property>
			<onclick>ActivateWindow(Videos,"plugin://plugin.video.wolfpack",return)</onclick>
			<property name="path">ActivateWindow(Videos,"plugin://plugin.video.wolfpack",return)</property>
			<property name="list">plugin://plugin.video.wolfpack</property>
			<visible>String.IsEqual(System.ProfileName,Master user)</visible>
			<property name="submenuVisibility">plugin-video-wolfpack</property>
			<property name="group">mainmenu</property>
			<property name="hasSubmenu">False</property>
		</item>
		<item id="29">
			<property name="id">$NUMBER[29]</property>
			<label>[COLOR blue]T[/COLOR]itan</label>
			<label2>Video Add-On</label2>
			<icon>special://skin/backgrounds/default/default.jpg</icon>
			<thumb>special://home/addons/plugin.video.titan/fanart.jpg</thumb>
			<property name="labelID">plugin.video.titan</property>
			<property name="defaultID">plugin.video.titan</property>
			<property name="translatedPath">ActivateWindow(Videos,"plugin://plugin.video.titan",return)</property>
			<property name="background">http://builds.jdiggz.com/backgrounds/Genres/Movies/Disparityfanart/</property>
			<property name="backgroundName">http://builds.jdiggz.com/backgrounds/Genres/Movies/Disparityfanart/</property>
			<onclick>ActivateWindow(Videos,"plugin://plugin.video.titan",return)</onclick>
			<property name="path">ActivateWindow(Videos,"plugin://plugin.video.titan",return)</property>
			<property name="list">plugin://plugin.video.titan</property>
			<visible>String.IsEqual(System.ProfileName,Master user)</visible>
			<property name="submenuVisibility">plugin-video-titan</property>
			<property name="group">mainmenu</property>
			<property name="hasSubmenu">False</property>
		</item>
		<item id="30">
			<property name="id">$NUMBER[30]</property>
			<label>[COLOR dodgerblue].White Devil Streams[/COLOR]</label>
			<label2>Video Add-On</label2>
			<icon>special://skin/backgrounds/default/default.jpg</icon>
			<thumb>special://home/addons/plugin.video.white.devil/fanart.jpg</thumb>
			<property name="labelID">plugin.video.white.devil</property>
			<property name="defaultID">plugin.video.white.devil</property>
			<property name="translatedPath">ActivateWindow(Videos,"plugin://plugin.video.white.devil",return)</property>
			<property name="background">http://builds.jdiggz.com/backgrounds/Genres/Movies/Disparityfanart/</property>
			<property name="backgroundName">http://builds.jdiggz.com/backgrounds/Genres/Movies/Disparityfanart/</property>
			<onclick>ActivateWindow(Videos,"plugin://plugin.video.white.devil",return)</onclick>
			<property name="path">ActivateWindow(Videos,"plugin://plugin.video.white.devil",return)</property>
			<property name="list">plugin://plugin.video.white.devil</property>
			<visible>String.IsEqual(System.ProfileName,Master user)</visible>
			<property name="submenuVisibility">plugin-video-white-devil</property>
			<property name="group">mainmenu</property>
			<property name="hasSubmenu">False</property>
		</item>
		<item id="31">
			<property name="id">$NUMBER[31]</property>
			<label>[COLOR ffff0000][B]StreamHub[/B][/COLOR]</label>
			<label2>Video Add-On</label2>
			<icon>special://skin/backgrounds/default/default.jpg</icon>
			<thumb>http://builds.jdiggz.com/backgrounds/addonimages/stramhub.jpg</thumb>
			<property name="labelID">plugin.video.streamhub</property>
			<property name="defaultID">plugin.video.streamhub</property>
			<property name="translatedPath">ActivateWindow(Videos,"plugin://plugin.video.streamhub",return)</property>
			<property name="background">http://builds.jdiggz.com/backgrounds/Genres/Movies/Disparityfanart/</property>
			<property name="backgroundName">http://builds.jdiggz.com/backgrounds/Genres/Movies/Disparityfanart/</property>
			<onclick>ActivateWindow(Videos,"plugin://plugin.video.streamhub",return)</onclick>
			<property name="path">ActivateWindow(Videos,"plugin://plugin.video.streamhub",return)</property>
			<property name="list">plugin://plugin.video.streamhub</property>
			<visible>String.IsEqual(System.ProfileName,Master user)</visible>
			<property name="submenuVisibility">plugin-video-streamhub</property>
			<property name="group">mainmenu</property>
			<property name="hasSubmenu">False</property>
		</item>
		<item id="32">
			<property name="id">$NUMBER[32]</property>
			<label>[COLOR lime]SURVIVOR[/COLOR]</label>
			<label2>Video Add-On</label2>
			<icon>special://skin/backgrounds/default/default.jpg</icon>
			<thumb>special://home/addons/plugin.video.survivor/fanart.jpg</thumb>
			<property name="labelID">plugin.video.survivor</property>
			<property name="defaultID">plugin.video.survivor</property>
			<property name="translatedPath">ActivateWindow(Videos,"plugin://plugin.video.survivor",return)</property>
			<property name="background">http://builds.jdiggz.com/backgrounds/Genres/Movies/Disparityfanart/</property>
			<property name="backgroundName">http://builds.jdiggz.com/backgrounds/Genres/Movies/Disparityfanart/</property>
			<onclick>ActivateWindow(Videos,"plugin://plugin.video.survivor",return)</onclick>
			<property name="path">ActivateWindow(Videos,"plugin://plugin.video.survivor",return)</property>
			<property name="list">plugin://plugin.video.survivor</property>
			<visible>String.IsEqual(System.ProfileName,Master user)</visible>
			<property name="submenuVisibility">plugin-video-survivor</property>
			<property name="group">mainmenu</property>
			<property name="hasSubmenu">False</property>
		</item>
		<item id="33">
			<property name="id">$NUMBER[33]</property>
			<label>[COLOR mediumblue]B[/COLOR][COLOR yellow]eau's[/COLOR][COLOR mediumblue] P[/COLOR][COLOR yellow]lace[/COLOR]</label>
			<label2>Video Add-On</label2>
			<icon>special://skin/backgrounds/default/default.jpg</icon>
			<thumb>http://builds.jdiggz.com/backgrounds/addonimages/beausplace.jpg</thumb>
			<property name="labelID">plugin.video.Beausplace</property>
			<property name="defaultID">plugin.video.Beausplace</property>
			<property name="translatedPath">ActivateWindow(Videos,"plugin://plugin.video.Beausplace",return)</property>
			<property name="background">http://builds.jdiggz.com/backgrounds/Genres/Movies/Disparityfanart/</property>
			<property name="backgroundName">http://builds.jdiggz.com/backgrounds/Genres/Movies/Disparityfanart/</property>
			<onclick>ActivateWindow(Videos,"plugin://plugin.video.Beausplace",return)</onclick>
			<property name="path">ActivateWindow(Videos,"plugin://plugin.video.Beausplace",return)</property>
			<property name="list">plugin://plugin.video.Beausplace</property>
			<visible>String.IsEqual(System.ProfileName,Master user)</visible>
			<property name="submenuVisibility">plugin-video-beausplace</property>
			<property name="group">mainmenu</property>
			<property name="hasSubmenu">False</property>
		</item>
		<item id="34">
			<property name="id">$NUMBER[34]</property>
			<label>[COLOR red]Real-Movies[/COLOR]</label>
			<label2>Video Add-On</label2>
			<icon>special://skin/backgrounds/default/default.jpg</icon>
			<thumb>http://builds.jdiggz.com/backgrounds/addonimages/realmovies.jpg</thumb>
			<property name="labelID">plugin.video.real-movies</property>
			<property name="defaultID">plugin.video.real-movies</property>
			<property name="translatedPath">ActivateWindow(Videos,"plugin://plugin.video.real-movies",return)</property>
			<property name="background">http://builds.jdiggz.com/backgrounds/Genres/Movies/Disparityfanart/</property>
			<property name="backgroundName">http://builds.jdiggz.com/backgrounds/Genres/Movies/Disparityfanart/</property>
			<onclick>ActivateWindow(Videos,"plugin://plugin.video.real-movies",return)</onclick>
			<property name="path">ActivateWindow(Videos,"plugin://plugin.video.real-movies",return)</property>
			<property name="list">plugin://plugin.video.real-movies</property>
			<visible>String.IsEqual(System.ProfileName,Master user)</visible>
			<property name="submenuVisibility">plugin-video-real-movies</property>
			<property name="group">mainmenu</property>
			<property name="hasSubmenu">False</property>
		</item>
		<item id="35">
			<property name="id">$NUMBER[35]</property>
			<label>[COLOR red][B]R[/B][/COLOR]ising [COLOR pink][B]T[/B][/COLOR]ides</label>
			<label2>Video Add-On</label2>
			<icon>special://skin/backgrounds/default/default.jpg</icon>
			<thumb>http://builds.jdiggz.com/backgrounds/addonimages/rising.jpg</thumb>
			<property name="labelID">plugin.video.Rising.Tides</property>
			<property name="defaultID">plugin.video.Rising.Tides</property>
			<property name="translatedPath">ActivateWindow(Videos,"plugin://plugin.video.Rising.Tides",return)</property>
			<property name="background">http://builds.jdiggz.com/backgrounds/Genres/Movies/Disparityfanart/</property>
			<property name="backgroundName">http://builds.jdiggz.com/backgrounds/Genres/Movies/Disparityfanart/</property>
			<onclick>ActivateWindow(Videos,"plugin://plugin.video.Rising.Tides",return)</onclick>
			<property name="path">ActivateWindow(Videos,"plugin://plugin.video.Rising.Tides",return)</property>
			<property name="list">plugin://plugin.video.Rising.Tides</property>
			<visible>String.IsEqual(System.ProfileName,Master user)</visible>
			<property name="submenuVisibility">plugin-video-rising-tides</property>
			<property name="group">mainmenu</property>
			<property name="hasSubmenu">False</property>
		</item>
		<item id="36">
			<property name="id">$NUMBER[36]</property>
			<label>[COLOR yellow]STREAM ARMY[/COLOR]</label>
			<label2>Video Add-On</label2>
			<icon>special://skin/backgrounds/default/default.jpg</icon>
			<thumb>special://home/addons/plugin.video.streamarmy/fanart.jpg</thumb>
			<property name="labelID">plugin.video.streamarmy</property>
			<property name="defaultID">plugin.video.streamarmy</property>
			<property name="translatedPath">ActivateWindow(Videos,"plugin://plugin.video.streamarmy",return)</property>
			<property name="background">http://builds.jdiggz.com/backgrounds/Genres/Movies/Disparityfanart/</property>
			<property name="backgroundName">http://builds.jdiggz.com/backgrounds/Genres/Movies/Disparityfanart/</property>
			<onclick>ActivateWindow(Videos,"plugin://plugin.video.streamarmy",return)</onclick>
			<property name="path">ActivateWindow(Videos,"plugin://plugin.video.streamarmy",return)</property>
			<property name="list">plugin://plugin.video.streamarmy</property>
			<visible>String.IsEqual(System.ProfileName,Master user)</visible>
			<property name="submenuVisibility">plugin-video-streamarmy</property>
			<property name="group">mainmenu</property>
			<property name="hasSubmenu">False</property>
		</item>
		<item id="37">
			<property name="id">$NUMBER[37]</property>
			<label>$LOCALIZE[31972]</label>
			<label2>Common Shortcut</label2>
			<icon>special://skin/backgrounds/Clips.jpg</icon>
			<thumb />
			<property name="labelID">31972</property>
			<property name="defaultID">31972</property>
			<property name="widget">recommendedmusicvideos</property>
			<property name="widgetName">31403</property>
			<property name="widgetType">musicvideos</property>
			<property name="widgetPath">special://skin/widgetplaylists/recommendedmusicvideos.xsp</property>
			<property name="widgetTarget">videos</property>
			<property name="background">Clips.Art</property>
			<property name="widget.1">recentmusicvideos</property>
			<property name="widgetTarget.1">videos</property>
			<property name="widgetType.1">musicvideos</property>
			<property name="widgetPath.1">special://skin/widgetplaylists/recentmusicvideos.xsp</property>
			<property name="widgetName.1">31414</property>
			<property name="widget.2">inprogressmovies</property>
			<property name="widgetTarget.2">videos</property>
			<property name="widgetType.2">musicvideos</property>
			<property name="widgetPath.2">special://skin/widgetplaylists/inprogressmusicvideos.xsp</property>
			<property name="widgetName.2">31415</property>
			<property name="widget.3">randommusicvideos</property>
			<property name="widgetTarget.3">videos</property>
			<property name="widgetType.3">musicvideos</property>
			<property name="widgetPath.3">special://skin/widgetplaylists/randommusicvideos.xsp</property>
			<property name="widgetName.3">31416</property>
			<visible>!Skin.HasSetting(plexbmc) + Library.HasContent(MusicVideos)</visible>
			<onclick>ActivateWindow(10501,"videodb://musicvideos/")</onclick>
			<property name="path">ActivateWindow(10501,"videodb://musicvideos/")</property>
			<property name="list">videodb://musicvideos/</property>
			<visible>String.IsEqual(System.ProfileName,Master user)</visible>
			<property name="submenuVisibility">num-31972</property>
			<property name="group">mainmenu</property>
			<property name="hasSubmenu">False</property>
		</item>
		<item id="38">
			<property name="id">$NUMBER[38]</property>
			<label>$LOCALIZE[31971]</label>
			<label2>Common Shortcut</label2>
			<icon>special://skin/backgrounds/Concerts.jpg</icon>
			<thumb />
			<property name="labelID">31971</property>
			<property name="defaultID">31971</property>
			<property name="widget">recommendedmusicvideos</property>
			<property name="widgetName">31402</property>
			<property name="widgetType">musicvideos</property>
			<property name="widgetPath">special://skin/widgetplaylists/recommendedmusicvideos.xsp</property>
			<property name="widgetTarget">videos</property>
			<property name="background">Concerts.Art</property>
			<property name="widget.1">recentmusicvideos</property>
			<property name="widgetTarget.1">videos</property>
			<property name="widgetType.1">musicvideos</property>
			<property name="widgetPath.1">special://skin/widgetplaylists/recentmusicvideos.xsp</property>
			<property name="widgetName.1">31411</property>
			<property name="widget.2">inprogressmovies</property>
			<property name="widgetTarget.2">videos</property>
			<property name="widgetType.2">musicvideos</property>
			<property name="widgetPath.2">special://skin/widgetplaylists/inprogressmusicvideos.xsp</property>
			<property name="widgetName.2">31412</property>
			<property name="widget.3">randommusicvideos</property>
			<property name="widgetTarget.3">videos</property>
			<property name="widgetType.3">musicvideos</property>
			<property name="widgetPath.3">special://skin/widgetplaylists/randommusicvideos.xsp</property>
			<property name="widgetName.3">31413</property>
			<visible>[Library.HasContent(MusicVideos)] + [!Skin.HasSetting(plexbmc) + Library.HasContent(MusicVideos)]</visible>
			<onclick>ActivateWindow(Videos,MusicVideoTitles,return)</onclick>
			<property name="path">ActivateWindow(Videos,MusicVideoTitles,return)</property>
			<property name="list">MusicVideoTitles</property>
			<visible>String.IsEqual(System.ProfileName,Master user)</visible>
			<property name="submenuVisibility">num-31971</property>
			<property name="group">mainmenu</property>
			<property name="hasSubmenu">False</property>
		</item>
		<item id="39">
			<property name="id">$NUMBER[39]</property>
			<label>$ADDON[script.skinshortcuts 32022]</label>
			<label2>Common Shortcut</label2>
			<icon>special://skin/backgrounds/Tv.jpg</icon>
			<thumb />
			<property name="labelID">livetv</property>
			<property name="defaultID">livetv</property>
			<property name="widget">tvrecordings</property>
			<property name="widgetName">19017</property>
			<property name="widgetType">tv</property>
			<property name="widgetPath">pvr://recordings/tv/active?view=flat</property>
			<property name="widgetTarget">pvr</property>
			<property name="background">Tv.Art</property>
			<property name="widget.1">tvchannels</property>
			<property name="widgetTarget.1">pvr</property>
			<property name="widgetType.1">tv</property>
			<property name="widgetPath.1">pvr://channels/tv/*?view=lastplayed</property>
			<property name="widgetName.1">19023</property>
			<visible>[System.HasPVRAddon] + [Pvr.HasTVChannels]</visible>
			<onclick>ActivateWindow(TVChannels)</onclick>
			<property name="path">ActivateWindow(TVChannels)</property>
			<property name="list">TVChannels</property>
			<visible>String.IsEqual(System.ProfileName,Master user)</visible>
			<property name="submenuVisibility">livetv</property>
			<property name="group">mainmenu</property>
			<property name="hasSubmenu">True</property>
		</item>
		<item id="40">
			<property name="id">$NUMBER[40]</property>
			<label>$ADDON[script.skinshortcuts 32087]</label>
			<label2>Common Shortcut</label2>
			<icon>special://skin/backgrounds/Radio.jpg</icon>
			<thumb />
			<property name="labelID">radio</property>
			<property name="defaultID">radio</property>
			<property name="widget">radiorecordings</property>
			<property name="widgetName">19017</property>
			<property name="widgetType">radio</property>
			<property name="widgetPath">pvr://recordings/radio/active?view=flat</property>
			<property name="widgetTarget">pvr</property>
			<property name="background">Radio.Art</property>
			<property name="widget.1">radiochannels</property>
			<property name="widgetTarget.1">pvr</property>
			<property name="widgetType.1">radio</property>
			<property name="widgetPath.1">pvr://channels/radio/*?view=lastplayed</property>
			<property name="widgetName.1">19024</property>
			<visible>[System.HasPVRAddon] + [Pvr.HasRadioChannels]</visible>
			<onclick>ActivateWindow(RadioChannels)</onclick>
			<property name="path">ActivateWindow(RadioChannels)</property>
			<property name="list">RadioChannels</property>
			<visible>String.IsEqual(System.ProfileName,Master user)</visible>
			<property name="submenuVisibility">radio</property>
			<property name="group">mainmenu</property>
			<property name="hasSubmenu">True</property>
		</item>
		<item id="41">
			<property name="id">$NUMBER[41]</property>
			<label>$ADDON[script.skinshortcuts 32032]</label>
			<label2>Common Shortcut</label2>
			<icon>special://skin/backgrounds/Dvds.jpg</icon>
			<thumb />
			<property name="labelID">dvd</property>
			<property name="defaultID">dvd</property>
			<property name="background">DVD.Art</property>
			<visible>System.HasMediaDVD</visible>
			<onclick>PlayDVD()</onclick>
			<property name="path">PlayDVD()</property>
			<property name="list">PlayDVD()</property>
			<visible>String.IsEqual(System.ProfileName,Master user)</visible>
			<property name="submenuVisibility">dvd</property>
			<property name="group">mainmenu</property>
			<property name="hasSubmenu">True</property>
		</item>
		<item id="42">
			<property name="id">$NUMBER[42]</property>
			<label>$LOCALIZE[137]</label>
			<label2>Program</label2>
			<icon>special://skin/backgrounds/Search.jpg</icon>
			<thumb />
			<property name="labelID">script.globalsearch</property>
			<property name="defaultID">script.globalsearch</property>
			<property name="background">Search.Art</property>
			<visible>!Skin.HasSetting(plexbmc) + System.HasAddon(script.globalsearch)</visible>
			<onclick>RunAddOn(script.globalsearch)</onclick>
			<property name="path">RunAddOn(script.globalsearch)</property>
			<property name="list">RunAddOn(script.globalsearch)</property>
			<visible>String.IsEqual(System.ProfileName,Master user)</visible>
			<property name="submenuVisibility">script-globalsearch</property>
			<property name="group">mainmenu</property>
			<property name="hasSubmenu">False</property>
		</item>
	</include>
	<include />
	<include name="skinshortcuts-submenu">
		<item id="1">
			<property name="id">$NUMBER[1]</property>
			<property name="mainmenuid">39</property>
			<label>$LOCALIZE[19019]</label>
			<label2>Live TV</label2>
			<icon>special://skin/backgrounds/default/default.jpg</icon>
			<thumb />
			<property name="labelID">19019</property>
			<property name="defaultID">19019</property>
			<visible>[System.HasPVRAddon] + String.IsEqual(Container(300).ListItem.Property(submenuVisibility),livetv)</visible>
			<onclick>ActivateWindow(TVChannels)</onclick>
			<property name="path">ActivateWindow(TVChannels)</property>
			<property name="list">TVChannels</property>
			<visible>String.IsEqual(System.ProfileName,Master user)</visible>
			<property name="group">livetv</property>
			<property name="isSubmenu">True</property>
		</item>
		<item id="2">
			<property name="id">$NUMBER[2]</property>
			<property name="mainmenuid">39</property>
			<label>$LOCALIZE[22020]</label>
			<label2>Live TV</label2>
			<icon>special://skin/backgrounds/default/default.jpg</icon>
			<thumb />
			<property name="labelID">22020</property>
			<property name="defaultID">22020</property>
			<visible>[System.HasPVRAddon] + String.IsEqual(Container(300).ListItem.Property(submenuVisibility),livetv)</visible>
			<onclick>ActivateWindow(TVGuide)</onclick>
			<property name="path">ActivateWindow(TVGuide)</property>
			<property name="list">TVGuide</property>
			<visible>String.IsEqual(System.ProfileName,Master user)</visible>
			<property name="group">livetv</property>
			<property name="isSubmenu">True</property>
		</item>
		<item id="3">
			<property name="id">$NUMBER[3]</property>
			<property name="mainmenuid">39</property>
			<label>$LOCALIZE[19163]</label>
			<label2>Live TV</label2>
			<icon>special://skin/backgrounds/default/default.jpg</icon>
			<thumb />
			<property name="labelID">19163</property>
			<property name="defaultID">19163</property>
			<visible>[System.HasPVRAddon] + String.IsEqual(Container(300).ListItem.Property(submenuVisibility),livetv)</visible>
			<onclick>ActivateWindow(TVRecordings)</onclick>
			<property name="path">ActivateWindow(TVRecordings)</property>
			<property name="list">TVRecordings</property>
			<visible>String.IsEqual(System.ProfileName,Master user)</visible>
			<property name="group">livetv</property>
			<property name="isSubmenu">True</property>
		</item>
		<item id="4">
			<property name="id">$NUMBER[4]</property>
			<property name="mainmenuid">39</property>
			<label>$LOCALIZE[19040]</label>
			<label2>Live TV</label2>
			<icon>special://skin/backgrounds/default/default.jpg</icon>
			<thumb />
			<property name="labelID">19040</property>
			<property name="defaultID">19040</property>
			<visible>[System.HasPVRAddon] + String.IsEqual(Container(300).ListItem.Property(submenuVisibility),livetv)</visible>
			<onclick>ActivateWindow(TVTimers)</onclick>
			<property name="path">ActivateWindow(TVTimers)</property>
			<property name="list">TVTimers</property>
			<visible>String.IsEqual(System.ProfileName,Master user)</visible>
			<property name="group">livetv</property>
			<property name="isSubmenu">True</property>
		</item>
		<item id="5">
			<property name="id">$NUMBER[5]</property>
			<property name="mainmenuid">39</property>
			<label>$LOCALIZE[19138]</label>
			<label2>Live TV</label2>
			<icon>special://skin/backgrounds/default/default.jpg</icon>
			<thumb />
			<property name="labelID">19138</property>
			<property name="defaultID">19138</property>
			<visible>[System.HasPVRAddon] + String.IsEqual(Container(300).ListItem.Property(submenuVisibility),livetv)</visible>
			<onclick>ActivateWindow(TVTimerRules)</onclick>
			<property name="path">ActivateWindow(TVTimerRules)</property>
			<property name="list">TVTimerRules</property>
			<visible>String.IsEqual(System.ProfileName,Master user)</visible>
			<property name="group">livetv</property>
			<property name="isSubmenu">True</property>
		</item>
		<item id="6">
			<property name="id">$NUMBER[6]</property>
			<property name="mainmenuid">39</property>
			<label>$LOCALIZE[137]</label>
			<label2>Live TV</label2>
			<icon>special://skin/backgrounds/default/default.jpg</icon>
			<thumb />
			<property name="labelID">137</property>
			<property name="defaultID">137</property>
			<visible>[System.HasPVRAddon] + String.IsEqual(Container(300).ListItem.Property(submenuVisibility),livetv)</visible>
			<onclick>ActivateWindow(TVSearch)</onclick>
			<property name="path">ActivateWindow(TVSearch)</property>
			<property name="list">TVSearch</property>
			<visible>String.IsEqual(System.ProfileName,Master user)</visible>
			<property name="group">livetv</property>
			<property name="isSubmenu">True</property>
		</item>
		<item id="1">
			<property name="id">$NUMBER[1]</property>
			<property name="mainmenuid">40</property>
			<label>$LOCALIZE[19019]</label>
			<label2>Radio</label2>
			<icon>special://skin/backgrounds/default/default.jpg</icon>
			<thumb />
			<property name="labelID">19019</property>
			<property name="defaultID">19019</property>
			<visible>[System.HasPVRAddon] + String.IsEqual(Container(300).ListItem.Property(submenuVisibility),radio)</visible>
			<onclick>ActivateWindow(RadioChannels)</onclick>
			<property name="path">ActivateWindow(RadioChannels)</property>
			<property name="list">RadioChannels</property>
			<visible>String.IsEqual(System.ProfileName,Master user)</visible>
			<property name="group">radio</property>
			<property name="isSubmenu">True</property>
		</item>
		<item id="2">
			<property name="id">$NUMBER[2]</property>
			<property name="mainmenuid">40</property>
			<label>$LOCALIZE[22020]</label>
			<label2>Radio</label2>
			<icon>special://skin/backgrounds/default/default.jpg</icon>
			<thumb />
			<property name="labelID">22020</property>
			<property name="defaultID">22020</property>
			<visible>[System.HasPVRAddon] + String.IsEqual(Container(300).ListItem.Property(submenuVisibility),radio)</visible>
			<onclick>ActivateWindow(RadioGuide)</onclick>
			<property name="path">ActivateWindow(RadioGuide)</property>
			<property name="list">RadioGuide</property>
			<visible>String.IsEqual(System.ProfileName,Master user)</visible>
			<property name="group">radio</property>
			<property name="isSubmenu">True</property>
		</item>
		<item id="3">
			<property name="id">$NUMBER[3]</property>
			<property name="mainmenuid">40</property>
			<label>$LOCALIZE[19163]</label>
			<label2>Radio</label2>
			<icon>special://skin/backgrounds/default/default.jpg</icon>
			<thumb />
			<property name="labelID">19163</property>
			<property name="defaultID">19163</property>
			<visible>[System.HasPVRAddon] + String.IsEqual(Container(300).ListItem.Property(submenuVisibility),radio)</visible>
			<onclick>ActivateWindow(RadioRecordings)</onclick>
			<property name="path">ActivateWindow(RadioRecordings)</property>
			<property name="list">RadioRecordings</property>
			<visible>String.IsEqual(System.ProfileName,Master user)</visible>
			<property name="group">radio</property>
			<property name="isSubmenu">True</property>
		</item>
		<item id="4">
			<property name="id">$NUMBER[4]</property>
			<property name="mainmenuid">40</property>
			<label>$LOCALIZE[19040]</label>
			<label2>Radio</label2>
			<icon>special://skin/backgrounds/default/default.jpg</icon>
			<thumb />
			<property name="labelID">19040</property>
			<property name="defaultID">19040</property>
			<visible>[System.HasPVRAddon] + String.IsEqual(Container(300).ListItem.Property(submenuVisibility),radio)</visible>
			<onclick>ActivateWindow(RadioTimers)</onclick>
			<property name="path">ActivateWindow(RadioTimers)</property>
			<property name="list">RadioTimers</property>
			<visible>String.IsEqual(System.ProfileName,Master user)</visible>
			<property name="group">radio</property>
			<property name="isSubmenu">True</property>
		</item>
		<item id="5">
			<property name="id">$NUMBER[5]</property>
			<property name="mainmenuid">40</property>
			<label>$LOCALIZE[19138]</label>
			<label2>Radio</label2>
			<icon>special://skin/backgrounds/default/default.jpg</icon>
			<thumb />
			<property name="labelID">19138</property>
			<property name="defaultID">19138</property>
			<visible>[System.HasPVRAddon] + String.IsEqual(Container(300).ListItem.Property(submenuVisibility),radio)</visible>
			<onclick>ActivateWindow(RadioTimerRules)</onclick>
			<property name="path">ActivateWindow(RadioTimerRules)</property>
			<property name="list">RadioTimerRules</property>
			<visible>String.IsEqual(System.ProfileName,Master user)</visible>
			<property name="group">radio</property>
			<property name="isSubmenu">True</property>
		</item>
		<item id="6">
			<property name="id">$NUMBER[6]</property>
			<property name="mainmenuid">40</property>
			<label>$LOCALIZE[137]</label>
			<label2>Radio</label2>
			<icon>special://skin/backgrounds/default/default.jpg</icon>
			<thumb />
			<property name="labelID">137</property>
			<property name="defaultID">137</property>
			<visible>[System.HasPVRAddon] + String.IsEqual(Container(300).ListItem.Property(submenuVisibility),radio)</visible>
			<onclick>ActivateWindow(RadioSearch)</onclick>
			<property name="path">ActivateWindow(RadioSearch)</property>
			<property name="list">RadioSearch</property>
			<visible>String.IsEqual(System.ProfileName,Master user)</visible>
			<property name="group">radio</property>
			<property name="isSubmenu">True</property>
		</item>
		<item id="1">
			<property name="id">$NUMBER[1]</property>
			<property name="mainmenuid">41</property>
			<label>$ADDON[script.skinshortcuts 32033]</label>
			<label2>Common Shortcut</label2>
			<icon>special://skin/backgrounds/default/default.jpg</icon>
			<thumb />
			<property name="labelID">32033</property>
			<property name="defaultID">32033</property>
			<onclick>EjectTray()</onclick>
			<property name="path">EjectTray()</property>
			<property name="list">EjectTray()</property>
			<visible>[String.IsEqual(System.ProfileName,Master user)] + String.IsEqual(Container(300).ListItem.Property(submenuVisibility),dvd)</visible>
			<property name="group">dvd</property>
			<property name="isSubmenu">True</property>
		</item>
	</include>
	<include name="skinshortcuts-group-home">
		<description>No items</description>
	</include>
	<include name="skinshortcuts-group-alt-home">
		<description>No items</description>
	</include>
	<include name="skinshortcuts-group-plugin-video-bennu">
		<description>No items</description>
	</include>
	<include name="skinshortcuts-group-alt-plugin-video-bennu">
		<description>No items</description>
	</include>
	<include name="skinshortcuts-group-plugin-video-bob-unleashed">
		<description>No items</description>
	</include>
	<include name="skinshortcuts-group-alt-plugin-video-bob-unleashed">
		<description>No items</description>
	</include>
	<include name="skinshortcuts-group-plugin-video-blackent">
		<description>No items</description>
	</include>
	<include name="skinshortcuts-group-alt-plugin-video-blackent">
		<description>No items</description>
	</include>
	<include name="skinshortcuts-group-plugin-video-bubbles">
		<description>No items</description>
	</include>
	<include name="skinshortcuts-group-alt-plugin-video-bubbles">
		<description>No items</description>
	</include>
	<include name="skinshortcuts-group-plugin-video-covenant">
		<description>No items</description>
	</include>
	<include name="skinshortcuts-group-alt-plugin-video-covenant">
		<description>No items</description>
	</include>
	<include name="skinshortcuts-group-script-icechannel">
		<description>No items</description>
	</include>
	<include name="skinshortcuts-group-alt-script-icechannel">
		<description>No items</description>
	</include>
	<include name="skinshortcuts-group-plugin-video-dandymedia">
		<description>No items</description>
	</include>
	<include name="skinshortcuts-group-alt-plugin-video-dandymedia">
		<description>No items</description>
	</include>
	<include name="skinshortcuts-group-plugin-video-elysium">
		<description>No items</description>
	</include>
	<include name="skinshortcuts-group-alt-plugin-video-elysium">
		<description>No items</description>
	</include>
	<include name="skinshortcuts-group-plugin-video-fido">
		<description>No items</description>
	</include>
	<include name="skinshortcuts-group-alt-plugin-video-fido">
		<description>No items</description>
	</include>
	<include name="skinshortcuts-group-plugin-video-filmcube">
		<description>No items</description>
	</include>
	<include name="skinshortcuts-group-alt-plugin-video-filmcube">
		<description>No items</description>
	</include>
	<include name="skinshortcuts-group-plugin-video-mavericktv">
		<description>No items</description>
	</include>
	<include name="skinshortcuts-group-alt-plugin-video-mavericktv">
		<description>No items</description>
	</include>
	<include name="skinshortcuts-group-plugin-video-moviedude">
		<description>No items</description>
	</include>
	<include name="skinshortcuts-group-alt-plugin-video-moviedude">
		<description>No items</description>
	</include>
	<include name="skinshortcuts-group-plugin-video-openloadmovies">
		<description>No items</description>
	</include>
	<include name="skinshortcuts-group-alt-plugin-video-openloadmovies">
		<description>No items</description>
	</include>
	<include name="skinshortcuts-group-plugin-video-quantum">
		<description>No items</description>
	</include>
	<include name="skinshortcuts-group-alt-plugin-video-quantum">
		<description>No items</description>
	</include>
	<include name="skinshortcuts-group-plugin-video-showboxarize">
		<description>No items</description>
	</include>
	<include name="skinshortcuts-group-alt-plugin-video-showboxarize">
		<description>No items</description>
	</include>
	<include name="skinshortcuts-group-plugin-video-skynet">
		<description>No items</description>
	</include>
	<include name="skinshortcuts-group-alt-plugin-video-skynet">
		<description>No items</description>
	</include>
	<include name="skinshortcuts-group-plugin-video-specto">
		<description>No items</description>
	</include>
	<include name="skinshortcuts-group-alt-plugin-video-specto">
		<description>No items</description>
	</include>
	<include name="skinshortcuts-group-plugin-video-salts">
		<description>No items</description>
	</include>
	<include name="skinshortcuts-group-alt-plugin-video-salts">
		<description>No items</description>
	</include>
	<include name="skinshortcuts-group-plugin-video-subzero">
		<description>No items</description>
	</include>
	<include name="skinshortcuts-group-alt-plugin-video-subzero">
		<description>No items</description>
	</include>
	<include name="skinshortcuts-group-plugin-video-thedelorean">
		<description>No items</description>
	</include>
	<include name="skinshortcuts-group-alt-plugin-video-thedelorean">
		<description>No items</description>
	</include>
	<include name="skinshortcuts-group-plugin-video-thepyramid">
		<description>No items</description>
	</include>
	<include name="skinshortcuts-group-alt-plugin-video-thepyramid">
		<description>No items</description>
	</include>
	<include name="skinshortcuts-group-plugin-video-therealurbankingz">
		<description>No items</description>
	</include>
	<include name="skinshortcuts-group-alt-plugin-video-therealurbankingz">
		<description>No items</description>
	</include>
	<include name="skinshortcuts-group-plugin-video-toptvshows">
		<description>No items</description>
	</include>
	<include name="skinshortcuts-group-alt-plugin-video-toptvshows">
		<description>No items</description>
	</include>
	<include name="skinshortcuts-group-plugin-video-ukturk">
		<description>No items</description>
	</include>
	<include name="skinshortcuts-group-alt-plugin-video-ukturk">
		<description>No items</description>
	</include>
	<include name="skinshortcuts-group-plugin-video-vortex">
		<description>No items</description>
	</include>
	<include name="skinshortcuts-group-alt-plugin-video-vortex">
		<description>No items</description>
	</include>
	<include name="skinshortcuts-group-plugin-video-picasso">
		<description>No items</description>
	</include>
	<include name="skinshortcuts-group-alt-plugin-video-picasso">
		<description>No items</description>
	</include>
	<include name="skinshortcuts-group-plugin-video-wolfpack">
		<description>No items</description>
	</include>
	<include name="skinshortcuts-group-alt-plugin-video-wolfpack">
		<description>No items</description>
	</include>
	<include name="skinshortcuts-group-plugin-video-titan">
		<description>No items</description>
	</include>
	<include name="skinshortcuts-group-alt-plugin-video-titan">
		<description>No items</description>
	</include>
	<include name="skinshortcuts-group-plugin-video-white-devil">
		<description>No items</description>
	</include>
	<include name="skinshortcuts-group-alt-plugin-video-white-devil">
		<description>No items</description>
	</include>
	<include name="skinshortcuts-group-plugin-video-streamhub">
		<description>No items</description>
	</include>
	<include name="skinshortcuts-group-alt-plugin-video-streamhub">
		<description>No items</description>
	</include>
	<include name="skinshortcuts-group-plugin-video-survivor">
		<description>No items</description>
	</include>
	<include name="skinshortcuts-group-alt-plugin-video-survivor">
		<description>No items</description>
	</include>
	<include name="skinshortcuts-group-plugin-video-beausplace">
		<description>No items</description>
	</include>
	<include name="skinshortcuts-group-alt-plugin-video-beausplace">
		<description>No items</description>
	</include>
	<include name="skinshortcuts-group-plugin-video-real-movies">
		<description>No items</description>
	</include>
	<include name="skinshortcuts-group-alt-plugin-video-real-movies">
		<description>No items</description>
	</include>
	<include name="skinshortcuts-group-plugin-video-rising-tides">
		<description>No items</description>
	</include>
	<include name="skinshortcuts-group-alt-plugin-video-rising-tides">
		<description>No items</description>
	</include>
	<include name="skinshortcuts-group-plugin-video-streamarmy">
		<description>No items</description>
	</include>
	<include name="skinshortcuts-group-alt-plugin-video-streamarmy">
		<description>No items</description>
	</include>
	<include name="skinshortcuts-group-num-31972">
		<description>No items</description>
	</include>
	<include name="skinshortcuts-group-alt-num-31972">
		<description>No items</description>
	</include>
	<include name="skinshortcuts-group-num-31971">
		<description>No items</description>
	</include>
	<include name="skinshortcuts-group-alt-num-31971">
		<description>No items</description>
	</include>
	<include name="skinshortcuts-group-livetv">
		<item id="1">
			<property name="id">$NUMBER[1]</property>
			<property name="mainmenuid">39</property>
			<label>$LOCALIZE[19019]</label>
			<label2>Live TV</label2>
			<icon>special://skin/backgrounds/default/default.jpg</icon>
			<thumb />
			<property name="labelID">19019</property>
			<property name="defaultID">19019</property>
			<visible>System.HasPVRAddon</visible>
			<onclick>ActivateWindow(TVChannels)</onclick>
			<property name="path">ActivateWindow(TVChannels)</property>
			<property name="list">TVChannels</property>
			<visible>String.IsEqual(System.ProfileName,Master user)</visible>
			<property name="group">livetv</property>
			<property name="isSubmenu">True</property>
		</item>
		<item id="2">
			<property name="id">$NUMBER[2]</property>
			<property name="mainmenuid">39</property>
			<label>$LOCALIZE[22020]</label>
			<label2>Live TV</label2>
			<icon>special://skin/backgrounds/default/default.jpg</icon>
			<thumb />
			<property name="labelID">22020</property>
			<property name="defaultID">22020</property>
			<visible>System.HasPVRAddon</visible>
			<onclick>ActivateWindow(TVGuide)</onclick>
			<property name="path">ActivateWindow(TVGuide)</property>
			<property name="list">TVGuide</property>
			<visible>String.IsEqual(System.ProfileName,Master user)</visible>
			<property name="group">livetv</property>
			<property name="isSubmenu">True</property>
		</item>
		<item id="3">
			<property name="id">$NUMBER[3]</property>
			<property name="mainmenuid">39</property>
			<label>$LOCALIZE[19163]</label>
			<label2>Live TV</label2>
			<icon>special://skin/backgrounds/default/default.jpg</icon>
			<thumb />
			<property name="labelID">19163</property>
			<property name="defaultID">19163</property>
			<visible>System.HasPVRAddon</visible>
			<onclick>ActivateWindow(TVRecordings)</onclick>
			<property name="path">ActivateWindow(TVRecordings)</property>
			<property name="list">TVRecordings</property>
			<visible>String.IsEqual(System.ProfileName,Master user)</visible>
			<property name="group">livetv</property>
			<property name="isSubmenu">True</property>
		</item>
		<item id="4">
			<property name="id">$NUMBER[4]</property>
			<property name="mainmenuid">39</property>
			<label>$LOCALIZE[19040]</label>
			<label2>Live TV</label2>
			<icon>special://skin/backgrounds/default/default.jpg</icon>
			<thumb />
			<property name="labelID">19040</property>
			<property name="defaultID">19040</property>
			<visible>System.HasPVRAddon</visible>
			<onclick>ActivateWindow(TVTimers)</onclick>
			<property name="path">ActivateWindow(TVTimers)</property>
			<property name="list">TVTimers</property>
			<visible>String.IsEqual(System.ProfileName,Master user)</visible>
			<property name="group">livetv</property>
			<property name="isSubmenu">True</property>
		</item>
		<item id="5">
			<property name="id">$NUMBER[5]</property>
			<property name="mainmenuid">39</property>
			<label>$LOCALIZE[19138]</label>
			<label2>Live TV</label2>
			<icon>special://skin/backgrounds/default/default.jpg</icon>
			<thumb />
			<property name="labelID">19138</property>
			<property name="defaultID">19138</property>
			<visible>System.HasPVRAddon</visible>
			<onclick>ActivateWindow(TVTimerRules)</onclick>
			<property name="path">ActivateWindow(TVTimerRules)</property>
			<property name="list">TVTimerRules</property>
			<visible>String.IsEqual(System.ProfileName,Master user)</visible>
			<property name="group">livetv</property>
			<property name="isSubmenu">True</property>
		</item>
		<item id="6">
			<property name="id">$NUMBER[6]</property>
			<property name="mainmenuid">39</property>
			<label>$LOCALIZE[137]</label>
			<label2>Live TV</label2>
			<icon>special://skin/backgrounds/default/default.jpg</icon>
			<thumb />
			<property name="labelID">137</property>
			<property name="defaultID">137</property>
			<visible>System.HasPVRAddon</visible>
			<onclick>ActivateWindow(TVSearch)</onclick>
			<property name="path">ActivateWindow(TVSearch)</property>
			<property name="list">TVSearch</property>
			<visible>String.IsEqual(System.ProfileName,Master user)</visible>
			<property name="group">livetv</property>
			<property name="isSubmenu">True</property>
		</item>
	</include>
	<include name="skinshortcuts-group-alt-livetv">
		<item id="1">
			<property name="id">$NUMBER[1]</property>
			<property name="mainmenuid">39</property>
			<label>$LOCALIZE[19019]</label>
			<label2>Live TV</label2>
			<icon>special://skin/backgrounds/default/default.jpg</icon>
			<thumb />
			<property name="labelID">19019</property>
			<property name="defaultID">19019</property>
			<visible>[System.HasPVRAddon] + String.IsEqual(Window(10000).Property(submenuVisibility),livetv)</visible>
			<onclick>ActivateWindow(TVChannels)</onclick>
			<property name="path">ActivateWindow(TVChannels)</property>
			<property name="list">TVChannels</property>
			<visible>String.IsEqual(System.ProfileName,Master user)</visible>
			<property name="group">livetv</property>
			<property name="isSubmenu">True</property>
		</item>
		<item id="2">
			<property name="id">$NUMBER[2]</property>
			<property name="mainmenuid">39</property>
			<label>$LOCALIZE[22020]</label>
			<label2>Live TV</label2>
			<icon>special://skin/backgrounds/default/default.jpg</icon>
			<thumb />
			<property name="labelID">22020</property>
			<property name="defaultID">22020</property>
			<visible>[System.HasPVRAddon] + String.IsEqual(Window(10000).Property(submenuVisibility),livetv)</visible>
			<onclick>ActivateWindow(TVGuide)</onclick>
			<property name="path">ActivateWindow(TVGuide)</property>
			<property name="list">TVGuide</property>
			<visible>String.IsEqual(System.ProfileName,Master user)</visible>
			<property name="group">livetv</property>
			<property name="isSubmenu">True</property>
		</item>
		<item id="3">
			<property name="id">$NUMBER[3]</property>
			<property name="mainmenuid">39</property>
			<label>$LOCALIZE[19163]</label>
			<label2>Live TV</label2>
			<icon>special://skin/backgrounds/default/default.jpg</icon>
			<thumb />
			<property name="labelID">19163</property>
			<property name="defaultID">19163</property>
			<visible>[System.HasPVRAddon] + String.IsEqual(Window(10000).Property(submenuVisibility),livetv)</visible>
			<onclick>ActivateWindow(TVRecordings)</onclick>
			<property name="path">ActivateWindow(TVRecordings)</property>
			<property name="list">TVRecordings</property>
			<visible>String.IsEqual(System.ProfileName,Master user)</visible>
			<property name="group">livetv</property>
			<property name="isSubmenu">True</property>
		</item>
		<item id="4">
			<property name="id">$NUMBER[4]</property>
			<property name="mainmenuid">39</property>
			<label>$LOCALIZE[19040]</label>
			<label2>Live TV</label2>
			<icon>special://skin/backgrounds/default/default.jpg</icon>
			<thumb />
			<property name="labelID">19040</property>
			<property name="defaultID">19040</property>
			<visible>[System.HasPVRAddon] + String.IsEqual(Window(10000).Property(submenuVisibility),livetv)</visible>
			<onclick>ActivateWindow(TVTimers)</onclick>
			<property name="path">ActivateWindow(TVTimers)</property>
			<property name="list">TVTimers</property>
			<visible>String.IsEqual(System.ProfileName,Master user)</visible>
			<property name="group">livetv</property>
			<property name="isSubmenu">True</property>
		</item>
		<item id="5">
			<property name="id">$NUMBER[5]</property>
			<property name="mainmenuid">39</property>
			<label>$LOCALIZE[19138]</label>
			<label2>Live TV</label2>
			<icon>special://skin/backgrounds/default/default.jpg</icon>
			<thumb />
			<property name="labelID">19138</property>
			<property name="defaultID">19138</property>
			<visible>[System.HasPVRAddon] + String.IsEqual(Window(10000).Property(submenuVisibility),livetv)</visible>
			<onclick>ActivateWindow(TVTimerRules)</onclick>
			<property name="path">ActivateWindow(TVTimerRules)</property>
			<property name="list">TVTimerRules</property>
			<visible>String.IsEqual(System.ProfileName,Master user)</visible>
			<property name="group">livetv</property>
			<property name="isSubmenu">True</property>
		</item>
		<item id="6">
			<property name="id">$NUMBER[6]</property>
			<property name="mainmenuid">39</property>
			<label>$LOCALIZE[137]</label>
			<label2>Live TV</label2>
			<icon>special://skin/backgrounds/default/default.jpg</icon>
			<thumb />
			<property name="labelID">137</property>
			<property name="defaultID">137</property>
			<visible>[System.HasPVRAddon] + String.IsEqual(Window(10000).Property(submenuVisibility),livetv)</visible>
			<onclick>ActivateWindow(TVSearch)</onclick>
			<property name="path">ActivateWindow(TVSearch)</property>
			<property name="list">TVSearch</property>
			<visible>String.IsEqual(System.ProfileName,Master user)</visible>
			<property name="group">livetv</property>
			<property name="isSubmenu">True</property>
		</item>
	</include>
	<include name="skinshortcuts-group-radio">
		<item id="1">
			<property name="id">$NUMBER[1]</property>
			<property name="mainmenuid">40</property>
			<label>$LOCALIZE[19019]</label>
			<label2>Radio</label2>
			<icon>special://skin/backgrounds/default/default.jpg</icon>
			<thumb />
			<property name="labelID">19019</property>
			<property name="defaultID">19019</property>
			<visible>System.HasPVRAddon</visible>
			<onclick>ActivateWindow(RadioChannels)</onclick>
			<property name="path">ActivateWindow(RadioChannels)</property>
			<property name="list">RadioChannels</property>
			<visible>String.IsEqual(System.ProfileName,Master user)</visible>
			<property name="group">radio</property>
			<property name="isSubmenu">True</property>
		</item>
		<item id="2">
			<property name="id">$NUMBER[2]</property>
			<property name="mainmenuid">40</property>
			<label>$LOCALIZE[22020]</label>
			<label2>Radio</label2>
			<icon>special://skin/backgrounds/default/default.jpg</icon>
			<thumb />
			<property name="labelID">22020</property>
			<property name="defaultID">22020</property>
			<visible>System.HasPVRAddon</visible>
			<onclick>ActivateWindow(RadioGuide)</onclick>
			<property name="path">ActivateWindow(RadioGuide)</property>
			<property name="list">RadioGuide</property>
			<visible>String.IsEqual(System.ProfileName,Master user)</visible>
			<property name="group">radio</property>
			<property name="isSubmenu">True</property>
		</item>
		<item id="3">
			<property name="id">$NUMBER[3]</property>
			<property name="mainmenuid">40</property>
			<label>$LOCALIZE[19163]</label>
			<label2>Radio</label2>
			<icon>special://skin/backgrounds/default/default.jpg</icon>
			<thumb />
			<property name="labelID">19163</property>
			<property name="defaultID">19163</property>
			<visible>System.HasPVRAddon</visible>
			<onclick>ActivateWindow(RadioRecordings)</onclick>
			<property name="path">ActivateWindow(RadioRecordings)</property>
			<property name="list">RadioRecordings</property>
			<visible>String.IsEqual(System.ProfileName,Master user)</visible>
			<property name="group">radio</property>
			<property name="isSubmenu">True</property>
		</item>
		<item id="4">
			<property name="id">$NUMBER[4]</property>
			<property name="mainmenuid">40</property>
			<label>$LOCALIZE[19040]</label>
			<label2>Radio</label2>
			<icon>special://skin/backgrounds/default/default.jpg</icon>
			<thumb />
			<property name="labelID">19040</property>
			<property name="defaultID">19040</property>
			<visible>System.HasPVRAddon</visible>
			<onclick>ActivateWindow(RadioTimers)</onclick>
			<property name="path">ActivateWindow(RadioTimers)</property>
			<property name="list">RadioTimers</property>
			<visible>String.IsEqual(System.ProfileName,Master user)</visible>
			<property name="group">radio</property>
			<property name="isSubmenu">True</property>
		</item>
		<item id="5">
			<property name="id">$NUMBER[5]</property>
			<property name="mainmenuid">40</property>
			<label>$LOCALIZE[19138]</label>
			<label2>Radio</label2>
			<icon>special://skin/backgrounds/default/default.jpg</icon>
			<thumb />
			<property name="labelID">19138</property>
			<property name="defaultID">19138</property>
			<visible>System.HasPVRAddon</visible>
			<onclick>ActivateWindow(RadioTimerRules)</onclick>
			<property name="path">ActivateWindow(RadioTimerRules)</property>
			<property name="list">RadioTimerRules</property>
			<visible>String.IsEqual(System.ProfileName,Master user)</visible>
			<property name="group">radio</property>
			<property name="isSubmenu">True</property>
		</item>
		<item id="6">
			<property name="id">$NUMBER[6]</property>
			<property name="mainmenuid">40</property>
			<label>$LOCALIZE[137]</label>
			<label2>Radio</label2>
			<icon>special://skin/backgrounds/default/default.jpg</icon>
			<thumb />
			<property name="labelID">137</property>
			<property name="defaultID">137</property>
			<visible>System.HasPVRAddon</visible>
			<onclick>ActivateWindow(RadioSearch)</onclick>
			<property name="path">ActivateWindow(RadioSearch)</property>
			<property name="list">RadioSearch</property>
			<visible>String.IsEqual(System.ProfileName,Master user)</visible>
			<property name="group">radio</property>
			<property name="isSubmenu">True</property>
		</item>
	</include>
	<include name="skinshortcuts-group-alt-radio">
		<item id="1">
			<property name="id">$NUMBER[1]</property>
			<property name="mainmenuid">40</property>
			<label>$LOCALIZE[19019]</label>
			<label2>Radio</label2>
			<icon>special://skin/backgrounds/default/default.jpg</icon>
			<thumb />
			<property name="labelID">19019</property>
			<property name="defaultID">19019</property>
			<visible>[System.HasPVRAddon] + String.IsEqual(Window(10000).Property(submenuVisibility),radio)</visible>
			<onclick>ActivateWindow(RadioChannels)</onclick>
			<property name="path">ActivateWindow(RadioChannels)</property>
			<property name="list">RadioChannels</property>
			<visible>String.IsEqual(System.ProfileName,Master user)</visible>
			<property name="group">radio</property>
			<property name="isSubmenu">True</property>
		</item>
		<item id="2">
			<property name="id">$NUMBER[2]</property>
			<property name="mainmenuid">40</property>
			<label>$LOCALIZE[22020]</label>
			<label2>Radio</label2>
			<icon>special://skin/backgrounds/default/default.jpg</icon>
			<thumb />
			<property name="labelID">22020</property>
			<property name="defaultID">22020</property>
			<visible>[System.HasPVRAddon] + String.IsEqual(Window(10000).Property(submenuVisibility),radio)</visible>
			<onclick>ActivateWindow(RadioGuide)</onclick>
			<property name="path">ActivateWindow(RadioGuide)</property>
			<property name="list">RadioGuide</property>
			<visible>String.IsEqual(System.ProfileName,Master user)</visible>
			<property name="group">radio</property>
			<property name="isSubmenu">True</property>
		</item>
		<item id="3">
			<property name="id">$NUMBER[3]</property>
			<property name="mainmenuid">40</property>
			<label>$LOCALIZE[19163]</label>
			<label2>Radio</label2>
			<icon>special://skin/backgrounds/default/default.jpg</icon>
			<thumb />
			<property name="labelID">19163</property>
			<property name="defaultID">19163</property>
			<visible>[System.HasPVRAddon] + String.IsEqual(Window(10000).Property(submenuVisibility),radio)</visible>
			<onclick>ActivateWindow(RadioRecordings)</onclick>
			<property name="path">ActivateWindow(RadioRecordings)</property>
			<property name="list">RadioRecordings</property>
			<visible>String.IsEqual(System.ProfileName,Master user)</visible>
			<property name="group">radio</property>
			<property name="isSubmenu">True</property>
		</item>
		<item id="4">
			<property name="id">$NUMBER[4]</property>
			<property name="mainmenuid">40</property>
			<label>$LOCALIZE[19040]</label>
			<label2>Radio</label2>
			<icon>special://skin/backgrounds/default/default.jpg</icon>
			<thumb />
			<property name="labelID">19040</property>
			<property name="defaultID">19040</property>
			<visible>[System.HasPVRAddon] + String.IsEqual(Window(10000).Property(submenuVisibility),radio)</visible>
			<onclick>ActivateWindow(RadioTimers)</onclick>
			<property name="path">ActivateWindow(RadioTimers)</property>
			<property name="list">RadioTimers</property>
			<visible>String.IsEqual(System.ProfileName,Master user)</visible>
			<property name="group">radio</property>
			<property name="isSubmenu">True</property>
		</item>
		<item id="5">
			<property name="id">$NUMBER[5]</property>
			<property name="mainmenuid">40</property>
			<label>$LOCALIZE[19138]</label>
			<label2>Radio</label2>
			<icon>special://skin/backgrounds/default/default.jpg</icon>
			<thumb />
			<property name="labelID">19138</property>
			<property name="defaultID">19138</property>
			<visible>[System.HasPVRAddon] + String.IsEqual(Window(10000).Property(submenuVisibility),radio)</visible>
			<onclick>ActivateWindow(RadioTimerRules)</onclick>
			<property name="path">ActivateWindow(RadioTimerRules)</property>
			<property name="list">RadioTimerRules</property>
			<visible>String.IsEqual(System.ProfileName,Master user)</visible>
			<property name="group">radio</property>
			<property name="isSubmenu">True</property>
		</item>
		<item id="6">
			<property name="id">$NUMBER[6]</property>
			<property name="mainmenuid">40</property>
			<label>$LOCALIZE[137]</label>
			<label2>Radio</label2>
			<icon>special://skin/backgrounds/default/default.jpg</icon>
			<thumb />
			<property name="labelID">137</property>
			<property name="defaultID">137</property>
			<visible>[System.HasPVRAddon] + String.IsEqual(Window(10000).Property(submenuVisibility),radio)</visible>
			<onclick>ActivateWindow(RadioSearch)</onclick>
			<property name="path">ActivateWindow(RadioSearch)</property>
			<property name="list">RadioSearch</property>
			<visible>String.IsEqual(System.ProfileName,Master user)</visible>
			<property name="group">radio</property>
			<property name="isSubmenu">True</property>
		</item>
	</include>
	<include name="skinshortcuts-group-dvd">
		<item id="1">
			<property name="id">$NUMBER[1]</property>
			<property name="mainmenuid">41</property>
			<label>$ADDON[script.skinshortcuts 32033]</label>
			<label2>Common Shortcut</label2>
			<icon>special://skin/backgrounds/default/default.jpg</icon>
			<thumb />
			<property name="labelID">32033</property>
			<property name="defaultID">32033</property>
			<onclick>EjectTray()</onclick>
			<property name="path">EjectTray()</property>
			<property name="list">EjectTray()</property>
			<visible>String.IsEqual(System.ProfileName,Master user)</visible>
			<property name="group">dvd</property>
			<property name="isSubmenu">True</property>
		</item>
	</include>
	<include name="skinshortcuts-group-alt-dvd">
		<item id="1">
			<property name="id">$NUMBER[1]</property>
			<property name="mainmenuid">41</property>
			<label>$ADDON[script.skinshortcuts 32033]</label>
			<label2>Common Shortcut</label2>
			<icon>special://skin/backgrounds/default/default.jpg</icon>
			<thumb />
			<property name="labelID">32033</property>
			<property name="defaultID">32033</property>
			<onclick>EjectTray()</onclick>
			<property name="path">EjectTray()</property>
			<property name="list">EjectTray()</property>
			<visible>[String.IsEqual(System.ProfileName,Master user)] + String.IsEqual(Window(10000).Property(submenuVisibility),dvd)</visible>
			<property name="group">dvd</property>
			<property name="isSubmenu">True</property>
		</item>
	</include>
	<include name="skinshortcuts-group-script-globalsearch">
		<description>No items</description>
	</include>
	<include name="skinshortcuts-group-alt-script-globalsearch">
		<description>No items</description>
	</include>
</includes>
