<?xml version="1.0" encoding="UTF-8"?>
<window>
    <defaultcontrol always="true">2000</defaultcontrol>
    <menucontrol>9000</menucontrol>
    <controls>
        <include condition="!Skin.HasSetting(DisableFanart)">Fanart_Art</include>
        <control type="group">
            <visible>!String.IsEmpty(Window(home).Property(TVGuide.BackgroundFanart))+!Skin.HasSetting(DisableFanart)</visible>
            <control type="image">
                <visible>Control.HasFocus(200)</visible>
                <include>Overlay_Fade</include>
                <include>KenBurns</include>
                <posx>0</posx>
                <posy>0</posy>
                <width>1920</width>
                <height>1080</height>
                <aspectratio aligny="top">scale</aspectratio>
                <texture background="true">$INFO[Container(200).ListItem.Property(Fanart)]</texture>
            </control>
            <control type="image">
                <visible>Control.HasFocus(201)</visible>
                <include>Overlay_Fade</include>
                <include>KenBurns</include>
                <posx>0</posx>
                <posy>0</posy>
                <width>1920</width>
                <height>1080</height>
                <aspectratio aligny="top">scale</aspectratio>
                <texture background="true">$INFO[Container(201).ListItem.Property(Fanart)]</texture>
            </control>
            <control type="image">
                <visible>Control.HasFocus(202)</visible>
                <include>Overlay_Fade</include>
                <include>KenBurns</include>
                <posx>0</posx>
                <posy>0</posy>
                <width>1920</width>
                <height>1080</height>
                <aspectratio aligny="top">scale</aspectratio>
                <texture background="true">$INFO[Container(202).ListItem.Property(Fanart)]</texture>
            </control>
            <control type="image">
                <visible>Control.HasFocus(203)</visible>
                <include>Overlay_Fade</include>
                <include>KenBurns</include>
                <posx>0</posx>
                <posy>0</posy>
                <width>1920</width>
                <height>1080</height>
                <aspectratio aligny="top">scale</aspectratio>
                <texture background="true">$INFO[Container(203).ListItem.Property(Fanart)]</texture>
            </control>
            <control type="image">
                <visible>Control.HasFocus(204)</visible>
                <include>Overlay_Fade</include>
                <include>KenBurns</include>
                <posx>0</posx>
                <posy>0</posy>
                <width>1920</width>
                <height>1080</height>
                <aspectratio aligny="top">scale</aspectratio>
                <texture background="true">$INFO[Container(204).ListItem.Property(Fanart)]</texture>
            </control>
            <control type="image">
                <visible>Control.HasFocus(205)</visible>
                <include>Overlay_Fade</include>
                <include>KenBurns</include>
                <posx>0</posx>
                <posy>0</posy>
                <width>1920</width>
                <height>1080</height>
                <aspectratio aligny="top">scale</aspectratio>
                <texture background="true">$INFO[Container(205).ListItem.Property(Fanart)]</texture>
            </control>
            <control type="image">
                <visible>Control.HasFocus(206)</visible>
                <include>Overlay_Fade</include>
                <include>KenBurns</include>
                <posx>0</posx>
                <posy>0</posy>
                <width>1920</width>
                <height>1080</height>
                <aspectratio aligny="top">scale</aspectratio>
                <texture background="true">$INFO[Container(206).ListItem.Property(Fanart)]</texture>
            </control>
        </control>
        <include>Player_Show</include>
        <include>OverlayFull</include>
        <include>InfoBackground</include>
        <control type="group">
            <include>FacadeFadeDialogs</include>
            <include>Icon_Fade</include>
            <control type="group">
                <animation effect="slide" tween="circle" easing="out" time="250" start="0,0" end="660,0" condition="[ControlGroup(9000).HasFocus()|Control.HasFocus(8999)|Control.HasFocus(9060)]">conditional</animation>
                <animation effect="slide" tween="circle" easing="out" time="250" start="0,0" end="-2090,0" condition="Control.HasFocus(505050)">conditional</animation>
                <include>OpenClose</include>
                <control type="image">
                    <posx>0</posx>
                    <posy>142</posy>
                    <width>1920</width>
                    <height>544</height>
                    <texture border="100">$VAR[Theme.Color]/common/bg_list.png</texture>
                </control>
                <control type="grouplist">
                    <posx>0</posx>
                    <posy>183</posy>
                    <orientation>vertical</orientation>
                    <itemgap>0</itemgap>
                    <control type="group">
                        <height>66</height>
                        <control type="label">
                            <posx>TextMargin</posx>
                            <posy>0</posy>
                            <width>300</width>
                            <height>66</height>
                            <font>TvGuideChannelFont</font>
                            <include>TextColor_MainColor</include>
                            <label>$INFO[Window(Home).Property(NextAired.200.Wday)] $INFO[Window(Home).Property(NextAired.200.Date)]</label>
                        </control>
                        <control type="label">
                            <visible>!String.IsEqual(Window(Home).Property(NextAired.200.Wday),)</visible>
                            <posx>395</posx>
                            <posy>0</posy>
                            <width>60</width>
                            <height>66</height>
                            <font>DialogSubFont</font>
                            <align>right</align>
                            <include>TextColor_AlternateColor</include>
                            <label>$INFO[Container(200).NumItems]</label>
                        </control>
                    </control>
                    <control type="group">
                        <height>66</height>
                        <control type="label">
                            <posx>TextMargin</posx>
                            <posy>0</posy>
                            <width>300</width>
                            <height>66</height>
                            <font>TvGuideChannelFont</font>
                            <include>TextColor_MainColor</include>
                            <label>$INFO[Window(Home).Property(NextAired.201.Wday)] $INFO[Window(Home).Property(NextAired.201.Date)]</label>
                        </control>
                        <control type="label">
                            <posx>395</posx>
                            <posy>0</posy>
                            <width>60</width>
                            <height>66</height>
                            <font>DialogSubFont</font>
                            <align>right</align>
                            <include>TextColor_AlternateColor</include>
                            <label>$INFO[Container(201).NumItems]</label>
                        </control>
                    </control>
                    <control type="group">
                        <height>66</height>
                        <control type="label">
                            <posx>TextMargin</posx>
                            <posy>0</posy>
                            <width>300</width>
                            <height>66</height>
                            <font>TvGuideChannelFont</font>
                            <include>TextColor_MainColor</include>
                            <label>$INFO[Window(Home).Property(NextAired.202.Wday)] $INFO[Window(Home).Property(NextAired.202.Date)]</label>
                        </control>
                        <control type="label">
                            <posx>395</posx>
                            <posy>0</posy>
                            <width>60</width>
                            <height>66</height>
                            <font>DialogSubFont</font>
                            <align>right</align>
                            <include>TextColor_AlternateColor</include>
                            <label>$INFO[Container(202).NumItems]</label>
                        </control>
                    </control>
                    <control type="group">
                        <height>66</height>
                        <control type="label">
                            <posx>TextMargin</posx>
                            <posy>0</posy>
                            <width>300</width>
                            <height>66</height>
                            <font>TvGuideChannelFont</font>
                            <include>TextColor_MainColor</include>
                            <label>$INFO[Window(Home).Property(NextAired.203.Wday)] $INFO[Window(Home).Property(NextAired.203.Date)]</label>
                        </control>
                        <control type="label">
                            <posx>395</posx>
                            <posy>0</posy>
                            <width>60</width>
                            <height>66</height>
                            <font>DialogSubFont</font>
                            <align>right</align>
                            <include>TextColor_AlternateColor</include>
                            <label>$INFO[Container(203).NumItems]</label>
                        </control>
                    </control>
                    <control type="group">
                        <height>66</height>
                        <control type="label">
                            <posx>TextMargin</posx>
                            <posy>0</posy>
                            <width>300</width>
                            <height>66</height>
                            <font>TvGuideChannelFont</font>
                            <include>TextColor_MainColor</include>
                            <label>$INFO[Window(Home).Property(NextAired.204.Wday)] $INFO[Window(Home).Property(NextAired.204.Date)]</label>
                        </control>
                        <control type="label">
                            <posx>395</posx>
                            <posy>0</posy>
                            <width>60</width>
                            <height>66</height>
                            <font>DialogSubFont</font>
                            <align>right</align>
                            <include>TextColor_AlternateColor</include>
                            <label>$INFO[Container(204).NumItems]</label>
                        </control>
                    </control>
                    <control type="group">
                        <height>66</height>
                        <control type="label">
                            <posx>TextMargin</posx>
                            <posy>0</posy>
                            <width>300</width>
                            <height>66</height>
                            <font>TvGuideChannelFont</font>
                            <include>TextColor_MainColor</include>
                            <label>$INFO[Window(Home).Property(NextAired.205.Wday)] $INFO[Window(Home).Property(NextAired.205.Date)]</label>
                        </control>
                        <control type="label">
                            <posx>395</posx>
                            <posy>0</posy>
                            <width>60</width>
                            <height>66</height>
                            <font>DialogSubFont</font>
                            <align>right</align>
                            <include>TextColor_AlternateColor</include>
                            <label>$INFO[Container(205).NumItems]</label>
                        </control>
                    </control>
                    <control type="group">
                        <height>66</height>
                        <control type="label">
                            <posx>TextMargin</posx>
                            <posy>0</posy>
                            <width>300</width>
                            <height>66</height>
                            <font>TvGuideChannelFont</font>
                            <include>TextColor_MainColor</include>
                            <label>$INFO[Window(Home).Property(NextAired.206.Wday)] $INFO[Window(Home).Property(NextAired.206.Date)]</label>
                        </control>
                        <control type="label">
                            <posx>395</posx>
                            <posy>0</posy>
                            <width>60</width>
                            <height>66</height>
                            <font>DialogSubFont</font>
                            <align>right</align>
                            <include>TextColor_AlternateColor</include>
                            <label>$INFO[Container(206).NumItems]</label>
                        </control>
                    </control>
                </control>
                <control type="group" id="2000">
                    <posx>465</posx>
                    <posy>183</posy>
                    <control type="panel" id="200">
                        <posy>0</posy>
                        <onup>206</onup>
                        <ondown>201</ondown>
                        <onright>200</onright>
                        <include>TVNextAiredListCommonLayout</include>
                    </control>
                    <control type="panel" id="201">
                        <posy>66</posy>
                        <onup>200</onup>
                        <ondown>202</ondown>
                        <onright>201</onright>
                        <include>TVNextAiredListCommonLayout</include>
                    </control>
                    <control type="panel" id="202">
                        <posy>132</posy>
                        <onup>201</onup>
                        <ondown>203</ondown>
                        <onright>202</onright>
                        <include>TVNextAiredListCommonLayout</include>
                    </control>
                    <control type="panel" id="203">
                        <posy>198</posy>
                        <onup>202</onup>
                        <ondown>204</ondown>
                        <onright>203</onright>
                        <include>TVNextAiredListCommonLayout</include>
                    </control>
                    <control type="panel" id="204">
                        <posy>264</posy>
                        <onup>203</onup>
                        <ondown>205</ondown>
                        <onright>204</onright>
                        <include>TVNextAiredListCommonLayout</include>
                    </control>
                    <control type="panel" id="205">
                        <posy>330</posy>
                        <onup>204</onup>
                        <ondown>206</ondown>
                        <onright>205</onright>
                        <include>TVNextAiredListCommonLayout</include>
                    </control>
                    <control type="panel" id="206">
                        <posy>396</posy>
                        <onup>205</onup>
                        <ondown>200</ondown>
                        <onright>206</onright>
                        <include>TVNextAiredListCommonLayout</include>
                    </control>
                </control>
                <!-- INFO -->
                <control type="group">
                    <posx>0</posx>
                    <posy>0</posy>
                    <control type="image">
                        <posx>0</posx>
                        <posy>647</posy>
                        <width>1920</width>
                        <height>628</height>
                        <texture border="100">$VAR[Theme.Color]/common/bg_list.png</texture>
                    </control>

                    <control type="group">
                        <visible>control.hasfocus(200)</visible>
                        <include>Overlay_Fade</include>
                        <control type="image">
                            <visible>String.IsEqual(Window(Home).Property(TVGuide.ThumbType),0)</visible>
                            <include>ConditionWhite</include>
                            <posx>25</posx>
                            <posy>680</posy>
                            <width>405</width>
                            <height>405</height>
                            <aspectratio>keep</aspectratio>
                            <texture background="true" fallback="white/defaultVideoBig.png">$INFO[Container(200).ListItem.Property(Art(poster))]</texture>
                            <include>ThumbBorder</include>
                        </control>
                        <control type="image">
                            <visible>String.IsEqual(Window(Home).Property(TVGuide.ThumbType),0)</visible>
                            <include>ConditionBlack</include>
                            <posx>25</posx>
                            <posy>680</posy>
                            <width>405</width>
                            <height>405</height>
                            <aspectratio>keep</aspectratio>
                            <texture background="true" fallback="black/defaultVideoBig.png">$INFO[Container(200).ListItem.Property(Art(poster))]</texture>
                            <include>ThumbBorder</include>
                        </control>

                        <control type="image">
                            <visible>String.IsEqual(Window(Home).Property(TVGuide.ThumbType),1)</visible>
                            <include>ConditionWhite</include>
                            <posx>25</posx>
                            <posy>680</posy>
                            <width>405</width>
                            <height>405</height>
                            <aspectratio>keep</aspectratio>
                            <texture background="true" fallback="white/defaultVideoBig.png">$INFO[Container(200).ListItem.Property(Art(banner))]</texture>
                            <include>ThumbBorder</include>
                        </control>
                        <control type="image">
                            <visible>String.IsEqual(Window(Home).Property(TVGuide.ThumbType),1)</visible>
                            <include>ConditionBlack</include>
                            <posx>25</posx>
                            <posy>680</posy>
                            <width>405</width>
                            <height>405</height>
                            <aspectratio>keep</aspectratio>
                            <texture background="true" fallback="black/defaultVideoBig.png">$INFO[Container(200).ListItem.Property(Art(banner))]</texture>
                            <include>ThumbBorder</include>
                        </control>

                        <control type="image">
                            <visible>String.IsEqual(Window(Home).Property(TVGuide.ThumbType),2)</visible>
                            <include>ConditionWhite</include>
                            <posx>60</posx>
                            <posy>680</posy>
                            <width>335</width>
                            <height>405</height>
                            <aspectratio>keep</aspectratio>
                            <texture background="true" fallback="white/defaultVideoBig.png">$INFO[Container(200).ListItem.Property(Art(clearlogo))]</texture>
                        </control>
                        <control type="image">
                            <visible>String.IsEqual(Window(Home).Property(TVGuide.ThumbType),2)</visible>
                            <include>ConditionBlack</include>
                            <posx>60</posx>
                            <posy>680</posy>
                            <width>335</width>
                            <height>405</height>
                            <aspectratio>keep</aspectratio>
                            <texture background="true" fallback="black/defaultVideoBig.png">$INFO[Container(200).ListItem.Property(Art(clearlogo))]</texture>
                        </control>
                        <control type="group">
                            <posx>-10</posx>
                            <posy>685</posy>
                            <control type="label">
                                <posx>500</posx>
                                <posy>25</posy>
                                <width>1260</width>
                                <aligny>top</aligny>
                                <font>InfoTitleFont</font>
                                <include>TextColor_MainColor</include>
                                <scroll>false</scroll>
                                <label>$INFO[Container(200).ListItem.Label]</label>
                            </control>
                            <control type="image">
                                <description>Default Seperator</description>
                                <posx>405</posx>
                                <posy>96</posy>
                                <width>1470</width>
                                <height>1</height>
                                <texture border="150,0,150,0">$VAR[Theme.Color]/list/bg_facade_separator.png</texture>
                            </control>
                            <control type="label">
                                <posx>500</posx>
                                <posy>110</posy>
                                <width>1260</width>
                                <height>71</height>
                                <font>InfoDetailsFont</font>
                                <include>TextColor_MainColor</include>
                                <scroll>false</scroll>
                                <label>$INFO[Container(200).ListItem.Property(NextNumber)]$INFO[Container(200).ListItem.Property(NextTitle),     ]</label>
                            </control>
                            <control type="label">
                                <posx>500</posx>
                                <posy>183</posy>
                                <width>1260</width>
                                <height>71</height>
                                <font>InfoDetailsFont</font>
                                <include>TextColor_MainColor</include>
                                <scroll>false</scroll>
                                <label>$INFO[Container(200).ListItem.Property(Genre)]</label>
                            </control>
                            <control type="label">
                                <posx>500</posx>
                                <posy>256</posy>
                                <width>1260</width>
                                <height>71</height>
                                <font>InfoDetailsFont</font>
                                <include>TextColor_MainColor</include>
                                <scroll>false</scroll>
                                <label>$INFO[Container(200).ListItem.Property(ShortTime)]$INFO[Container(200).ListItem.Property(NextDay),     ]$INFO[Container(200).ListItem.Property(Runtime),     , $LOCALIZE[12391]]$INFO[Container(200).ListItem.Property(Network),     ]$INFO[Container(200).ListItem.Property(Country),     ]$INFO[Container(200).ListItem.Property(),     ]</label>
                            </control>
                        </control>
                    </control>
                    <control type="group">
                        <visible>control.hasfocus(201)</visible>
                        <include>Overlay_Fade</include>
                        <control type="image">
                            <visible>String.IsEqual(Window(Home).Property(TVGuide.ThumbType),0)</visible>
                            <include>ConditionWhite</include>
                            <posx>25</posx>
                            <posy>680</posy>
                            <width>405</width>
                            <height>405</height>
                            <aspectratio>keep</aspectratio>
                            <texture background="true" fallback="white/defaultVideoBig.png">$INFO[Container(201).ListItem.Property(Art(poster))]</texture>
                            <include>ThumbBorder</include>
                        </control>
                        <control type="image">
                            <visible>String.IsEqual(Window(Home).Property(TVGuide.ThumbType),0)</visible>
                            <include>ConditionBlack</include>
                            <posx>25</posx>
                            <posy>680</posy>
                            <width>405</width>
                            <height>405</height>
                            <aspectratio>keep</aspectratio>
                            <texture background="true" fallback="black/defaultVideoBig.png">$INFO[Container(201).ListItem.Property(Art(poster))]</texture>
                            <include>ThumbBorder</include>
                        </control>

                        <control type="image">
                            <visible>String.IsEqual(Window(Home).Property(TVGuide.ThumbType),1)</visible>
                            <include>ConditionWhite</include>
                            <posx>25</posx>
                            <posy>680</posy>
                            <width>405</width>
                            <height>405</height>
                            <aspectratio>keep</aspectratio>
                            <texture background="true" fallback="white/defaultVideoBig.png">$INFO[Container(201).ListItem.Property(Art(banner))]</texture>
                            <include>ThumbBorder</include>
                        </control>
                        <control type="image">
                            <visible>String.IsEqual(Window(Home).Property(TVGuide.ThumbType),1)</visible>
                            <include>ConditionBlack</include>
                            <posx>25</posx>
                            <posy>680</posy>
                            <width>405</width>
                            <height>405</height>
                            <aspectratio>keep</aspectratio>
                            <texture background="true" fallback="black/defaultVideoBig.png">$INFO[Container(201).ListItem.Property(Art(banner))]</texture>
                            <include>ThumbBorder</include>
                        </control>

                        <control type="image">
                            <visible>String.IsEqual(Window(Home).Property(TVGuide.ThumbType),2)</visible>
                            <include>ConditionWhite</include>
                            <posx>60</posx>
                            <posy>680</posy>
                            <width>335</width>
                            <height>405</height>
                            <aspectratio>keep</aspectratio>
                            <texture background="true" fallback="white/defaultVideoBig.png">$INFO[Container(201).ListItem.Property(Art(clearlogo))]</texture>
                        </control>
                        <control type="image">
                            <visible>String.IsEqual(Window(Home).Property(TVGuide.ThumbType),2)</visible>
                            <include>ConditionBlack</include>
                            <posx>60</posx>
                            <posy>680</posy>
                            <width>335</width>
                            <height>405</height>
                            <aspectratio>keep</aspectratio>
                            <texture background="true" fallback="black/defaultVideoBig.png">$INFO[Container(201).ListItem.Property(Art(clearlogo))]</texture>
                        </control>
                        <control type="group">
                            <posx>-10</posx>
                            <posy>685</posy>
                            <control type="label">
                                <posx>500</posx>
                                <posy>25</posy>
                                <width>1260</width>
                                <aligny>top</aligny>
                                <font>InfoTitleFont</font>
                                <include>TextColor_MainColor</include>
                                <scroll>false</scroll>
                                <label>$INFO[Container(201).ListItem.Label]</label>
                            </control>
                            <control type="image">
                                <description>Default Seperator</description>
                                <posx>405</posx>
                                <posy>96</posy>
                                <width>1470</width>
                                <height>1</height>
                                <texture border="150,0,150,0">$VAR[Theme.Color]/list/bg_facade_separator.png</texture>
                            </control>
                            <control type="label">
                                <posx>500</posx>
                                <posy>110</posy>
                                <width>1260</width>
                                <height>71</height>
                                <font>InfoDetailsFont</font>
                                <include>TextColor_MainColor</include>
                                <scroll>false</scroll>
                                <label>$INFO[Container(201).ListItem.Property(NextNumber)]$INFO[Container(201).ListItem.Property(NextTitle),     ]</label>
                            </control>
                            <control type="label">
                                <posx>500</posx>
                                <posy>183</posy>
                                <width>1260</width>
                                <height>71</height>
                                <font>InfoDetailsFont</font>
                                <include>TextColor_MainColor</include>
                                <scroll>false</scroll>
                                <label>$INFO[Container(201).ListItem.Property(Genre)]</label>
                            </control>
                            <control type="label">
                                <posx>500</posx>
                                <posy>256</posy>
                                <width>1260</width>
                                <height>71</height>
                                <font>InfoDetailsFont</font>
                                <include>TextColor_MainColor</include>
                                <scroll>false</scroll>
                                <label>$INFO[Container(201).ListItem.Property(ShortTime)]$INFO[Container(201).ListItem.Property(NextDay),     ]$INFO[Container(201).ListItem.Property(Runtime),     , $LOCALIZE[12391]]$INFO[Container(201).ListItem.Property(Network),     ]$INFO[Container(201).ListItem.Property(Country),     ]$INFO[Container(201).ListItem.Property(),     ]</label>
                            </control>
                        </control>
                    </control>
                    <control type="group">
                        <visible>control.hasfocus(202)</visible>
                        <include>Overlay_Fade</include>
                        <control type="image">
                            <visible>String.IsEqual(Window(Home).Property(TVGuide.ThumbType),0)</visible>
                            <include>ConditionWhite</include>
                            <posx>25</posx>
                            <posy>680</posy>
                            <width>405</width>
                            <height>405</height>
                            <aspectratio>keep</aspectratio>
                            <texture background="true" fallback="white/defaultVideoBig.png">$INFO[Container(202).ListItem.Property(Art(poster))]</texture>
                            <include>ThumbBorder</include>
                        </control>
                        <control type="image">
                            <visible>String.IsEqual(Window(Home).Property(TVGuide.ThumbType),0)</visible>
                            <include>ConditionBlack</include>
                            <posx>25</posx>
                            <posy>680</posy>
                            <width>405</width>
                            <height>405</height>
                            <aspectratio>keep</aspectratio>
                            <texture background="true" fallback="black/defaultVideoBig.png">$INFO[Container(202).ListItem.Property(Art(poster))]</texture>
                            <include>ThumbBorder</include>
                        </control>

                        <control type="image">
                            <visible>String.IsEqual(Window(Home).Property(TVGuide.ThumbType),1)</visible>
                            <include>ConditionWhite</include>
                            <posx>25</posx>
                            <posy>680</posy>
                            <width>405</width>
                            <height>405</height>
                            <aspectratio>keep</aspectratio>
                            <texture background="true" fallback="white/defaultVideoBig.png">$INFO[Container(202).ListItem.Property(Art(banner))]</texture>
                            <include>ThumbBorder</include>
                        </control>
                        <control type="image">
                            <visible>String.IsEqual(Window(Home).Property(TVGuide.ThumbType),1)</visible>
                            <include>ConditionBlack</include>
                            <posx>25</posx>
                            <posy>680</posy>
                            <width>405</width>
                            <height>405</height>
                            <aspectratio>keep</aspectratio>
                            <texture background="true" fallback="black/defaultVideoBig.png">$INFO[Container(202).ListItem.Property(Art(banner))]</texture>
                            <include>ThumbBorder</include>
                        </control>

                        <control type="image">
                            <visible>String.IsEqual(Window(Home).Property(TVGuide.ThumbType),2)</visible>
                            <include>ConditionWhite</include>
                            <posx>60</posx>
                            <posy>680</posy>
                            <width>335</width>
                            <height>405</height>
                            <aspectratio>keep</aspectratio>
                            <texture background="true" fallback="white/defaultVideoBig.png">$INFO[Container(202).ListItem.Property(Art(clearlogo))]</texture>
                        </control>
                        <control type="image">
                            <visible>String.IsEqual(Window(Home).Property(TVGuide.ThumbType),2)</visible>
                            <include>ConditionBlack</include>
                            <posx>60</posx>
                            <posy>680</posy>
                            <width>335</width>
                            <height>405</height>
                            <aspectratio>keep</aspectratio>
                            <texture background="true" fallback="black/defaultVideoBig.png">$INFO[Container(202).ListItem.Property(Art(clearlogo))]</texture>
                        </control>
                        <control type="group">
                            <posx>-10</posx>
                            <posy>685</posy>
                            <control type="label">
                                <posx>500</posx>
                                <posy>25</posy>
                                <width>1260</width>
                                <aligny>top</aligny>
                                <font>InfoTitleFont</font>
                                <include>TextColor_MainColor</include>
                                <scroll>false</scroll>
                                <label>$INFO[Container(202).ListItem.Label]</label>
                            </control>
                            <control type="image">
                                <description>Default Seperator</description>
                                <posx>405</posx>
                                <posy>96</posy>
                                <width>1470</width>
                                <height>1</height>
                                <texture border="150,0,150,0">$VAR[Theme.Color]/list/bg_facade_separator.png</texture>
                            </control>
                            <control type="label">
                                <posx>500</posx>
                                <posy>110</posy>
                                <width>1260</width>
                                <height>71</height>
                                <font>InfoDetailsFont</font>
                                <include>TextColor_MainColor</include>
                                <scroll>false</scroll>
                                <label>$INFO[Container(202).ListItem.Property(NextNumber)]$INFO[Container(202).ListItem.Property(NextTitle),     ]</label>
                            </control>
                            <control type="label">
                                <posx>500</posx>
                                <posy>183</posy>
                                <width>1260</width>
                                <height>71</height>
                                <font>InfoDetailsFont</font>
                                <include>TextColor_MainColor</include>
                                <scroll>false</scroll>
                                <label>$INFO[Container(202).ListItem.Property(Genre)]</label>
                            </control>
                            <control type="label">
                                <posx>500</posx>
                                <posy>256</posy>
                                <width>1260</width>
                                <height>71</height>
                                <font>InfoDetailsFont</font>
                                <include>TextColor_MainColor</include>
                                <scroll>false</scroll>
                                <label>$INFO[Container(202).ListItem.Property(ShortTime)]$INFO[Container(202).ListItem.Property(NextDay),     ]$INFO[Container(202).ListItem.Property(Runtime),     , $LOCALIZE[12391]]$INFO[Container(202).ListItem.Property(Network),     ]$INFO[Container(202).ListItem.Property(Country),     ]$INFO[Container(202).ListItem.Property(),     ]</label>
                            </control>
                        </control>
                    </control>
                    <control type="group">
                        <visible>control.hasfocus(203)</visible>
                        <include>Overlay_Fade</include>
                        <control type="image">
                            <visible>String.IsEqual(Window(Home).Property(TVGuide.ThumbType),0)</visible>
                            <include>ConditionWhite</include>
                            <posx>25</posx>
                            <posy>680</posy>
                            <width>405</width>
                            <height>405</height>
                            <aspectratio>keep</aspectratio>
                            <texture background="true" fallback="white/defaultVideoBig.png">$INFO[Container(203).ListItem.Property(Art(poster))]</texture>
                            <include>ThumbBorder</include>
                        </control>
                        <control type="image">
                            <visible>String.IsEqual(Window(Home).Property(TVGuide.ThumbType),0)</visible>
                            <include>ConditionBlack</include>
                            <posx>25</posx>
                            <posy>680</posy>
                            <width>405</width>
                            <height>405</height>
                            <aspectratio>keep</aspectratio>
                            <texture background="true" fallback="black/defaultVideoBig.png">$INFO[Container(203).ListItem.Property(Art(poster))]</texture>
                            <include>ThumbBorder</include>
                        </control>

                        <control type="image">
                            <visible>String.IsEqual(Window(Home).Property(TVGuide.ThumbType),1)</visible>
                            <include>ConditionWhite</include>
                            <posx>25</posx>
                            <posy>680</posy>
                            <width>405</width>
                            <height>405</height>
                            <aspectratio>keep</aspectratio>
                            <texture background="true" fallback="white/defaultVideoBig.png">$INFO[Container(203).ListItem.Property(Art(banner))]</texture>
                            <include>ThumbBorder</include>
                        </control>
                        <control type="image">
                            <visible>String.IsEqual(Window(Home).Property(TVGuide.ThumbType),1)</visible>
                            <include>ConditionBlack</include>
                            <posx>25</posx>
                            <posy>680</posy>
                            <width>405</width>
                            <height>405</height>
                            <aspectratio>keep</aspectratio>
                            <texture background="true" fallback="black/defaultVideoBig.png">$INFO[Container(203).ListItem.Property(Art(banner))]</texture>
                            <include>ThumbBorder</include>
                        </control>

                        <control type="image">
                            <visible>String.IsEqual(Window(Home).Property(TVGuide.ThumbType),2)</visible>
                            <include>ConditionWhite</include>
                            <posx>60</posx>
                            <posy>680</posy>
                            <width>335</width>
                            <height>405</height>
                            <aspectratio>keep</aspectratio>
                            <texture background="true" fallback="white/defaultVideoBig.png">$INFO[Container(203).ListItem.Property(Art(clearlogo))]</texture>
                        </control>
                        <control type="image">
                            <visible>String.IsEqual(Window(Home).Property(TVGuide.ThumbType),2)</visible>
                            <include>ConditionBlack</include>
                            <posx>60</posx>
                            <posy>680</posy>
                            <width>335</width>
                            <height>405</height>
                            <aspectratio>keep</aspectratio>
                            <texture background="true" fallback="black/defaultVideoBig.png">$INFO[Container(203).ListItem.Property(Art(clearlogo))]</texture>
                        </control>
                        <control type="group">
                            <posx>-10</posx>
                            <posy>685</posy>
                            <control type="label">
                                <posx>500</posx>
                                <posy>25</posy>
                                <width>1260</width>
                                <aligny>top</aligny>
                                <font>InfoTitleFont</font>
                                <include>TextColor_MainColor</include>
                                <scroll>false</scroll>
                                <label>$INFO[Container(203).ListItem.Label]</label>
                            </control>
                            <control type="image">
                                <description>Default Seperator</description>
                                <posx>405</posx>
                                <posy>96</posy>
                                <width>1470</width>
                                <height>1</height>
                                <texture border="150,0,150,0">$VAR[Theme.Color]/list/bg_facade_separator.png</texture>
                            </control>
                            <control type="label">
                                <posx>500</posx>
                                <posy>110</posy>
                                <width>1260</width>
                                <height>71</height>
                                <font>InfoDetailsFont</font>
                                <include>TextColor_MainColor</include>
                                <scroll>false</scroll>
                                <label>$INFO[Container(203).ListItem.Property(NextNumber)]$INFO[Container(203).ListItem.Property(NextTitle),     ]</label>
                            </control>
                            <control type="label">
                                <posx>500</posx>
                                <posy>183</posy>
                                <width>1260</width>
                                <height>71</height>
                                <font>InfoDetailsFont</font>
                                <include>TextColor_MainColor</include>
                                <scroll>false</scroll>
                                <label>$INFO[Container(203).ListItem.Property(Genre)]</label>
                            </control>
                            <control type="label">
                                <posx>500</posx>
                                <posy>256</posy>
                                <width>1260</width>
                                <height>71</height>
                                <font>InfoDetailsFont</font>
                                <include>TextColor_MainColor</include>
                                <scroll>false</scroll>
                                <label>$INFO[Container(203).ListItem.Property(ShortTime)]$INFO[Container(203).ListItem.Property(NextDay),     ]$INFO[Container(203).ListItem.Property(Runtime),     , $LOCALIZE[12391]]$INFO[Container(203).ListItem.Property(Network),     ]$INFO[Container(203).ListItem.Property(Country),     ]$INFO[Container(203).ListItem.Property(),     ]</label>
                            </control>
                        </control>
                    </control>
                    <control type="group">
                        <visible>control.hasfocus(204)</visible>
                        <include>Overlay_Fade</include>
                        <control type="image">
                            <visible>String.IsEqual(Window(Home).Property(TVGuide.ThumbType),0)</visible>
                            <include>ConditionWhite</include>
                            <posx>25</posx>
                            <posy>680</posy>
                            <width>405</width>
                            <height>405</height>
                            <aspectratio>keep</aspectratio>
                            <texture background="true" fallback="white/defaultVideoBig.png">$INFO[Container(204).ListItem.Property(Art(poster))]</texture>
                            <include>ThumbBorder</include>
                        </control>
                        <control type="image">
                            <visible>String.IsEqual(Window(Home).Property(TVGuide.ThumbType),0)</visible>
                            <include>ConditionBlack</include>
                            <posx>25</posx>
                            <posy>680</posy>
                            <width>405</width>
                            <height>405</height>
                            <aspectratio>keep</aspectratio>
                            <texture background="true" fallback="black/defaultVideoBig.png">$INFO[Container(204).ListItem.Property(Art(poster))]</texture>
                            <include>ThumbBorder</include>
                        </control>

                        <control type="image">
                            <visible>String.IsEqual(Window(Home).Property(TVGuide.ThumbType),1)</visible>
                            <include>ConditionWhite</include>
                            <posx>25</posx>
                            <posy>680</posy>
                            <width>405</width>
                            <height>405</height>
                            <aspectratio>keep</aspectratio>
                            <texture background="true" fallback="white/defaultVideoBig.png">$INFO[Container(204).ListItem.Property(Art(banner))]</texture>
                            <include>ThumbBorder</include>
                        </control>
                        <control type="image">
                            <visible>String.IsEqual(Window(Home).Property(TVGuide.ThumbType),1)</visible>
                            <include>ConditionBlack</include>
                            <posx>25</posx>
                            <posy>680</posy>
                            <width>405</width>
                            <height>405</height>
                            <aspectratio>keep</aspectratio>
                            <texture background="true" fallback="black/defaultVideoBig.png">$INFO[Container(204).ListItem.Property(Art(banner))]</texture>
                            <include>ThumbBorder</include>
                        </control>

                        <control type="image">
                            <visible>String.IsEqual(Window(Home).Property(TVGuide.ThumbType),2)</visible>
                            <include>ConditionWhite</include>
                            <posx>60</posx>
                            <posy>680</posy>
                            <width>335</width>
                            <height>405</height>
                            <aspectratio>keep</aspectratio>
                            <texture background="true" fallback="white/defaultVideoBig.png">$INFO[Container(204).ListItem.Property(Art(clearlogo))]</texture>
                        </control>
                        <control type="image">
                            <visible>String.IsEqual(Window(Home).Property(TVGuide.ThumbType),2)</visible>
                            <include>ConditionBlack</include>
                            <posx>60</posx>
                            <posy>680</posy>
                            <width>335</width>
                            <height>405</height>
                            <aspectratio>keep</aspectratio>
                            <texture background="true" fallback="black/defaultVideoBig.png">$INFO[Container(204).ListItem.Property(Art(clearlogo))]</texture>
                        </control>
                        <control type="group">
                            <posx>-10</posx>
                            <posy>685</posy>
                            <control type="label">
                                <posx>500</posx>
                                <posy>25</posy>
                                <width>1260</width>
                                <aligny>top</aligny>
                                <font>InfoTitleFont</font>
                                <include>TextColor_MainColor</include>
                                <scroll>false</scroll>
                                <label>$INFO[Container(204).ListItem.Label]</label>
                            </control>
                            <control type="image">
                                <description>Default Seperator</description>
                                <posx>405</posx>
                                <posy>96</posy>
                                <width>1470</width>
                                <height>1</height>
                                <texture border="150,0,150,0">$VAR[Theme.Color]/list/bg_facade_separator.png</texture>
                            </control>
                            <control type="label">
                                <posx>500</posx>
                                <posy>110</posy>
                                <width>1260</width>
                                <height>71</height>
                                <font>InfoDetailsFont</font>
                                <include>TextColor_MainColor</include>
                                <scroll>false</scroll>
                                <label>$INFO[Container(204).ListItem.Property(NextNumber)]$INFO[Container(204).ListItem.Property(NextTitle),     ]</label>
                            </control>
                            <control type="label">
                                <posx>500</posx>
                                <posy>183</posy>
                                <width>1260</width>
                                <height>71</height>
                                <font>InfoDetailsFont</font>
                                <include>TextColor_MainColor</include>
                                <scroll>false</scroll>
                                <label>$INFO[Container(204).ListItem.Property(Genre)]</label>
                            </control>
                            <control type="label">
                                <posx>500</posx>
                                <posy>256</posy>
                                <width>1260</width>
                                <height>71</height>
                                <font>InfoDetailsFont</font>
                                <include>TextColor_MainColor</include>
                                <scroll>false</scroll>
                                <label>$INFO[Container(204).ListItem.Property(ShortTime)]$INFO[Container(204).ListItem.Property(NextDay),     ]$INFO[Container(204).ListItem.Property(Runtime),     , $LOCALIZE[12391]]$INFO[Container(204).ListItem.Property(Network),     ]$INFO[Container(204).ListItem.Property(Country),     ]$INFO[Container(204).ListItem.Property(),     ]</label>
                            </control>
                        </control>
                    </control>
                    <control type="group">
                        <visible>control.hasfocus(205)</visible>
                        <include>Overlay_Fade</include>
                        <control type="image">
                            <visible>String.IsEqual(Window(Home).Property(TVGuide.ThumbType),0)</visible>
                            <include>ConditionWhite</include>
                            <posx>25</posx>
                            <posy>680</posy>
                            <width>405</width>
                            <height>405</height>
                            <aspectratio>keep</aspectratio>
                            <texture background="true" fallback="white/defaultVideoBig.png">$INFO[Container(205).ListItem.Property(Art(poster))]</texture>
                            <include>ThumbBorder</include>
                        </control>
                        <control type="image">
                            <visible>String.IsEqual(Window(Home).Property(TVGuide.ThumbType),0)</visible>
                            <include>ConditionBlack</include>
                            <posx>25</posx>
                            <posy>680</posy>
                            <width>405</width>
                            <height>405</height>
                            <aspectratio>keep</aspectratio>
                            <texture background="true" fallback="black/defaultVideoBig.png">$INFO[Container(205).ListItem.Property(Art(poster))]</texture>
                            <include>ThumbBorder</include>
                        </control>

                        <control type="image">
                            <visible>String.IsEqual(Window(Home).Property(TVGuide.ThumbType),1)</visible>
                            <include>ConditionWhite</include>
                            <posx>25</posx>
                            <posy>680</posy>
                            <width>405</width>
                            <height>405</height>
                            <aspectratio>keep</aspectratio>
                            <texture background="true" fallback="white/defaultVideoBig.png">$INFO[Container(205).ListItem.Property(Art(banner))]</texture>
                            <include>ThumbBorder</include>
                        </control>
                        <control type="image">
                            <visible>String.IsEqual(Window(Home).Property(TVGuide.ThumbType),1)</visible>
                            <include>ConditionBlack</include>
                            <posx>25</posx>
                            <posy>680</posy>
                            <width>405</width>
                            <height>405</height>
                            <aspectratio>keep</aspectratio>
                            <texture background="true" fallback="black/defaultVideoBig.png">$INFO[Container(205).ListItem.Property(Art(banner))]</texture>
                            <include>ThumbBorder</include>
                        </control>

                        <control type="image">
                            <visible>String.IsEqual(Window(Home).Property(TVGuide.ThumbType),2)</visible>
                            <include>ConditionWhite</include>
                            <posx>60</posx>
                            <posy>680</posy>
                            <width>335</width>
                            <height>405</height>
                            <aspectratio>keep</aspectratio>
                            <texture background="true" fallback="white/defaultVideoBig.png">$INFO[Container(205).ListItem.Property(Art(clearlogo))]</texture>
                        </control>
                        <control type="image">
                            <visible>String.IsEqual(Window(Home).Property(TVGuide.ThumbType),2)</visible>
                            <include>ConditionBlack</include>
                            <posx>60</posx>
                            <posy>680</posy>
                            <width>335</width>
                            <height>405</height>
                            <aspectratio>keep</aspectratio>
                            <texture background="true" fallback="black/defaultVideoBig.png">$INFO[Container(205).ListItem.Property(Art(clearlogo))]</texture>
                        </control>
                        <control type="group">
                            <posx>-10</posx>
                            <posy>685</posy>
                            <control type="label">
                                <posx>500</posx>
                                <posy>25</posy>
                                <width>1260</width>
                                <aligny>top</aligny>
                                <font>InfoTitleFont</font>
                                <include>TextColor_MainColor</include>
                                <scroll>false</scroll>
                                <label>$INFO[Container(205).ListItem.Label]</label>
                            </control>
                            <control type="image">
                                <description>Default Seperator</description>
                                <posx>405</posx>
                                <posy>96</posy>
                                <width>1470</width>
                                <height>1</height>
                                <texture border="150,0,150,0">$VAR[Theme.Color]/list/bg_facade_separator.png</texture>
                            </control>
                            <control type="label">
                                <posx>500</posx>
                                <posy>110</posy>
                                <width>1260</width>
                                <height>71</height>
                                <font>InfoDetailsFont</font>
                                <include>TextColor_MainColor</include>
                                <scroll>false</scroll>
                                <label>$INFO[Container(205).ListItem.Property(NextNumber)]$INFO[Container(205).ListItem.Property(NextTitle),     ]</label>
                            </control>
                            <control type="label">
                                <posx>500</posx>
                                <posy>183</posy>
                                <width>1260</width>
                                <height>71</height>
                                <font>InfoDetailsFont</font>
                                <include>TextColor_MainColor</include>
                                <scroll>false</scroll>
                                <label>$INFO[Container(205).ListItem.Property(Genre)]</label>
                            </control>
                            <control type="label">
                                <posx>500</posx>
                                <posy>256</posy>
                                <width>1260</width>
                                <height>71</height>
                                <font>InfoDetailsFont</font>
                                <include>TextColor_MainColor</include>
                                <scroll>false</scroll>
                                <label>$INFO[Container(205).ListItem.Property(ShortTime)]$INFO[Container(205).ListItem.Property(NextDay),     ]$INFO[Container(205).ListItem.Property(Runtime),     , $LOCALIZE[12391]]$INFO[Container(205).ListItem.Property(Network),     ]$INFO[Container(205).ListItem.Property(Country),     ]$INFO[Container(205).ListItem.Property(),     ]</label>
                            </control>
                        </control>
                    </control>
                    <control type="group">
                        <visible>control.hasfocus(206)</visible>
                        <include>Overlay_Fade</include>
                        <control type="image">
                            <visible>String.IsEqual(Window(Home).Property(TVGuide.ThumbType),0)</visible>
                            <include>ConditionWhite</include>
                            <posx>25</posx>
                            <posy>680</posy>
                            <width>405</width>
                            <height>405</height>
                            <aspectratio>keep</aspectratio>
                            <texture background="true" fallback="white/defaultVideoBig.png">$INFO[Container(206).ListItem.Property(Art(poster))]</texture>
                            <include>ThumbBorder</include>
                        </control>
                        <control type="image">
                            <visible>String.IsEqual(Window(Home).Property(TVGuide.ThumbType),0)</visible>
                            <include>ConditionBlack</include>
                            <posx>25</posx>
                            <posy>680</posy>
                            <width>405</width>
                            <height>405</height>
                            <aspectratio>keep</aspectratio>
                            <texture background="true" fallback="black/defaultVideoBig.png">$INFO[Container(206).ListItem.Property(Art(poster))]</texture>
                            <include>ThumbBorder</include>
                        </control>

                        <control type="image">
                            <visible>String.IsEqual(Window(Home).Property(TVGuide.ThumbType),1)</visible>
                            <include>ConditionWhite</include>
                            <posx>25</posx>
                            <posy>680</posy>
                            <width>405</width>
                            <height>405</height>
                            <aspectratio>keep</aspectratio>
                            <texture background="true" fallback="white/defaultVideoBig.png">$INFO[Container(206).ListItem.Property(Art(banner))]</texture>
                            <include>ThumbBorder</include>
                        </control>
                        <control type="image">
                            <visible>String.IsEqual(Window(Home).Property(TVGuide.ThumbType),1)</visible>
                            <include>ConditionBlack</include>
                            <posx>25</posx>
                            <posy>680</posy>
                            <width>405</width>
                            <height>405</height>
                            <aspectratio>keep</aspectratio>
                            <texture background="true" fallback="black/defaultVideoBig.png">$INFO[Container(206).ListItem.Property(Art(banner))]</texture>
                            <include>ThumbBorder</include>
                        </control>

                        <control type="image">
                            <visible>String.IsEqual(Window(Home).Property(TVGuide.ThumbType),2)</visible>
                            <include>ConditionWhite</include>
                            <posx>60</posx>
                            <posy>680</posy>
                            <width>335</width>
                            <height>405</height>
                            <aspectratio>keep</aspectratio>
                            <texture background="true" fallback="white/defaultVideoBig.png">$INFO[Container(206).ListItem.Property(Art(clearlogo))]</texture>
                        </control>
                        <control type="image">
                            <visible>String.IsEqual(Window(Home).Property(TVGuide.ThumbType),2)</visible>
                            <include>ConditionBlack</include>
                            <posx>60</posx>
                            <posy>680</posy>
                            <width>335</width>
                            <height>405</height>
                            <aspectratio>keep</aspectratio>
                            <texture background="true" fallback="black/defaultVideoBig.png">$INFO[Container(206).ListItem.Property(Art(clearlogo))]</texture>
                        </control>
                        <control type="group">
                            <posx>-10</posx>
                            <posy>685</posy>
                            <control type="label">
                                <posx>500</posx>
                                <posy>25</posy>
                                <width>1260</width>
                                <aligny>top</aligny>
                                <font>InfoTitleFont</font>
                                <include>TextColor_MainColor</include>
                                <scroll>false</scroll>
                                <label>$INFO[Container(206).ListItem.Label]</label>
                            </control>
                            <control type="image">
                                <description>Default Seperator</description>
                                <posx>405</posx>
                                <posy>96</posy>
                                <width>1470</width>
                                <height>1</height>
                                <texture border="150,0,150,0">$VAR[Theme.Color]/list/bg_facade_separator.png</texture>
                            </control>
                            <control type="label">
                                <posx>500</posx>
                                <posy>110</posy>
                                <width>1260</width>
                                <height>71</height>
                                <font>InfoDetailsFont</font>
                                <include>TextColor_MainColor</include>
                                <scroll>false</scroll>
                                <label>$INFO[Container(206).ListItem.Property(NextNumber)]$INFO[Container(206).ListItem.Property(NextTitle),     ]</label>
                            </control>
                            <control type="label">
                                <posx>500</posx>
                                <posy>183</posy>
                                <width>1260</width>
                                <height>71</height>
                                <font>InfoDetailsFont</font>
                                <include>TextColor_MainColor</include>
                                <scroll>false</scroll>
                                <label>$INFO[Container(206).ListItem.Property(Genre)]</label>
                            </control>
                            <control type="label">
                                <posx>500</posx>
                                <posy>256</posy>
                                <width>1260</width>
                                <height>71</height>
                                <font>InfoDetailsFont</font>
                                <include>TextColor_MainColor</include>
                                <scroll>false</scroll>
                                <label>$INFO[Container(206).ListItem.Property(ShortTime)]$INFO[Container(206).ListItem.Property(NextDay),     ]$INFO[Container(206).ListItem.Property(Runtime),     , $LOCALIZE[12391]]$INFO[Container(206).ListItem.Property(Network),     ]$INFO[Container(206).ListItem.Property(Country),     ]$INFO[Container(206).ListItem.Property(),     ]</label>
                            </control>
                        </control>
                    </control>
                </control>
            </control>
        </control>
        <control type="label">
            <include>OpenClose</include>
            <include>WindowTitle</include>
            <label>$ADDON[script.tv.show.next.aired 32101]</label>
        </control>
        <control type="label">
            <include>OpenClose</include>
            <include>WindowTitleSub</include>
            <label>$INFO[Window(Home).Property(NextAired.Total),, $LOCALIZE[31025]]</label>
        </control>
        <include>FooterInfo</include>
        <include>Time</include>
        <!-- SIDE MENU -->
        <control type="group">
            <visible>!Skin.HasSetting(EnableKioskMode)</visible>
            <include>LeftMenu</include>
            <include>FacadeFadeDialogs</include>
            <include>Icon_Fade</include>
            <control type="grouplist" id="9000">
                <include>LeftMenuButtonGroup</include>
                <onright>2000</onright>
                <ondown>9000</ondown>
                <onback>2000</onback>
                <control type="label" id="7965">
                    <include>LeftMenuTitleLabel</include>
                    <label>$LOCALIZE[31988]</label>
                </control>
                <control type="button" id="400">
                    <description>TV Shows</description>
                    <label>$LOCALIZE[20343]</label>
                    <include>LeftMenuButton</include>
                    <onclick>ActivateWindow(Videos,TVShowTitles,Return)</onclick>
                </control>
                <control type="button" id="401">
                    <description>Recently Added Episodes</description>
                    <include>LeftMenuButton</include>
                    <label>$LOCALIZE[20387]</label>
                    <onclick>ActivateWindow(Videos,RecentlyAddedEpisodes,Return)</onclick>
                </control>
                <control type="button" id="402">
                    <description>Update info</description>
                    <include>LeftMenuButton</include>
                    <align>center</align>
                    <label>$LOCALIZE[19251]</label>
                    <onclick>RunScript(script.tv.show.next.aired,force=True)</onclick>
                </control>
                <control type="button" id="403">
                    <description>Reset / Update info</description>
                    <include>LeftMenuButton</include>
                    <align>center</align>
                    <label>$LOCALIZE[19187]</label>
                    <onclick>RunScript(script.tv.show.next.aired,reset=True)</onclick>
                </control>
                <control type="button" id="8">
                    <description>Settings</description>
                    <label>5</label>
                    <include>LeftMenuButton</include>
                </control>
            </control>
            <include>LeftMenuScroller</include>
        </control>
    </controls>
</window>
