<?xml version="1.0" encoding="utf-8"?>
<window>
    <defaultcontrol always="true">15</defaultcontrol>
    <controls>
        <!-- <include>DimBG</include> -->
        <include>TopBar</include>
        <control type="group">
            <include>FacadeFadeDialogs2ndLevelCondition</include>
            <include>Icon_Fade</include>
            <control type="group">
                <include>DialogOpenClose</include>
                <control type="image">
                    <posx>-200</posx>
                    <posy>265</posy>
                    <width>2320</width>
                    <height>550</height>
                    <include>DialogTransparency</include>
                    <texture border="150,40,150,40">$VAR[Theme.Color]/common/bg_dialog.png</texture>
                </control>
                <control type="image">
                    <posx>100</posx>
                    <posy>257</posy>
                    <width>1720</width>
                    <height>217</height>
                    <texture border="100">$VAR[Theme.Color]/common/bg_list.png</texture>
                </control>
                <control type="image">
                    <posx>100</posx>
                    <posy>548</posy>
                    <width>1720</width>
                    <height>160</height>
                    <texture border="100">$VAR[Theme.Color]/common/bg_list.png</texture>
                </control>
                <control type="image">
                    <posx>100</posx>
                    <posy>651</posy>
                    <width>1720</width>
                    <height>172</height>
                    <texture border="100">$VAR[Theme.Color]/common/bg_list.png</texture>
                </control>
                <control type="label">
                    <posx>TextMargin</posx>
                    <posy>298</posy>
                    <width>1800</width>
                    <height>135</height>
                    <align>center</align>
                    <font>InfoTitleFont</font>
                    <include>TextColor_MainColor</include>
                    <label>$LOCALIZE[21422]</label>
                </control>
                <control type="group">
                    <posy>433</posy>
                    <control type="button" id="15">
                        <posy>0</posy>
                        <width>1920</width>
                        <align>center</align>
                        <include>LeftMenuButtonWide</include>
                        <onup>15</onup>
                        <ondown>16</ondown>
                    </control>
                    <control type="button" id="16">
                        <posy>78</posy>
                        <width>1920</width>
                        <align>center</align>
                        <include>LeftMenuButtonWide</include>
                        <onup>15</onup>
                        <ondown>17</ondown>
                    </control>
                    <control type="edit" id="17">
                        <posy>156</posy>
                        <width>1920</width>
                        <align>center</align>
                        <include>LeftMenuButtonWide</include>
                        <hinttext>21420</hinttext>
                        <onup>16</onup>
                        <ondown>9002</ondown>
                    </control>
                </control>
                <control type="grouplist" id="9002">
                    <posx>0</posx>
                    <posy>692</posy>
                    <width>1920</width>
                    <height>90</height>
                    <itemgap>30</itemgap>
                    <aligny>bottom</aligny>
                    <align>center</align>
                    <orientation>horizontal</orientation>
                    <onup>17</onup>
                    <ondown>9002</ondown>
                    <onleft>9002</onleft>
                    <onright>9002</onright>
                    <control type="button" id="19">
                        <include>ButtonFocusAnimation</include>
                        <label>$LOCALIZE[222]</label>
                    </control>
                    <control type="button" id="20">
                        <include>ButtonFocusAnimation</include>
                        <label>$LOCALIZE[1024]</label>
                    </control>
                    <control type="button" id="18">
                        <include>ButtonFocusAnimation</include>
                        <label>$LOCALIZE[186]</label>
                    </control>
                </control>
            </control>
        </control>
    </controls>
</window>
