<?xml version="1.0" encoding="utf-8"?>
<window>
    <defaultcontrol always="true">2</defaultcontrol>
    <controls>
        <include>TopBar</include>
        <control type="group">
            <include>FacadeFadeDialogs2ndLevelCondition</include>
            <include>Icon_Fade</include>
            <control type="group">
                <include>DialogOpenClose</include>
                <control type="image">
                    <posx>-760</posx>
                    <posy>150</posy>
                    <width>2930</width>
                    <height>876</height>
                    <include>DialogTransparency</include>
                    <texture border="150,40,150,40">$VAR[Theme.Color]/common/bg_dialog.png</texture>
                </control>
                <control type="image">
                    <posx>100</posx>
                    <posy>142</posy>
                    <width>1720</width>
                    <height>217</height>
                    <texture border="100">$VAR[Theme.Color]/common/bg_list.png</texture>
                </control>
                <control type="image">
                    <posx>100</posx>
                    <posy>862</posy>
                    <width>1720</width>
                    <height>172</height>
                    <texture border="100">$VAR[Theme.Color]/common/bg_list.png</texture>
                </control>
                <control type="label">
                    <posx>TextMargin</posx>
                    <posy>183</posy>
                    <width>1800</width>
                    <height>105</height>
                    <align>center</align>
                    <font>InfoTitleFont</font>
                    <include>TextColor_MainColor</include>
                    <label>$LOCALIZE[298]</label>
                </control>
                <control type="label">
                    <posx>TextMargin</posx>
                    <posy>270</posy>
                    <width>1800</width>
                    <height>35</height>
                    <align>center</align>
                    <font>InfoTitleSubFont</font>
                    <include>TextColor_MainColor</include>
                    <label>$INFO[Container(11).NumItems,, $LOCALIZE[31025]]</label>
                </control>
                <control type="list" id="11">
                    <posx>0</posx>
                    <posy>318</posy>
                    <width>1920</width>
                    <height>585</height>
                    <onleft>2</onleft>
                    <onright>60</onright>
                    <ondown>2</ondown>
                    <onup>11</onup>
                    <pagecontrol>60</pagecontrol>
                    <orientation>vertical</orientation>
                    <itemlayout height="135" width="1920">
                        <control type="label">
                            <posx>990</posx>
                            <height>135</height>
                            <width>870</width>
                            <font>FacadeListMainFont</font>
                            <include>TextColor_AlternateColor</include>
                            <label>$INFO[ListItem.Label]$INFO[ListItem.Label2,     ]</label>
                        </control>
                    </itemlayout>
                    <focusedlayout height="315" width="1920">
                        <control type="group">
                            <include>ListFocusAnimation</include>
                            <control type="image">
                                <posx>0</posx>
                                <posy>0</posy>
                                <height>315</height>
                                <width>1920</width>
                                <colordiffuse>$VAR[Picked.Theme.Color]</colordiffuse>
                                <texture border="1">$VAR[Theme.Color]/list/bg_facade_focus.png</texture>
                            </control>
                            <control type="image">
                                <posx>460</posx>
                                <posy>0</posy>
                                <width>505</width>
                                <height>315</height>
                                <aspectratio>keep</aspectratio>
                                <texture>$INFO[Listitem.Icon]</texture>
                                <include>ThumbBorder</include>
                            </control>
                            <control type="label">
                                <posx>990</posx>
                                <height>315</height>
                                <width>870</width>
                                <font>InfoTitleFont</font>
                                <include>TextColor_MainColor</include>
                                <scroll>false</scroll>
                                <label>$INFO[ListItem.Label]$INFO[ListItem.Label2,     ]</label>
                            </control>
                        </control>
                    </focusedlayout>
                </control>
                <control type="scrollbar" id="60">
                    <posx>1886</posx>
                    <posy>318</posy>
                    <height>585</height>
                    <include>VerticalScroller</include>
                    <onleft>11</onleft>
                    <onright>60</onright>
                </control>
                <control type="grouplist" id="9001">
                    <posx>TextMargin</posx>
                    <posy>903</posy>
                    <width>1800</width>
                    <height>129</height>
                    <itemgap>30</itemgap>
                    <aligny>bottom</aligny>
                    <align>center</align>
                    <orientation>horizontal</orientation>
                    <onleft>9001</onleft>
                    <onright>9001</onright>
                    <onup>11</onup>
                    <ondown>9001</ondown>
                    <control type="button" id="2">
                        <include>ButtonFocusAnimation</include>
                        <description>Create Bookmark button</description>
                        <label>$LOCALIZE[294]</label>
                    </control>
                    <control type="button" id="3">
                        <include>ButtonFocusAnimation</include>
                        <description>Clear Bookmark button</description>
                        <label>$LOCALIZE[296]</label>
                    </control>
                    <control type="button" id="4">
                        <include>ButtonFocusAnimation</include>
                        <description>Clear Bookmark button</description>
                        <label>$LOCALIZE[20406]</label>
                        <visible>videoplayer.content(episodes)</visible>
                    </control>
                </control>
            </control>
        </control>
    </controls>
</window>
