<?xml version="1.0" encoding="utf-8"?>
<includes>
    <include name="51_RecOverlayNoFocus">
        <control type="image">
            <posx>1819</posx>
            <width>50</width>
            <height>105</height>
            <texture>$VAR[PVRTimerIcon]</texture>
            <aspectratio>keep</aspectratio>
            <colordiffuse>NoFocusedColor</colordiffuse>
        </control>
    </include>
    <include name="51_RecOverlayFocus">
        <control type="image">
            <posx>1819</posx>
            <width>50</width>
            <height>63</height>
            <texture>$VAR[PVRTimerIcon]</texture>
            <aspectratio>keep</aspectratio>
        </control>
    </include>
    <include name="SlimList_Layout">
        <itemlayout height="105" width="1920">
            <include>51_RecOverlayNoFocus</include>
            <control type="label">
                <visible>String.IsEqual(ListItem.Label2,)</visible>
                <posx>455</posx>
                <height>105</height>
                <width>1345</width>
                <font>TvGuideItemFont</font>
                <include>TextColor_AlternateColor</include>
                <label fallback="416">$VAR[UnfocusedTitle]</label>
            </control>
            <control type="label">
                <visible>!String.IsEqual(ListItem.Label2,)</visible>
                <posx>455</posx>
                <posy>15</posy>
                <aligny>top</aligny>
                <width>1345</width>
                <font>TvGuideItemFont</font>
                <include>TextColor_AlternateColor</include>
                <label fallback="416">$VAR[UnfocusedTitle]</label>
            </control>
            <control type="label">
                <visible>!String.IsEqual(ListItem.Label2,)</visible>
                <posx>455</posx>
                <posy>55</posy>
                <aligny>top</aligny>
                <width>1345</width>
                <font>InfoTitleSubFont</font>
                <include>TextColor_AlternateColor</include>
                <label>$VAR[Details]</label>
            </control>
            <control type="image">
                <!--<visible>![Container.Content(TVShows) | Container.Content(Seasons)]</visible>-->
                <posx>414</posx>
                <posy>0</posy>
                <width>25</width>
                <height>105</height>
                <texture>$VAR[Overlay]</texture>
                <aspectratio aligny="center">keep</aspectratio>
            </control>
        </itemlayout>
        <focusedlayout height="180" width="1920">
            <control type="group">
                <include>ListFocusAnimation</include>
                <control type="image">
                    <posx>0</posx>
                    <posy>0</posy>
                    <height>180</height>
                    <width>1920</width>
                    <colordiffuse>$VAR[Picked.Theme.Color]</colordiffuse>
                    <texture border="1">$VAR[Theme.Color]/list/bg_facade_focus.png</texture>
                </control>
                <control type="image">
                    <visible>[String.IsEmpty(ListItem.thumb)|String.IsEmpty(ListItem.Art(thumb))]</visible>
                    <posx>60</posx>
                    <posy>-10</posy>
                    <width>335</width>
                    <height>200</height>
                    <aspectratio>keep</aspectratio>
                    <include>SquareThumb</include>
                </control>
                <control type="image">
                    <animation effect="zoom" time="0" end="300" center="auto" condition="[Container.Row(0)|Container.Row(1)|Container.Row(2)|Container.Row(3)|Container.Row(4)|Container.Row(5)|Container.Row(6)]">conditional</animation>
                    <animation effect="slide" time="0" start="0,0" end="0,25" condition="[Container.Row(0)]">conditional</animation>
                    <animation effect="slide" time="0" start="0,0" end="0,-25" condition="[Container.Row(6)]">conditional</animation>
                    <!-- <visible>![Window.IsActive(MyMusicSongs.xml)+Skin.HasSetting(plexbmc)+Container.Content(Songs)]</visible> -->
                    <include>PulseThumb</include>
                    <posx>135</posx>
                    <posy>0</posy>
                    <width>185</width>
                    <height>180</height>
                    <aspectratio>keep</aspectratio>
                    <include>PosterThumbBig</include>
                    <include>ThumbBorder</include>
                </control>
                <control type="group">
                    <animation effect="zoom" time="0" end="170" center="227,90" condition="[Container.Row(0)|Container.Row(1)|Container.Row(2)|Container.Row(3)|Container.Row(4)|Container.Row(5)|Container.Row(6)]">conditional</animation>
                    <animation effect="slide" time="0" start="0,0" end="0,35" condition="[Container.Row(0)]">conditional</animation>
                    <animation effect="slide" time="0" start="0,0" end="0,-35" condition="[Container.Row(6)]">conditional</animation>
                    <!-- CDART MUSIC -->
                    <include content="DiscArt">
                        <param name="visible" value="!ListItem.IsParentFolder+!String.IsEmpty(ListItem.Thumb)+[Container.content(songs)|Container.content(albums)]"/>
                        <param name="x" value="135"/>
                        <param name="y" value="0"/>
                        <param name="width" value="185"/>
                        <param name="height" value="180"/>
                        <param name="texture" value="$VAR[MusicCdArt]"/>
                        <param name="xShadow" value="122"/>
                        <param name="yShadow" value="-13"/>
                        <param name="widthShadow" value="211"/>
                        <param name="heightShadow" value="206"/>
                        <param name="pulse" value="true"/>
                    </include>
                    <!-- CDART VIDEO -->
                    <include content="DiscArt">
                        <param name="visible" value="!ListItem.IsParentFolder+!String.IsEmpty(ListItem.Thumb)+[Container.content(movies)|Container.content(MusicVideos)]"/>
                        <param name="x" value="135"/>
                        <param name="y" value="0"/>
                        <param name="width" value="185"/>
                        <param name="height" value="180"/>
                        <param name="texture" value="$VAR[VideoCdArt]"/>
                        <param name="xShadow" value="122"/>
                        <param name="yShadow" value="-13"/>
                        <param name="widthShadow" value="211"/>
                        <param name="heightShadow" value="206"/>
                        <param name="pulse" value="true"/>
                    </include>
                </control>
                <control type="image">
                    <!--<visible>![Container.Content(TVShows) | Container.Content(Seasons)]</visible>-->
                    <posx>414</posx>
                    <posy>0</posy>
                    <width>25</width>
                    <height>70</height>
                    <texture>$VAR[Overlay]</texture>
                    <aspectratio aligny="center">keep</aspectratio>
                </control>
                <control type="label">
                    <posx>455</posx>
                    <posy>12</posy>
                    <aligny>top</aligny>
                    <width>1345</width>
                    <font>FacadeListMainFont</font>
                    <include>TextColor_MainColor</include>
                    <!-- <scroll>false</scroll> -->
                    <label>[B]$VAR[DetailsTitle][/B]</label>
                </control>
                <include>51_RecOverlayFocus</include>
                <control type="image">
                    <description>Default Seperator</description>
                    <posx>405</posx>
                    <posy>64</posy>
                    <width>1520</width>
                    <height>1</height>
                    <texture border="150,0,150,0">$VAR[Theme.Color]/list/bg_facade_separator.png</texture>
                </control>
                <include content="ProgressBar">
                    <param name="id" value="0"/>
                    <param name="visible" value="Integer.IsGreater(ListItem.Progress,0)+[Window.IsActive(DialogPVRChannelsOSD.xml)|Window.IsActive(MyPVRChannels.xml)]"/>
                    <param name="x" value="455"/>
                    <param name="y" value="63"/>
                    <param name="width" value="1345"/>
                    <param name="height" value="2"/>
                    <param name="texturebg" value="OSD/osd_progress_mini_empty.png"/>
                    <param name="gfx" value="OSD/osd_progress_mini_mid.png"/>
                    <param name="border" value="0,0,0,0"/>
                    <param name="borderbg" value="0,0,0,0"/>
                    <param name="info" value="ListItem.Progress"/>
                </include>
                <include content="ProgressBar">
                    <param name="id" value="0"/>
                    <param name="visible" value="Integer.IsGreater(ListItem.PercentPlayed,0)"/>
                    <param name="x" value="455"/>
                    <param name="y" value="63"/>
                    <param name="width" value="1345"/>
                    <param name="height" value="2"/>
                    <param name="texturebg" value="OSD/osd_progress_mini_empty.png"/>
                    <param name="gfx" value="OSD/osd_progress_mini_mid.png"/>
                    <param name="border" value="0,0,0,0"/>
                    <param name="borderbg" value="0,0,0,0"/>
                    <param name="info" value="ListItem.PercentPlayed"/>
                </include>
                <control type="group">
                    <visible>Integer.IsGreater(ListItem.Rating,0)|[Container.Content(songs)+!ListItem.IsParentFolder+!Skin.HasSetting(plexbmc)]</visible>
                    <visible>!Container.Content(Addons)</visible>
                    <control type="image">
                        <posx>455</posx>
                        <posy>76</posy>
                        <include>Stars</include>
                    </control>
                    <control type="label">
                        <posx>510</posx>
                        <posy>75</posy>
                        <aligny>top</aligny>
                        <width>460</width>
                        <font>InfoRatingFont</font>
                        <include>TextColor_MainColor</include>
                        <scroll>false</scroll>
                        <label>$INFO[ListItem.RatingAndVotes]</label>
                    </control>
                </control>
                <control type="label">
                    <posx>455</posx>
                    <posy>75</posy>
                    <aligny>top</aligny>
                    <width>670</width>
                    <font>InfoRatingFont</font>
                    <include>TextColor_MainColor</include>
                    <scroll>false</scroll>
                    <label>$VAR[DetailsRow1]</label>
                </control>
                <control type="label">
                    <posx>455</posx>
                    <posy>125</posy>
                    <aligny>top</aligny>
                    <width>670</width>
                    <font>InfoRatingFont</font>
                    <include>TextColor_MainColor</include>
                    <scroll>false</scroll>
                    <label>$VAR[DetailsRow2]</label>
                </control>
                <control type="label">
                    <posx>1185</posx>
                    <posy>75</posy>
                    <aligny>top</aligny>
                    <width>715</width>
                    <font>InfoRatingFont</font>
                    <include>TextColor_MainColor</include>
                    <scroll>false</scroll>
                    <label>$VAR[DetailsRow3]</label>
                </control>
                <control type="label">
                    <posx>1185</posx>
                    <posy>125</posy>
                    <aligny>top</aligny>
                    <width>670</width>
                    <font>InfoRatingFont</font>
                    <include>TextColor_MainColor</include>
                    <scroll>false</scroll>
                    <label>$VAR[DetailsRow4]</label>
                </control>
                <control type="group">
                    <visible>![Window.IsActive(DialogPVRChannelsOSD.xml)|Window.IsActive(MyPVRChannels.xml)]</visible>
                    <posx>1165</posx>
                    <posy>113</posy>
                    <include>CodecsBigList</include>
                </control>
                <control type="textbox">
                    <visible>Skin.HasSetting(plexbmc)+Container.Content(Artists)</visible>
                    <posx>455</posx>
                    <posy>80</posy>
                    <width>1405</width>
                    <height>84</height>
                    <font>InfoRatingFont</font>
                    <include>TextColor_MainColor</include>
                    <label>$VAR[Plots]</label>
                    <include>myautoscroll</include>
                </control>
            </control>
        </focusedlayout>
    </include>
    <include name="View_51_SlimList">
        <control type="group">
            <visible>Control.IsVisible(51)</visible>
            <include>Icon_Fade</include>
            <include>FacadeFadeDialogs</include>
            <include>ScrollOffsetLabel_50</include>
            <include content="ClearArtLogo">
                <param name="x" value="0"/>
                <param name="y" value="34"/>
                <param name="width" value="1920"/>
                <param name="height" value="149"/>
                <param name="visible" value="true"/>
                <param name="align" value="center"/>
                <param name="aligny" value="bottom"/>
            </include>
            <include content="StudioArt">
                <param name="x" value="0"/>
                <param name="y" value="34"/>
                <param name="width" value="1920"/>
                <param name="height" value="149"/>
                <param name="visible" value="true"/>
                <param name="align" value="center"/>
                <param name="aligny" value="bottom"/>
            </include>
            <control type="group">
                <control type="image">
                    <posx>0</posx>
                    <posy>142</posy>
                    <width>1920</width>
                    <height>892</height>
                    <texture border="100">$VAR[Theme.Color]/common/bg_list.png</texture>
                </control>
                <control type="list" id="51">
                    <viewtype label="31096">List</viewtype>
                    <posx>0</posx>
                    <posy>183</posy>
                    <width>1920</width>
                    <height>810</height>
                    <pagecontrol>60</pagecontrol>
                    <onleft>9000</onleft>
                    <onright>60</onright>
                    <onup>51</onup>
                    <ondown>51</ondown>
                    <preloaditems>4</preloaditems>
                    <include>SlimList_Layout</include>
                </control>
            </control>
            <control type="scrollbar" id="60">
                <posx>1886</posx>
                <posy>183</posy>
                <height>810</height>
                <include>VerticalScroller</include>
                <onleft>51</onleft>
                <onright>505050</onright>
            </control>
        </control>
    </include>
    <include name="SlimList_Layout_Weather">
        <itemlayout height="105" width="1920">
            <control type="label">
                <visible>String.IsEqual(ListItem.Property(Property3),)</visible>
                <posx>715</posx>
                <height>105</height>
                <width>1145</width>
                <font>TvGuideItemFont</font>
                <include>TextColor_AlternateColor</include>
                <label>$INFO[ListItem.Label]</label>
            </control>
            <control type="label">
                <visible>!String.IsEqual(ListItem.Property(Property3),)</visible>
                <posx>715</posx>
                <posy>15</posy>
                <aligny>top</aligny>
                <width>1145</width>
                <font>TvGuideItemFont</font>
                <include>TextColor_AlternateColor</include>
                <label>$INFO[ListItem.Label]</label>
            </control>
            <control type="label">
                <visible>!String.IsEqual(ListItem.Property(Property3),)</visible>
                <posx>715</posx>
                <posy>55</posy>
                <aligny>top</aligny>
                <width>1145</width>
                <font>InfoTitleSubFont</font>
                <include>TextColor_AlternateColor</include>
                <label>$INFO[ListItem.Property(Property3)]</label>
            </control>
        </itemlayout>
        <focusedlayout height="180" width="1920">
            <control type="group">
                <include>ListFocusAnimation</include>
                <control type="image">
                    <posx>500</posx>
                    <posy>0</posy>
                    <height>180</height>
                    <width>1420</width>
                    <colordiffuse>$VAR[Picked.Theme.Color]</colordiffuse>
                    <texture border="1">$VAR[Theme.Color]/list/bg_facade_focus.png</texture>
                </control>
                <control type="image">
                    <visible>String.IsEmpty(ListItem.thumb)</visible>
                    <animation effect="zoom" time="0" end="300" center="auto" condition="[Container(51).Row(0)|Container(51).Row(1)|Container(51).Row(2)|Container(51).Row(3)|Container(51).Row(4)|Container(51).Row(5)|Container(51).Row(6)]">conditional</animation>
                    <animation effect="slide" time="0" start="0,0" end="0,25" condition="[Container(51).Row(0)]">conditional</animation>
                    <animation effect="slide" time="0" start="0,0" end="0,-25" condition="[Container(51).Row(6)]">conditional</animation>
                    <posx>135</posx>
                    <posy>0</posy>
                    <width>445</width>
                    <height>180</height>
                    <aspectratio>keep</aspectratio>
                    <include>ThumbBorder</include>
                    <texture>$VAR[WeatherFanartPath]na.jpg</texture>
                </control>
                <control type="image">
                    <animation effect="zoom" time="0" end="300" center="auto" condition="[Container(51).Row(0)|Container(51).Row(1)|Container(51).Row(2)|Container(51).Row(3)|Container(51).Row(4)|Container(51).Row(5)|Container(51).Row(6)]">conditional</animation>
                    <animation effect="slide" time="0" start="0,0" end="0,25" condition="[Container(51).Row(0)]">conditional</animation>
                    <animation effect="slide" time="0" start="0,0" end="0,-25" condition="[Container(51).Row(6)]">conditional</animation>
                    <posx>135</posx>
                    <posy>0</posy>
                    <width>445</width>
                    <height>180</height>
                    <aspectratio>keep</aspectratio>
                    <include>PosterThumbBig</include>
                    <include>ThumbBorder</include>
                </control>
                <control type="label">
                    <posx>715</posx>
                    <posy>12</posy>
                    <width>1145</width>
                    <aligny>top</aligny>
                    <font>FacadeListMainFont</font>
                    <include>TextColor_MainColor</include>
                    <label>[B]$INFO[ListItem.Label][/B]$INFO[ListItem.Property(Property3),     ]$INFO[ListItem.Property(Property4),     ]</label>
                </control>
                <control type="image">
                    <description>Default Seperator</description>
                    <posx>615</posx>
                    <posy>64</posy>
                    <width>1310</width>
                    <height>1</height>
                    <texture border="150,0,150,0">$VAR[Theme.Color]/list/bg_facade_separator.png</texture>
                </control>
                <control type="label">
                    <posx>715</posx>
                    <posy>80</posy>
                    <aligny>top</aligny>
                    <width>242</width>
                    <font>TvGuideChannelFont</font>
                    <include>TextColor_MainColor</include>
                    <scroll>false</scroll>
                    <label>$INFO[ListItem.Property(Property1)]</label>
                </control>
                <control type="label">
                    <posx>715</posx>
                    <posy>130</posy>
                    <aligny>top</aligny>
                    <width>242</width>
                    <font>TvGuideChannelFont</font>
                    <include>TextColor_MainColor</include>
                    <scroll>false</scroll>
                    <label>$INFO[ListItem.Property(Property2)]</label>
                </control>
                <control type="label">
                    <posx>1017</posx>
                    <posy>80</posy>
                    <aligny>top</aligny>
                    <width>292</width>
                    <font>TvGuideChannelFont</font>
                    <include>TextColor_MainColor</include>
                    <scroll>false</scroll>
                    <label>$INFO[ListItem.Property(Property5)]</label>
                </control>
                <control type="label">
                    <posx>1017</posx>
                    <posy>130</posy>
                    <aligny>top</aligny>
                    <width>292</width>
                    <font>TvGuideChannelFont</font>
                    <include>TextColor_MainColor</include>
                    <scroll>false</scroll>
                    <label>$INFO[ListItem.Property(Property8)]</label>
                </control>
                <control type="label">
                    <posx>1369</posx>
                    <posy>80</posy>
                    <aligny>top</aligny>
                    <width>492</width>
                    <font>TvGuideChannelFont</font>
                    <include>TextColor_MainColor</include>
                    <scroll>false</scroll>
                    <label>$INFO[ListItem.Property(Property9)]</label>
                </control>
                <control type="label">
                    <posx>1369</posx>
                    <posy>130</posy>
                    <aligny>top</aligny>
                    <width>492</width>
                    <font>TvGuideChannelFont</font>
                    <include>TextColor_MainColor</include>
                    <scroll>false</scroll>
                    <label>$INFO[ListItem.Property(Property10)]$INFO[ListItem.Property(Property11),     ,]</label>
                </control>
                <!--<control type="label">-->
                <!--<posx>TextMargin</posx>-->
                <!--<posy>205</posy>-->
                <!--<aligny>top</aligny>-->
                <!--<width>542</width>-->
                <!--<font>InfoRatingFont</font>-->
                <!--<include>TextColor_MainColor</include>-->
                <!--<scroll>false</scroll>-->
                <!--<label></label>-->
                <!--</control>-->
                <!--<control type="label">-->
                <!--<posx>TextMargin</posx>-->
                <!--<posy>275</posy>-->
                <!--<aligny>top</aligny>-->
                <!--<width>542</width>-->
                <!--<font>InfoRatingFont</font>-->
                <!--<include>TextColor_MainColor</include>-->
                <!--<scroll>false</scroll>-->
                <!--<label>$INFO[ListItem.Property(CurrentUVIndex)]</label>-->
                <!--</control>-->
            </control>
        </focusedlayout>
    </include>
    <include name="View_51_SlimList_Weather">
        <control type="group">
            <!--SLIM LIST-->
            <visible>Skin.String(WeatherView,slimlist)</visible>
            <include>Icon_Fade</include>
            <include>FacadeFadeDialogs</include>
            <control type="image">
                <posx>0</posx>
                <posy>142</posy>
                <width>1920</width>
                <height>892</height>
                <texture border="100">$VAR[Theme.Color]/common/bg_list.png</texture>
            </control>
            <control type="list" id="51">
                <viewtype label="31096">List</viewtype>
                <posx>0</posx>
                <posy>183</posy>
                <width>1920</width>
                <height>810</height>
                <pagecontrol>60</pagecontrol>
                <onleft>9000</onleft>
                <onright>60</onright>
                <onup>50</onup>
                <ondown>50</ondown>
                <preloaditems>4</preloaditems>
                <include>SlimList_Layout_Weather</include>
                <include>WeatherContent</include>
            </control>
            <control type="scrollbar" id="60">
                <posx>1886</posx>
                <posy>183</posy>
                <height>810</height>
                <include>VerticalScroller</include>
                <onleft>50</onleft>
                <onright>505050</onright>
            </control>
        </control>
    </include>
</includes>