<?xml version="1.0" encoding="utf-8"?>
<includes>
    <default type="label">
        <posx>0</posx>
        <posy>0</posy>
        <height>60</height>
        <align>left</align>
        <aligny>center</aligny>
        <font>InfoDetailsFont</font>
        <include>TextColor_MainColor</include>
        <include>FocusedColor_MainColor</include>
        <include>SelectedColor_SelectedColor</include>
        <include>DisabledColor_DisabledColor</include>
        <scroll>false</scroll>
        <scrollspeed>50</scrollspeed>
        <scrollsuffix>  |  </scrollsuffix>
    </default>
    <default type="fadelabel">
        <posx>0</posx>
        <posy>0</posy>
        <height>60</height>
        <align>left</align>
        <aligny>center</aligny>
        <font>InfoDetailsFont</font>
        <textoffsetx>0</textoffsetx>
        <include>TextColor_MainColor</include>
        <include>FocusedColor_MainColor</include>
        <include>SelectedColor_SelectedColor</include>
        <include>DisabledColor_DisabledColor</include>
        <scrollout>false</scrollout>
        <pauseatend>3000</pauseatend>
        <scrollsuffix>  |  </scrollsuffix>
    </default>
    <default type="textbox">
        <font>InfoPlotFont</font>
        <include>TextColor_MainColor</include>
        <include>FocusedColor_MainColor</include>
        <include>SelectedColor_SelectedColor</include>
        <include>DisabledColor_DisabledColor</include>
        <pagecontrol>61</pagecontrol>
        <pulseonselect>false</pulseonselect>
        <include condition="Skin.HasSetting(EnableJustify)">TextboxAlignment</include>
        <align>left</align>
        <autoscroll delay="5000" time="2500" repeat="10000">!Skin.HasSetting(AutoScroll)</autoscroll>
    </default>
    <default type="image">
        <fadetime>250</fadetime>
        <align>center</align>
        <aligny>center</aligny>
        <aspectratio>stretch</aspectratio>
    </default>
    <default type="multiimage">
        <fadetime>250</fadetime>
    </default>
    <default type="button">
        <posx>0</posx>
        <posy>0</posy>
        <width>450</width>
        <height>90</height>
        <align>center</align>
        <aligny>center</aligny>
        <font>ButtonFont</font>
        <textoffsetx>0</textoffsetx>
        <include>TextColor_AlternateColor</include>
        <include>FocusedColor_MainColor</include>
        <include>SelectedColor_SelectedColor</include>
        <include>DisabledColor_DisabledColor</include>
        <include>TextureFocus</include>
        <texturenofocus>-</texturenofocus>
        <pulseonselect>false</pulseonselect>
    </default>
    <default type="edit">
        <posx>0</posx>
        <posy>0</posy>
        <width>390</width>
        <height>90</height>
        <align>left</align>
        <aligny>center</aligny>
        <font>InfoDetailsFont</font>
        <textoffsetx>20</textoffsetx>
        <include>TextColor_AlternateColor</include>
        <include>FocusedColor_MainColor</include>
        <include>SelectedColor_SelectedColor</include>
        <include>DisabledColor_DisabledColor</include>
        <include>TextureFocus</include>
        <texturenofocus>-</texturenofocus>
    </default>
    <default type="togglebutton">
        <posx>0</posx>
        <posy>0</posy>
        <width>450</width>
        <height>90</height>
        <align>left</align>
        <aligny>center</aligny>
        <font>ButtonFont</font>
        <textoffsetx>20</textoffsetx>
        <include>TextColor_AlternateColor</include>
        <include>FocusedColor_MainColor</include>
        <include>SelectedColor_MainColor</include>
        <include>AltSelectedColor_SelectedColor</include>
        <include>DisabledColor_DisabledColor</include>
        <include>TextureFocus</include>
        <texturenofocus>-</texturenofocus>
        <include>AltTextureFocus</include>
        <alttexturenofocus>-</alttexturenofocus>
        <pulseonselect>false</pulseonselect>
    </default>
    <default type="radiobutton">
        <posx>0</posx>
        <posy>0</posy>
        <height>90</height>
        <align>left</align>
        <aligny>center</aligny>
        <font>ButtonFont</font>
        <include>TextColor_AlternateColor</include>
        <include>FocusedColor_MainColor</include>
        <include>SelectedColor_MainColor</include>
        <include>DisabledColor_DisabledColor</include>
        <radioposx>546</radioposx>
        <radiowidth>54</radiowidth>
        <radioheight>33</radioheight>
        <include>TextureFocus</include>
        <texturenofocus>-</texturenofocus>
        <include>TextureRadioOffNoFocus</include>
        <include>TextureRadioOnNoFocus</include>
        <include>TextureRadioOffFocus</include>
        <include>TextureRadioOnFocus</include>
        <include>TextureRadioOnDisabled</include>
        <include>TextureRadioOffDisabled</include>
        <textoffsetx>20</textoffsetx>
        <pulseonselect>false</pulseonselect>
    </default>
    <default type="spincontrol">
        <posx>0</posx>
        <posy>0</posy>
        <height>90</height>
        <include>TextureUpFocus</include>
        <include>TextureUpNoFocus</include>
        <include>TextureDownFocus</include>
        <include>TextureDownNoFocus</include>
        <include>TextureUpDisabled</include>
        <include>TextureDownDisabled</include>
        <include>TextureFocus</include>
        <texturenofocus>-</texturenofocus>
        <spinwidth>27</spinwidth>
        <spinheight>33</spinheight>
        <font>ButtonFont</font>
        <include>TextColor_AlternateColor</include>
        <include>FocusedColor_MainColor</include>
        <include>SelectedColor_SelectedColor</include>
        <include>DisabledColor_DisabledColor</include>
        <textoffsetx>20</textoffsetx>
        <align>left</align>
        <aligny>center</aligny>
        <reverse>yes</reverse>
        <pulseonselect>false</pulseonselect>
    </default>
    <default type="spincontrolex">
        <posx>0</posx>
        <spinposx>0</spinposx>
        <posy>0</posy>
        <height>90</height>
        <font>ButtonFont</font>
        <include>TextureUpFocus</include>
        <include>TextureUpNoFocus</include>
        <include>TextureDownFocus</include>
        <include>TextureDownNoFocus</include>
        <include>TextureUpDisabled</include>
        <include>TextureDownDisabled</include>
        <include>TextureFocus</include>
        <texturenofocus>-</texturenofocus>
        <spinwidth>27</spinwidth>
        <spinheight>33</spinheight>
        <include>TextColor_AlternateColor</include>
        <include>FocusedColor_MainColor</include>
        <include>SelectedColor_SelectedColor</include>
        <include>DisabledColor_DisabledColor</include>
        <textoffsetx>20</textoffsetx>
        <align>left</align>
        <aligny>center</aligny>
        <reverse>yes</reverse>
        <pulseonselect>false</pulseonselect>
    </default>
    <default type="slider">
        <align>left</align>
        <aligny>center</aligny>
        <visible>true</visible>
        <height>33</height>
        <sliderwidth>200</sliderwidth>
        <sliderheight>33</sliderheight>
        <include>TextureSliderBar</include>
        <include>TextureSliderNibNoFocus</include>
        <include>TextureSliderNibFocus</include>
        <textoffsetx>20</textoffsetx>
        <pulseonselect>false</pulseonselect>
        <orientation>horizontal</orientation>
    </default>
    <default type="sliderex">
        <align>left</align>
        <aligny>center</aligny>
        <height>78</height>
        <sliderwidth>200</sliderwidth>
        <sliderheight>33</sliderheight>
        <include>TextureSliderBar</include>
        <include>TextureSliderNibNoFocus</include>
        <include>TextureSliderNibFocus</include>
        <include>TextureFocus</include>
        <texturenofocus>-</texturenofocus>
        <font>ButtonFont</font>
        <include>TextColor_AlternateColor</include>
        <include>FocusedColor_MainColor</include>
        <include>SelectedColor_SelectedColor</include>
        <include>DisabledColor_DisabledColor</include>
        <pulseonselect>false</pulseonselect>
        <textoffsetx>20</textoffsetx>
    </default>
    <default type="scrollbar">
        <posx>0</posx>
        <posy>0</posy>
        <width>54</width>
        <orientation>vertical</orientation>
        <include>VerticalTextureSliderBackground</include>
        <include>VerticalTextureSliderBarFocus</include>
        <include>VerticalTextureSliderBarNoFocus</include>
        <!-- <textureslidernib border="18">$VAR[Theme.Color]/buttons/Scrollbar_Vertical_NoFocus.png</textureslidernib>
        <textureslidernibfocus border="18">$VAR[Theme.Color]/buttons/Scrollbar_Vertical_Focus.png</textureslidernibfocus> -->
        <pulseonselect>false</pulseonselect>
        <showonepage>false</showonepage>
    </default>
    <default type="list">
        <!-- <scrolltime>0</scrolltime> -->
        <scrolltime tween="circle" easing="out">300</scrolltime>
    </default>
    <default type="epggrid">
        <!-- <scrolltime>0</scrolltime> -->
        <scrolltime tween="circle" easing="out">300</scrolltime>
    </default>
    <default type="grouplist">
        <!-- <scrolltime>0</scrolltime> -->
        <scrolltime tween="circle" easing="out">300</scrolltime>
    </default>
    <default type="fixedlist">
        <!-- <scrolltime>0</scrolltime> -->
        <scrolltime tween="circle" easing="out">300</scrolltime>
    </default>
    <default type="panel">
        <!-- <scrolltime>0</scrolltime> -->
        <scrolltime tween="circle" easing="out">300</scrolltime>
    </default>
    <default type="wraplist">
        <!-- <scrolltime>0</scrolltime> -->
        <scrolltime tween="circle" easing="out">300</scrolltime>
    </default>
</includes>
