<?xml version="1.0" encoding="utf-8"?>
<window type="dialog">
    <defaultcontrol always="true">9000</defaultcontrol>
    <menucontrol>9000</menucontrol>
    <controls>
        <!-- <include>DimBG</include> -->
        <include>TopBar</include>
        <control type="group">
            <include>FacadeFadeDialogs2ndLevelCondition</include>
            <include>Icon_Fade</include>
            <control type="group">
                <animation effect="slide" tween="circle" easing="out" time="250" start="0,0" end="660,0" condition="[ControlGroup(9000).HasFocus()|Control.HasFocus(8999)|Control.HasFocus(9060)]">conditional</animation>
                <include>DialogOpenClose</include>
                <control type="image">
                    <posx>-760</posx>
                    <posy>150</posy>
                    <width>2930</width>
                    <height>876</height>
                    <include>DialogTransparency</include>
                    <texture border="150,40,150,40">$VAR[Theme.Color]/common/bg_dialog.png</texture>
                </control>
                <control type="image">
                    <posx>100</posx>
                    <posy>142</posy>
                    <width>1720</width>
                    <height>217</height>
                    <texture border="100">$VAR[Theme.Color]/common/bg_list.png</texture>
                </control>
                <control type="label">
                    <visible>String.IsEqual(ListItem.DBType,album)</visible>
                    <posx>TextMargin</posx>
                    <posy>183</posy>
                    <width>1800</width>
                    <height>105</height>
                    <align>center</align>
                    <font>InfoTitleFont</font>
                    <include>TextColor_MainColor</include>
                    <label>$INFO[Listitem.Album]</label>
                </control>
                <control type="label">
                    <visible>String.IsEqual(ListItem.DBType,song)</visible>
                    <posx>TextMargin</posx>
                    <posy>183</posy>
                    <width>1800</width>
                    <height>105</height>
                    <align>center</align>
                    <font>InfoTitleFont</font>
                    <include>TextColor_MainColor</include>
                    <label>$INFO[Listitem.Label]</label>
                </control>
                <control type="label">
                    <visible>String.IsEqual(ListItem.DBType,artist)</visible>
                    <posx>TextMargin</posx>
                    <posy>183</posy>
                    <width>1800</width>
                    <height>105</height>
                    <align>center</align>
                    <font>InfoTitleFont</font>
                    <include>TextColor_MainColor</include>
                    <label>$INFO[Listitem.Artist]</label>
                </control>
                <!--BIOGRAPHY REVIEW-->
                <control type="group" id="5000">
                    <visible>![Control.HasFocus(503)|
                        Control.HasFocus(502)|
                        Control.HasFocus(12)|
                        ControlGroup(5020).HasFocus|
                        ControlGroup(120).HasFocus]</visible>
                    <include>VisibleFadeEffectDelay</include>
                    <!-- CDART MUSIC -->
                    <include content="DiscArt">
                        <param name="visible" value="!String.IsEqual(ListItem.DBType,artist)+!String.IsEmpty(ListItem.Thumb)+[String.IsEqual(ListItem.DBType,album)]"/>
                        <param name="x" value="79"/>
                        <param name="y" value="631"/>
                        <param name="width" value="430"/>
                        <param name="height" value="430"/>
                        <param name="texture" value="$VAR[MusicCdArt]"/>
                        <param name="xShadow" value="49"/>
                        <param name="yShadow" value="601"/>
                        <param name="widthShadow" value="490"/>
                        <param name="heightShadow" value="490"/>
                        <param name="pulse" value="false"/>
                    </include>
                    <control type="image">
                        <posx>25</posx>
                        <posy>343</posy>
                        <width>538</width>
                        <height>538</height>
                        <include>SquareThumb</include>
                        <include>ThumbBorder</include>
                    </control>
                    <control type="button">
                        <description>dummy for mouse navigation</description>
                        <posx>0</posx>
                        <posy>213</posy>
                        <width>744</width>
                        <height>785</height>
                        <onclick>noop</onclick>
                        <onleft>9012</onleft>
                        <onright>50</onright>
                        <texturenofocus>-</texturenofocus>
                        <texturefocus>-</texturefocus>
                    </control>
                    <control type="group">
                        <visible>String.IsEqual(ListItem.DBType,album)</visible>
                        <include>VisibleFadeEffectDelay</include>
                        <control type="label">
                            <posx>TextMargin</posx>
                            <posy>270</posy>
                            <width>1800</width>
                            <height>35</height>
                            <align>center</align>
                            <font>InfoTitleSubFont</font>
                            <include>TextColor_MainColor</include>
                            <label>$INFO[ListItem.Artist]</label>
                        </control>
                        <control type="panel" id="49">
                            <posx>545</posx>
                            <posy>318</posy>
                            <width>1375</width>
                            <height>312</height>
                            <onleft>9000</onleft>
                            <onright>60</onright>
                            <onup>50</onup>
                            <ondown>50</ondown>
                            <pagecontrol>60</pagecontrol>
                            <itemlayout height="78" width="1375">
                                <control type="label">
                                    <include>ConditionWhite</include>
                                    <posx>TextMargin</posx>
                                    <posy>0</posy>
                                    <height>78</height>
                                    <width>1255</width>
                                    <font>FacadeListMainFont</font>
                                    <include>TextColor_MainColor</include>
                                    <label>[COLOR=AlternateColor_white]$INFO[ListItem.Label,, ][/COLOR]$INFO[ListItem.Label2]</label>
                                </control>
                                <control type="label">
                                    <include>ConditionBlack</include>
                                    <posx>TextMargin</posx>
                                    <posy>0</posy>
                                    <height>78</height>
                                    <width>1255</width>
                                    <font>FacadeListMainFont</font>
                                    <include>TextColor_MainColor</include>
                                    <label>[COLOR=AlternateColor_black]$INFO[ListItem.Label,, ][/COLOR]$INFO[ListItem.Label2]</label>
                                </control>
                            </itemlayout>
                            <focusedlayout height="78" width="1375">
                                <control type="group">
                                    <include>ButtonWideFocusAnimation</include>
                                    <control type="image">
                                        <posx>0</posx>
                                        <posy>0</posy>
                                        <height>78</height>
                                        <width>1375</width>
                                        <colordiffuse>$VAR[Picked.Theme.Color]</colordiffuse>
                                        <texture border="1">$VAR[Theme.Color]/list/bg_facade_focus.png</texture>
                                    </control>
                                    <control type="label">
                                        <include>ConditionWhite</include>
                                        <posx>TextMargin</posx>
                                        <posy>0</posy>
                                        <height>78</height>
                                        <width>1255</width>
                                        <font>FacadeListMainFont</font>
                                        <include>TextColor_MainColor</include>
                                        <label>[COLOR=AlternateColor_white]$INFO[ListItem.Label,, ][/COLOR]$INFO[ListItem.Label2]</label>
                                    </control>
                                    <control type="label">
                                        <include>ConditionBlack</include>
                                        <posx>TextMargin</posx>
                                        <posy>0</posy>
                                        <height>78</height>
                                        <width>1255</width>
                                        <font>FacadeListMainFont</font>
                                        <include>TextColor_MainColor</include>
                                        <label>[COLOR=AlternateColor_black]$INFO[ListItem.Label,, ][/COLOR]$INFO[ListItem.Label2]</label>
                                    </control>
                                </control>
                            </focusedlayout>
                            <content>
                                <item>
                                    <label>$LOCALIZE[557]:</label>
                                    <label2>$INFO[ListItem.Artist]</label2>
                                    <onclick>noop</onclick>
                                    <visible>!String.IsEmpty(ListItem.Artist)</visible>
                                </item>
                                <item>
                                    <label>$LOCALIZE[515]:</label>
                                    <label2>$INFO[ListItem.Genre]</label2>
                                    <onclick>noop</onclick>
                                    <visible>!String.IsEmpty(ListItem.Genre)</visible>
                                </item>
                                <item>
                                    <label>$LOCALIZE[38018]:</label>
                                    <label2>$INFO[ListItem.UserRating,,.0]</label2>
                                    <onclick>noop</onclick>
                                    <visible>!String.IsEmpty(ListItem.UserRating)</visible>
                                </item>
                                <item>
                                    <label>$LOCALIZE[563]:</label>
                                    <label2>$INFO[ListItem.RatingAndVotes]</label2>
                                    <onclick>noop</onclick>
                                    <visible>!String.IsEmpty(ListItem.RatingAndVotes)</visible>
                                </item>
                                <item>
                                    <label>$LOCALIZE[175]:</label>
                                    <label2>$INFO[ListItem.Property(Album_Mood)]</label2>
                                    <onclick>noop</onclick>
                                    <visible>!String.IsEmpty(ListItem.Property(Album_Mood))</visible>
                                </item>
                                <item>
                                    <label>$LOCALIZE[176]:</label>
                                    <label2>$INFO[ListItem.Property(Album_Style)]</label2>
                                    <onclick>noop</onclick>
                                    <visible>!String.IsEmpty(ListItem.Property(Album_Style))</visible>
                                </item>
                                <item>
                                    <label>$LOCALIZE[21895]:</label>
                                    <label2>$INFO[ListItem.Property(Album_Theme)]</label2>
                                    <onclick>noop</onclick>
                                    <visible>!String.IsEmpty(ListItem.Property(Album_Theme))</visible>
                                </item>
                                <item>
                                    <label>146</label>
                                    <label2>$INFO[ListItem.Property(Album_Type)]</label2>
                                    <onclick>noop</onclick>
                                    <visible>!String.IsEmpty(ListItem.Property(Album_Type))</visible>
                                </item>
                                <item>
                                    <label>$LOCALIZE[21899]:</label>
                                    <label2>$INFO[ListItem.Property(Album_Label)]</label2>
                                    <onclick>noop</onclick>
                                    <visible>!String.IsEmpty(ListItem.Property(Album_Label))</visible>
                                </item>
                                <item>
                                    <label>$LOCALIZE[562]:</label>
                                    <label2>$INFO[ListItem.Year]</label2>
                                    <onclick>noop</onclick>
                                    <visible>!String.IsEmpty(ListItem.Year)</visible>
                                </item>
                            </content>
                        </control>
                        <control type="scrollbar" id="60">
                            <posx>1886</posx>
                            <posy>318</posy>
                            <height>312</height>
                            <include>VerticalScroller</include>
                            <onleft>49</onleft>
                            <onright>60</onright>
                        </control>
                    </control>
                    <control type="group">
                        <visible>String.IsEqual(ListItem.DBType,song)</visible>
                        <include>VisibleFadeEffectDelay</include>
                        <control type="label">
                            <posx>TextMargin</posx>
                            <posy>270</posy>
                            <width>1800</width>
                            <height>35</height>
                            <align>center</align>
                            <font>InfoTitleSubFont</font>
                            <include>TextColor_MainColor</include>
                            <label>$INFO[ListItem.Artist]$INFO[ListItem.Album,     ]</label>
                        </control>
                        <control type="panel" id="49">
                            <posx>545</posx>
                            <posy>318</posy>
                            <width>1375</width>
                            <height>312</height>
                            <onleft>9000</onleft>
                            <onright>60</onright>
                            <onup>49</onup>
                            <ondown>6060</ondown>
                            <pagecontrol>60</pagecontrol>
                            <itemlayout height="78" width="1375">
                                <control type="label">
                                    <include>ConditionWhite</include>
                                    <posx>TextMargin</posx>
                                    <posy>0</posy>
                                    <height>78</height>
                                    <width>1255</width>
                                    <font>FacadeListMainFont</font>
                                    <include>TextColor_MainColor</include>
                                    <label>[COLOR=AlternateColor_white]$INFO[ListItem.Label,, ][/COLOR]$INFO[ListItem.Label2]</label>
                                </control>
                                <control type="label">
                                    <include>ConditionBlack</include>
                                    <posx>TextMargin</posx>
                                    <posy>0</posy>
                                    <height>78</height>
                                    <width>1255</width>
                                    <font>FacadeListMainFont</font>
                                    <include>TextColor_MainColor</include>
                                    <label>[COLOR=AlternateColor_black]$INFO[ListItem.Label,, ][/COLOR]$INFO[ListItem.Label2]</label>
                                </control>
                            </itemlayout>
                            <focusedlayout height="78" width="1375">
                                <control type="group">
                                    <include>ButtonWideFocusAnimation</include>
                                    <control type="image">
                                        <posx>0</posx>
                                        <posy>0</posy>
                                        <height>78</height>
                                        <width>1375</width>
                                        <colordiffuse>$VAR[Picked.Theme.Color]</colordiffuse>
                                        <texture border="1">$VAR[Theme.Color]/list/bg_facade_focus.png</texture>
                                    </control>
                                    <control type="label">
                                        <include>ConditionWhite</include>
                                        <posx>TextMargin</posx>
                                        <posy>0</posy>
                                        <height>78</height>
                                        <width>1255</width>
                                        <font>FacadeListMainFont</font>
                                        <include>TextColor_MainColor</include>
                                        <label>[COLOR=AlternateColor_white]$INFO[ListItem.Label,, ][/COLOR]$INFO[ListItem.Label2]</label>
                                    </control>
                                    <control type="label">
                                        <include>ConditionBlack</include>
                                        <posx>TextMargin</posx>
                                        <posy>0</posy>
                                        <height>78</height>
                                        <width>1255</width>
                                        <font>FacadeListMainFont</font>
                                        <include>TextColor_MainColor</include>
                                        <label>[COLOR=AlternateColor_black]$INFO[ListItem.Label,, ][/COLOR]$INFO[ListItem.Label2]</label>
                                    </control>
                                </control>
                            </focusedlayout>
                            <content>
                                <item>
                                    <label>$LOCALIZE[557]:</label>
                                    <label2>$INFO[ListItem.Artist]</label2>
                                    <onclick>noop</onclick>
                                    <visible>!String.IsEmpty(ListItem.Artist)</visible>
                                </item>
                                <item>
                                    <label>$LOCALIZE[558]:</label>
                                    <label2>$INFO[ListItem.Album]$INFO[listitem.discnumber, - $LOCALIZE[427] ]</label2>
                                    <onclick>noop</onclick>
                                    <visible>!String.IsEmpty(ListItem.Album)</visible>
                                </item>
                                <item>
                                    <label>$LOCALIZE[515]:</label>
                                    <label2>$INFO[ListItem.Genre]</label2>
                                    <onclick>noop</onclick>
                                    <visible>!String.IsEmpty(ListItem.Genre)</visible>
                                </item>
                                <item>
                                    <label>$LOCALIZE[562]:</label>
                                    <label2>$INFO[ListItem.Year]</label2>
                                    <onclick>noop</onclick>
                                    <visible>!String.IsEmpty(ListItem.Year)</visible>
                                </item>
                                <item>
                                    <label>$LOCALIZE[554]:</label>
                                    <label2>$INFO[ListItem.TrackNumber]</label2>
                                    <onclick>noop</onclick>
                                    <visible>!String.IsEmpty(ListItem.TrackNumber)</visible>
                                </item>
                                <item>
                                    <label>$LOCALIZE[563]:</label>
                                    <label2>$INFO[ListItem.RatingAndVotes]</label2>
                                    <onclick>noop</onclick>
                                    <visible>!String.IsEmpty(ListItem.RatingAndVotes)</visible>
                                </item>
                                <item>
                                    <label>$LOCALIZE[38018]:</label>
                                    <label2>$INFO[ListItem.Userrating]</label2>
                                    <onclick>noop</onclick>
                                    <visible>!String.IsEmpty(ListItem.Userrating)</visible>
                                </item>
                                <item>
                                    <label>$LOCALIZE[427]:</label>
                                    <label2>$INFO[ListItem.discnumber]</label2>
                                    <onclick>noop</onclick>
                                    <visible>!String.IsEmpty(ListItem.discnumber)</visible>
                                </item>
                                <item>
                                    <label>$LOCALIZE[180]:</label>
                                    <label2>$INFO[ListItem.Duration]</label2>
                                    <onclick>noop</onclick>
                                    <visible>!String.IsEmpty(ListItem.Duration)</visible>
                                </item>
                                <item>
                                    <label>$LOCALIZE[21899]:</label>
                                    <label2>$INFO[ListItem.Property(Album_Label)]</label2>
                                    <onclick>noop</onclick>
                                    <visible>!String.IsEmpty(ListItem.Property(Album_Label))</visible>
                                </item>
                                <item>
                                    <label>$LOCALIZE[567]:</label>
                                    <label2>$INFO[ListItem.PlayCount]</label2>
                                    <onclick>noop</onclick>
                                    <visible>!String.IsEmpty(ListItem.PlayCount)</visible>
                                </item>
                                <item>
                                    <label>$LOCALIZE[568]:</label>
                                    <label2>$INFO[ListItem.LastPlayed]</label2>
                                    <onclick>noop</onclick>
                                    <visible>!String.IsEmpty(ListItem.LastPlayed)</visible>
                                </item>
                                <item>
                                    <label>$LOCALIZE[573]:</label>
                                    <label2>$INFO[ListItem.Path]</label2>
                                    <onclick>noop</onclick>
                                    <visible>!String.IsEmpty(ListItem.Path)</visible>
                                </item>
                                <item>
                                    <label>$LOCALIZE[21800]:</label>
                                    <label2>$INFO[ListItem.FileName]</label2>
                                    <onclick>noop</onclick>
                                    <visible>!String.IsEmpty(ListItem.FileName)</visible>
                                </item>
                            </content>
                        </control>
                        <control type="scrollbar" id="60">
                            <posx>1886</posx>
                            <posy>318</posy>
                            <height>312</height>
                            <include>VerticalScroller</include>
                            <onleft>49</onleft>
                            <onright>9000</onright>
                        </control>
                    </control>
                    <control type="group">
                        <visible>String.IsEqual(ListItem.DBType,artist)</visible>
                        <include>VisibleFadeEffectDelay</include>
                        <control type="label">
                            <posx>TextMargin</posx>
                            <posy>270</posy>
                            <width>1800</width>
                            <height>35</height>
                            <align>center</align>
                            <font>InfoTitleSubFont</font>
                            <include>TextColor_MainColor</include>
                            <label>$LOCALIZE[21893]: $INFO[ListItem.Property(Artist_Born)]</label>
                        </control>
                        <control type="panel" id="49">
                            <posx>545</posx>
                            <posy>318</posy>
                            <width>1375</width>
                            <height>312</height>
                            <onleft>9000</onleft>
                            <onright>60</onright>
                            <onup>50</onup>
                            <ondown>49</ondown>
                            <pagecontrol>60</pagecontrol>
                            <itemlayout height="78" width="1375">
                                <control type="label">
                                    <include>ConditionWhite</include>
                                    <posx>TextMargin</posx>
                                    <posy>0</posy>
                                    <height>78</height>
                                    <width>1255</width>
                                    <font>FacadeListMainFont</font>
                                    <include>TextColor_MainColor</include>
                                    <label>[COLOR=AlternateColor_white]$INFO[ListItem.Label,, ][/COLOR]$INFO[ListItem.Label2]</label>
                                </control>
                                <control type="label">
                                    <include>ConditionBlack</include>
                                    <posx>TextMargin</posx>
                                    <posy>0</posy>
                                    <height>78</height>
                                    <width>1255</width>
                                    <font>FacadeListMainFont</font>
                                    <include>TextColor_MainColor</include>
                                    <label>[COLOR=AlternateColor_black]$INFO[ListItem.Label,, ][/COLOR]$INFO[ListItem.Label2]</label>
                                </control>
                            </itemlayout>
                            <focusedlayout height="78" width="1375">
                                <control type="group">
                                    <include>ButtonWideFocusAnimation</include>
                                    <control type="image">
                                        <posx>0</posx>
                                        <posy>0</posy>
                                        <height>78</height>
                                        <width>1375</width>
                                        <colordiffuse>$VAR[Picked.Theme.Color]</colordiffuse>
                                        <texture border="1">$VAR[Theme.Color]/list/bg_facade_focus.png</texture>
                                    </control>
                                    <control type="label">
                                        <include>ConditionWhite</include>
                                        <posx>TextMargin</posx>
                                        <posy>0</posy>
                                        <height>78</height>
                                        <width>1255</width>
                                        <font>FacadeListMainFont</font>
                                        <include>TextColor_MainColor</include>
                                        <label>[COLOR=AlternateColor_white]$INFO[ListItem.Label,, ][/COLOR]$INFO[ListItem.Label2]</label>
                                    </control>
                                    <control type="label">
                                        <include>ConditionBlack</include>
                                        <posx>TextMargin</posx>
                                        <posy>0</posy>
                                        <height>78</height>
                                        <width>1255</width>
                                        <font>FacadeListMainFont</font>
                                        <include>TextColor_MainColor</include>
                                        <label>[COLOR=AlternateColor_black]$INFO[ListItem.Label,, ][/COLOR]$INFO[ListItem.Label2]</label>
                                    </control>
                                </control>
                            </focusedlayout>
                            <content>
                                <item>
                                    <label>$LOCALIZE[21893]:</label>
                                    <label2>$INFO[ListItem.Property(Artist_Born)]</label2>
                                    <onclick>noop</onclick>
                                    <visible>!String.IsEmpty(ListItem.Property(Artist_Born))</visible>
                                </item>
                                <item>
                                    <label>$LOCALIZE[21894]:</label>
                                    <label2>$INFO[ListItem.Property(Artist_Formed)]</label2>
                                    <onclick>noop</onclick>
                                    <visible>!String.IsEmpty(ListItem.Property(Artist_Formed))</visible>
                                </item>
                                <item>
                                    <label>$LOCALIZE[515]:</label>
                                    <label2>$INFO[ListItem.Genre]</label2>
                                    <onclick>noop</onclick>
                                    <visible>!String.IsEmpty(ListItem.Genre)</visible>
                                </item>
                                <item>
                                    <label>$LOCALIZE[175]:</label>
                                    <label2>$INFO[ListItem.Property(Artist_Mood)]</label2>
                                    <onclick>noop</onclick>
                                    <visible>!String.IsEmpty(ListItem.Property(Artist_Mood))</visible>
                                </item>
                                <item>
                                    <label>$LOCALIZE[176]:</label>
                                    <label2>$INFO[ListItem.Property(Artist_Style)]</label2>
                                    <onclick>noop</onclick>
                                    <visible>!String.IsEmpty(ListItem.Property(Artist_Style))</visible>
                                </item>
                                <item>
                                    <label>$LOCALIZE[21892]:</label>
                                    <label2>$INFO[ListItem.Property(Artist_Instrument)]</label2>
                                    <onclick>noop</onclick>
                                    <visible>!String.IsEmpty(ListItem.Property(Artist_Instrument))</visible>
                                </item>
                                <item>
                                    <label>$LOCALIZE[21897]:</label>
                                    <label2>$INFO[ListItem.Property(Artist_Died)]</label2>
                                    <onclick>noop</onclick>
                                    <visible>!String.IsEmpty(ListItem.Property(Artist_Died))</visible>
                                </item>
                                <item>
                                    <label>$LOCALIZE[21896]:</label>
                                    <label2>$INFO[ListItem.Property(Artist_Disbanded)]</label2>
                                    <onclick>noop</onclick>
                                    <visible>!String.IsEmpty(ListItem.Property(Artist_Disbanded))</visible>
                                </item>
                                <item>
                                    <label>$LOCALIZE[21898]:</label>
                                    <label2>$INFO[ListItem.Property(Artist_YearsActive)]</label2>
                                    <onclick>noop</onclick>
                                    <visible>!String.IsEmpty(ListItem.Property(Artist_YearsActive))</visible>
                                </item>
                            </content>
                        </control>
                        <control type="scrollbar" id="60">
                            <posx>1886</posx>
                            <posy>318</posy>
                            <height>312</height>
                            <include>VerticalScroller</include>
                            <onleft>49</onleft>
                            <onright>9000</onright>
                        </control>
                    </control>
                    <control type="image">
                        <posx>520</posx>
                        <posy>645</posy>
                        <width>1375</width>
                        <height>1</height>
                        <texture border="150,0,150,0">$VAR[Theme.Color]/list/bg_facade_separator.png</texture>
                    </control>
                    <control type="group">
                        <posx>545</posx>
                        <posy>660</posy>
                        <control type="textbox">
                            <description>Description</description>
                            <posx>TextMargin</posx>
                            <posy>10</posy>
                            <width>1255</width>
                            <height>290</height>
                            <font>InfoPlotFont</font>
                            <include>TextColor_MainColor</include>
                            <pagecontrol>6060</pagecontrol>
                            <label>$VAR[MusicInfoTextboxVar]</label>
                        </control>
                        <control type="scrollbar" id="6060">
                            <visible>Skin.HasSetting(ManualScroll)</visible>
                            <posx>1341</posx>
                            <posy>10</posy>
                            <height>290</height>
                            <include>VerticalScroller</include>
                            <onleft>49</onleft>
                            <onright>6060</onright>
                        </control>
                    </control>
                </control>
                <!--DISCOGRAPHY TRACKS-->
                <control type="group" id="5020">
                    <visible>Control.HasFocus(502)|Control.HasFocus(503)|ControlGroup(5020).HasFocus</visible>
                    <include>VisibleFadeEffectDelay</include>
                    <control type="label">
                        <posx>TextMargin</posx>
                        <posy>270</posy>
                        <width>1800</width>
                        <height>35</height>
                        <align>center</align>
                        <font>InfoTitleSubFont</font>
                        <include>TextColor_MainColor</include>
                        <label>$INFO[Container(50).NumItems] $LOCALIZE[31025]</label>
                    </control>
                    <include content="DiscArt">
                        <param name="visible" value="!String.IsEqual(ListItem.DBType,artist)+!String.IsEmpty(ListItem.Thumb)+[String.IsEqual(ListItem.DBType,album)]"/>
                        <param name="x" value="79"/>
                        <param name="y" value="631"/>
                        <param name="width" value="430"/>
                        <param name="height" value="430"/>
                        <param name="texture" value="$VAR[MusicCdArt]"/>
                        <param name="xShadow" value="49"/>
                        <param name="yShadow" value="601"/>
                        <param name="widthShadow" value="490"/>
                        <param name="heightShadow" value="490"/>
                        <param name="pulse" value="false"/>
                    </include>
                    <control type="image">
                        <posx>25</posx>
                        <posy>343</posy>
                        <width>538</width>
                        <height>538</height>
                        <include>SquareThumb</include>
                        <include>ThumbBorder</include>
                    </control>
                    <control type="button">
                        <description>dummy for mouse navigation</description>
                        <posx>0</posx>
                        <posy>213</posy>
                        <width>744</width>
                        <height>785</height>
                        <onclick>noop</onclick>
                        <onleft>9012</onleft>
                        <onright>50</onright>
                        <texturenofocus>-</texturenofocus>
                        <texturefocus>-</texturefocus>
                    </control>
                    <control type="panel" id="50">
                        <posx>545</posx>
                        <posy>318</posy>
                        <width>1375</width>
                        <height>624</height>
                        <onleft>9000</onleft>
                        <onright>62</onright>
                        <onup>50</onup>
                        <ondown>50</ondown>
                        <viewtype label="">list</viewtype>
                        <pagecontrol>62</pagecontrol>
                        <orientation>vertical</orientation>
                        <itemlayout condition="String.IsEqual(ListItem.DBType,album)" height="78" width="1375">
                            <control type="label">
                                <include>ConditionWhite</include>
                                <posx>TextMargin</posx>
                                <height>78</height>
                                <width>1255</width>
                                <font>FacadeListMainFont</font>
                                <include>TextColor_MainColor</include>
                                <label>$INFO[ListItem.TrackNumber][COLOR=AlternateColor_white]$INFO[ListItem.Duration, - , - ][/COLOR]$INFO[ListItem.Label]</label>
                            </control>
                            <control type="label">
                                <include>ConditionBlack</include>
                                <posx>TextMargin</posx>
                                <height>78</height>
                                <width>1255</width>
                                <font>FacadeListMainFont</font>
                                <include>TextColor_MainColor</include>
                                <label>$INFO[ListItem.TrackNumber][COLOR=AlternateColor_black]$INFO[ListItem.Duration, - , - ][/COLOR]$INFO[ListItem.Label]</label>
                            </control>
                        </itemlayout>
                        <focusedlayout condition="String.IsEqual(ListItem.DBType,album)" height="78" width="1375">
                            <control type="group">
                                <include>ButtonWideFocusAnimation</include>
                                <control type="image">
                                    <posx>0</posx>
                                    <posy>0</posy>
                                    <height>78</height>
                                    <width>1375</width>
                                    <colordiffuse>$VAR[Picked.Theme.Color]</colordiffuse>
                                    <texture border="1">$VAR[Theme.Color]/list/bg_facade_focus.png</texture>
                                </control>
                                <control type="label">
                                    <include>ConditionWhite</include>
                                    <posx>TextMargin</posx>
                                    <height>78</height>
                                    <width>1255</width>
                                    <font>FacadeListMainFont</font>
                                    <include>TextColor_MainColor</include>
                                    <label>$INFO[ListItem.TrackNumber][COLOR=AlternateColor_white]$INFO[ListItem.Duration, - , - ][/COLOR]$INFO[ListItem.Label]</label>
                                </control>
                                <control type="label">
                                    <include>ConditionBlack</include>
                                    <posx>TextMargin</posx>
                                    <height>78</height>
                                    <width>1255</width>
                                    <font>FacadeListMainFont</font>
                                    <include>TextColor_MainColor</include>
                                    <label>$INFO[ListItem.TrackNumber][COLOR=AlternateColor_black]$INFO[ListItem.Duration, - , - ][/COLOR]$INFO[ListItem.Label]</label>
                                </control>
                            </control>
                        </focusedlayout>
                        <itemlayout condition="String.IsEqual(ListItem.DBType,artist)|Container.Content(songs)" height="78" width="1375">
                            <control type="label">
                                <include>ConditionWhite</include>
                                <posx>TextMargin</posx>
                                <posy>0</posy>
                                <height>78</height>
                                <width>1255</width>
                                <font>FacadeListMainFont</font>
                                <include>TextColor_MainColor</include>
                                <label>[COLOR=AlternateColor_white]$INFO[ListItem.Label2,, - ][/COLOR]$INFO[ListItem.Label]</label>
                            </control>
                            <control type="label">
                                <include>ConditionBlack</include>
                                <posx>TextMargin</posx>
                                <posy>0</posy>
                                <height>78</height>
                                <width>1255</width>
                                <font>FacadeListMainFont</font>
                                <include>TextColor_MainColor</include>
                                <label>[COLOR=AlternateColor_black]$INFO[ListItem.Label2,, - ][/COLOR]$INFO[ListItem.Label]</label>
                            </control>
                        </itemlayout>
                        <focusedlayout condition="String.IsEqual(ListItem.DBType,artist)|Container.Content(songs)" height="78" width="1375">
                            <control type="group">
                                <include>ButtonWideFocusAnimation</include>
                                <control type="image">
                                    <posx>0</posx>
                                    <posy>0</posy>
                                    <height>78</height>
                                    <width>1375</width>
                                    <colordiffuse>$VAR[Picked.Theme.Color]</colordiffuse>
                                    <texture border="1">$VAR[Theme.Color]/list/bg_facade_focus.png</texture>
                                </control>
                                <control type="label">
                                    <include>ConditionWhite</include>
                                    <posx>TextMargin</posx>
                                    <posy>0</posy>
                                    <height>78</height>
                                    <width>1255</width>
                                    <font>FacadeListMainFont</font>
                                    <include>TextColor_MainColor</include>
                                    <label>[COLOR=AlternateColor_white]$INFO[ListItem.Label2,, - ][/COLOR]$INFO[ListItem.Label]</label>
                                </control>
                                <control type="label">
                                    <include>ConditionBlack</include>
                                    <posx>TextMargin</posx>
                                    <posy>0</posy>
                                    <height>78</height>
                                    <width>1255</width>
                                    <font>FacadeListMainFont</font>
                                    <include>TextColor_MainColor</include>
                                    <label>[COLOR=AlternateColor_black]$INFO[ListItem.Label2,, - ][/COLOR]$INFO[ListItem.Label]</label>
                                </control>
                            </control>
                        </focusedlayout>
                    </control>
                    <control type="scrollbar" id="62">
                        <posx>1886</posx>
                        <posy>318</posy>
                        <height>624</height>
                        <include>VerticalScroller</include>
                        <onleft>50</onleft>
                        <onright>62</onright>
                    </control>
                </control>
                <!--FANART-->
                <control type="group" id="120">
                    <visible>Control.HasFocus(12)|Control.HasFocus(150)|ControlGroup(120).HasFocus</visible>
                    <include>VisibleFadeEffectDelay</include>
                    <control type="label">
                        <posx>TextMargin</posx>
                        <posy>270</posy>
                        <width>1800</width>
                        <height>35</height>
                        <align>center</align>
                        <font>InfoTitleSubFont</font>
                        <include>TextColor_MainColor</include>
                        <label>$LOCALIZE[21893]: $INFO[ListItem.Property(Artist_Born)]</label>
                    </control>
                    <control type="button" id="121">
                        <description>dummy for mouse navigation</description>
                        <posx>0</posx>
                        <posy>213</posy>
                        <width>1920</width>
                        <height>785</height>
                        <onclick>noop</onclick>
                        <onleft>9000</onleft>
                        <texturenofocus>-</texturenofocus>
                        <texturefocus>-</texturefocus>
                    </control>
                    <control type="image">
                        <visible>!String.IsEmpty(Listitem.Property(Fanart_Image))</visible>
                        <include>VisibleFadeEffectDelay</include>
                        <description>Current Fanart image</description>
                        <posx>25</posx>
                        <posy>313</posy>
                        <width>1163</width>
                        <height>685</height>
                        <texture background="true">$INFO[ListItem.Art(fanart)]</texture>
                        <include>ThumbBorder</include>
                        <aspectratio>keep</aspectratio>
                    </control>
                </control>
            </control>
            <!-- SIDE MENU -->
            <control type="group">
                <include>LeftMenu</include>
                <control type="grouplist" id="9000">
                    <include>LeftMenuButtonGroup</include>
                    <onright>49</onright>
                    <ondown>9000</ondown>
                    <onback>49</onback>
                    <control type="label" id="7965">
                        <include>LeftMenuTitleLabel</include>
                        <label>$LOCALIZE[33061]</label>
                    </control>
                    <control type="button" id="500">
                        <visible>String.IsEqual(ListItem.DBType,artist)</visible>
                        <description>Biography</description>
                        <include>LeftMenuButton</include>
                        <label>21887</label>
                        <onright>49</onright>
                        <onclick>Control.SetFocus(49)</onclick>
                    </control>
                    <control type="button" id="501">
                        <visible>String.IsEqual(ListItem.DBType,album)</visible>
                        <description>Review</description>
                        <include>LeftMenuButton</include>
                        <label>183</label>
                        <onright>49</onright>
                        <onclick>Control.SetFocus(49)</onclick>
                    </control>
                    <control type="button" id="502">
                        <visible>String.IsEqual(ListItem.DBType,artist)</visible>
                        <description>Discography</description>
                        <include>LeftMenuButton</include>
                        <label>21888</label>
                        <onright>50</onright>
                        <onclick>Control.SetFocus(50)</onclick>
                    </control>
                    <control type="button" id="503">
                        <visible>String.IsEqual(ListItem.DBType,album)</visible>
                        <description>Tracks</description>
                        <include>LeftMenuButton</include>
                        <label>182</label>
                        <onright>50</onright>
                        <onclick>Control.SetFocus(50)</onclick>
                    </control>
                    <control type="button" id="10">
                        <description>Get Thumb</description>
                        <include>LeftMenuButton</include>
                        <label>13405</label>
                        <onright>49</onright>
                    </control>
                    <control type="button" id="12">
                        <visible>String.IsEqual(ListItem.DBType,artist)</visible>
                        <description>Get Fanart</description>
                        <include>LeftMenuButton</include>
                        <label>20413</label>
                        <onright>121</onright>
                    </control>
                    <control type="button" id="7">
                        <description>Set my rating</description>
                        <include>LeftMenuButton</include>
                        <label>31033</label>
                        <visible>String.IsEqual(ListItem.DBType,album) | String.IsEqual(ListItem.DBType,song)</visible>
                    </control>
                    <control type="button" id="6">
                        <description>Refresh</description>
                        <include>LeftMenuButton</include>
                        <label>184</label>
                        <onright>49</onright>
                    </control>
                </control>
                <include>LeftMenuScroller</include>
            </control>
        </control>
    </controls>
</window>
