<?xml version="1.0" encoding="utf-8"?>
<window>
    <defaultcontrol always="true">5</defaultcontrol>
    <controls>
        <!-- <include>DimBG</include> -->
        <include>TopBar</include>
        <control type="group">
            <include>FacadeFadeDialogs2ndLevelCondition</include>
            <include>Icon_Fade</include>
            <control type="group">
                <include>DialogOpenClose</include>
                <control type="image">
                    <posx>-760</posx>
                    <posy>150</posy>
                    <width>2930</width>
                    <height>876</height>
                    <include>DialogTransparency</include>
                    <texture border="150,40,150,40">$VAR[Theme.Color]/common/bg_dialog.png</texture>
                </control>
                <control type="image">
                    <posx>100</posx>
                    <posy>142</posy>
                    <width>1720</width>
                    <height>217</height>
                    <texture border="100">$VAR[Theme.Color]/common/bg_list.png</texture>
                </control>
                <control type="label">
                    <posx>TextMargin</posx>
                    <posy>183</posy>
                    <width>1800</width>
                    <height>135</height>
                    <align>center</align>
                    <font>InfoTitleFont</font>
                    <include>TextColor_MainColor</include>
                    <label>$LOCALIZE[13406]</label>
                </control>
                <control type="list" id="5">
                    <posx>0</posx>
                    <posy>318</posy>
                    <width>1920</width>
                    <height>675</height>
                    <itemgap>0</itemgap>
                    <orientation>vertical</orientation>
                    <onleft>5</onleft>
                    <onright>60</onright>
                    <onup>5</onup>
                    <ondown>5</ondown>
                    <pagecontrol>60</pagecontrol>
                    <itemlayout width="1920" height="135">
                        <control type="label">
                            <posx>TextMargin</posx>
                            <width>1800</width>
                            <posy>27</posy>
                            <aligny>top</aligny>
                            <align>center</align>
                            <font>FacadeListSubFont</font>
                            <include>TextColor_AlternateColor</include>
                            <label>$INFO[ListItem.Label]</label>
                        </control>
                        <control type="label">
                            <posx>TextMargin</posx>
                            <width>1800</width>
                            <posy>73</posy>
                            <aligny>top</aligny>
                            <align>center</align>
                            <font>FacadeListMainFont</font>
                            <include>TextColor_AlternateColor</include>
                            <label>$INFO[ListItem.Label2]</label>
                        </control>
                    </itemlayout>
                    <focusedlayout width="1920" height="135">
                        <control type="group">
                            <include>ButtonFocusAnimation</include>
                            <control type="image">
                                <posx>0</posx>
                                <posy>0</posy>
                                <height>135</height>
                                <width>1920</width>
                                <colordiffuse>$VAR[Picked.Theme.Color]</colordiffuse>
                                <texture border="1">$VAR[Theme.Color]/list/bg_facade_focus.png</texture>
                            </control>
                            <control type="label">
                                <posx>TextMargin</posx>
                                <width>1800</width>
                                <posy>27</posy>
                                <aligny>top</aligny>
                                <align>center</align>
                                <font>FacadeListSubFont</font>
                                <include>TextColor_MainColor</include>
                                <label>$INFO[ListItem.Label]</label>
                            </control>
                            <control type="label">
                                <posx>TextMargin</posx>
                                <width>1800</width>
                                <posy>73</posy>
                                <aligny>top</aligny>
                                <align>center</align>
                                <font>FacadeListMainFont</font>
                                <include>TextColor_MainColor</include>
                                <label>$INFO[ListItem.Label2]</label>
                            </control>
                        </control>
                    </focusedlayout>
                </control>
                <control type="scrollbar" id="60">
                    <posx>1886</posx>
                    <posy>318</posy>
                    <height>675</height>
                    <include>VerticalScroller</include>
                    <onleft>5</onleft>
                    <onright>5</onright>
                </control>
            </control>
        </control>
    </controls>
</window>
