<?xml version="1.0" encoding="utf-8"?>
<window type="dialog">
    <zorder>5</zorder>
    <controls>
        <control type="group">
            <include>NotificationOpenClose</include>
            <posy>0</posy>
            <control type="image">
                <posx>-200</posx>
                <posy>0</posy>
                <width>2320</width>
                <height>183</height>
                <colordiffuse>$VAR[Picked.Theme.Color]</colordiffuse>
                <texture border="150,40,150,40">$VAR[Theme.Color]/common/bg_dialog.png</texture>
            </control>
            <control type="label">
                <posx>TextMargin</posx>
                <posy>33</posy>
                <height>117</height>
                <width>1800</width>
                <scroll>true</scroll>
                <align>center</align>
                <font>NotificationFontDouble</font>
                <include>TextColor_MainColor</include>
                <label>$INFO[Control.GetLabel(401)]$INFO[Control.GetLabel(402),     ]</label>
            </control>
            <control type="image" id="400">
                <visible>false</visible>
                <posx>12</posx>
                <posy>312</posy>
                <width>112</width>
                <height>112</height>
                <texture>-</texture>
            </control>
            <control type="label" id="401">
                <posx>3153</posx>
                <posy>0</posy>
                <height>40</height>
                <width>570</width>
                <scroll>true</scroll>
                <font>-</font>
            </control>
            <control type="label" id="402">
                <posx>3153</posx>
                <posy>40</posy>
                <height>40</height>
                <width>570</width>
                <scroll>true</scroll>
                <font>-</font>
            </control>
        </control>
    </controls>
</window>
