<?xml version="1.0" encoding="utf-8"?>
<window type="dialog">
    <defaultcontrol always="true">10</defaultcontrol>
    <controls>
        <!-- <include>DimBG</include> -->
        <include>TopBar</include>
        <control type="group">
            <include>FacadeFadeDialogs2ndLevelCondition</include>
            <include>Icon_Fade</include>
            <control type="group">
                <include>DialogOpenClose</include>
                <control type="image">
                    <posx>-760</posx>
                    <posy>150</posy>
                    <width>2930</width>
                    <height>876</height>
                    <include>DialogTransparency</include>
                    <texture border="150,40,150,40">$VAR[Theme.Color]/common/bg_dialog.png</texture>
                </control>
                <control type="image">
                    <posx>100</posx>
                    <posy>142</posy>
                    <width>1720</width>
                    <height>217</height>
                    <texture border="100">$VAR[Theme.Color]/common/bg_list.png</texture>
                </control>
                <control type="image">
                    <posx>100</posx>
                    <posy>823</posy>
                    <width>1720</width>
                    <height>211</height>
                    <texture border="100">$VAR[Theme.Color]/common/bg_list.png</texture>
                </control>
                <control type="label">
                    <posx>TextMargin</posx>
                    <posy>183</posy>
                    <width>1800</width>
                    <height>135</height>
                    <align>center</align>
                    <font>InfoTitleFont</font>
                    <label>$ADDON[pvr.mediaportal.tvserver 30100]</label>
                    <include>TextColor_MainColor</include>
                </control>
                <control type="group">
                    <!-- Dialog specific controls //-->
                    <!--Program title-->
                    <control type="label" id="20">
                        <posx>TextMargin</posx>
                        <posy>318</posy>
                        <width>1800</width>
                        <height>78</height>
                        <font>FacadeListMainFont</font>
                        <include>TextColor_MainColor</include>
                        <!--<label>filled in by code</label>-->
                        <align>center</align>
                        <aligny>center</aligny>
                    </control>
                    <!--Program start time-->
                    <control type="label" id="21">
                        <posx>TextMargin</posx>
                        <posy>396</posy>
                        <width>870</width>
                        <height>78</height>
                        <font>FacadeListMainFont</font>
                        <include>TextColor_AlternateColor</include>
                        <!--<label>filled in by code</label>-->
                        <align>left</align>
                        <aligny>center</aligny>
                    </control>
                    <!--Program channel-->
                    <control type="label" id="22">
                        <posx>TextMarginR</posx>
                        <posy>396</posy>
                        <width>870</width>
                        <height>78</height>
                        <font>FacadeListMainFont</font>
                        <include>TextColor_AlternateColor</include>
                        <!--<label>filled in by code</label>-->
                        <align>right</align>
                        <aligny>center</aligny>
                    </control>
                    <control type="image">
                        <posx>TextMargin</posx>
                        <posy>473</posy>
                        <width>1800</width>
                        <description>Default Seperator</description>
                        <height>1</height>
                        <texture border="150,0,150,0">$VAR[Theme.Color]/list/bg_facade_separator.png</texture>
                    </control>
                    <!--spincontrols-->
                    <control type="grouplist" id="23">
                        <posx>0</posx>
                        <posy>474</posy>
                        <width>1920</width>
                        <height>546</height>
                        <itemgap>0</itemgap>
                        <onup>23</onup>
                        <pagecontrol>60</pagecontrol>
                        <ondown>9001</ondown>
                        <onleft>23</onleft>
                        <onright>60</onright>
                        <control type="spincontrolex" id="10">
                            <description>Frequency</description>
                            <width>1920</width>
                            <include>LeftMenuButtonWide</include>
                            <label>$ADDON[pvr.mediaportal.tvserver 30101]</label>
                        </control>
                        <control type="spincontrolex" id="11">
                            <description>Airtime</description>
                            <width>1920</width>
                            <include>LeftMenuButtonWide</include>
                            <label>$ADDON[pvr.mediaportal.tvserver 30102]</label>
                        </control>
                        <control type="spincontrolex" id="12">
                            <description>Channels</description>
                            <width>1920</width>
                            <include>LeftMenuButtonWide</include>
                            <label>$ADDON[pvr.mediaportal.tvserver 30103]</label>
                        </control>
                        <control type="spincontrolex" id="13">
                            <description>Keep</description>
                            <width>1920</width>
                            <include>LeftMenuButtonWide</include>
                            <label>$ADDON[pvr.mediaportal.tvserver 30104]</label>
                        </control>
                        <control type="spincontrolex" id="14">
                            <description>Record minutes before start</description>
                            <width>1920</width>
                            <include>LeftMenuButtonWide</include>
                            <label>$ADDON[pvr.mediaportal.tvserver 30105]</label>
                        </control>
                        <control type="spincontrolex" id="15">
                            <description>Record minutes after end</description>
                            <width>1920</width>
                            <include>LeftMenuButtonWide</include>
                            <label>$ADDON[pvr.mediaportal.tvserver 30106]</label>
                        </control>
                    </control>
                    <control type="scrollbar" id="60">
                        <posx>1886</posx>
                        <posy>318</posy>
                        <height>546</height>
                        <onleft>23</onleft>
                        <onright>23</onright>
                        <include>VerticalScroller</include>
                    </control>
                    <control type="grouplist" id="9001">
                        <posx>TextMargin</posx>
                        <posy>864</posy>
                        <width>1800</width>
                        <height>129</height>
                        <itemgap>30</itemgap>
                        <aligny>bottom</aligny>
                        <align>center</align>
                        <orientation>horizontal</orientation>
                        <onup>23</onup>
                        <control type="button" id="1">
                            <height>129</height>
                            <include>ButtonFocusAnimation</include>
                            <label>$LOCALIZE[186]</label>
                        </control>
                        <control type="button" id="2">
                            <height>129</height>
                            <include>ButtonFocusAnimation</include>
                            <label>$LOCALIZE[222]</label>
                        </control>
                    </control>
                </control>
            </control>
        </control>
    </controls>
</window>
