<?xml version="1.0" encoding="utf-8"?>
<includes>
    <include name="VisibleFadeEffect">
        <animation type="WindowOpen" reversible="false">
            <effect type="fade" start="0" end="100" time="150" delay="0" tween="circle" easing="inout"/>
            <effect type="zoom" start="110" end="100" time="150" delay="0" center="auto" tween="circle" easing="inout"/>
        </animation>
        <animation type="WindowClose" reversible="false">
            <effect type="fade" start="100" end="0" time="150" delay="0" tween="circle" easing="inout"/>
            <effect type="zoom" start="100" end="110" time="150" delay="0" center="auto" tween="circle" easing="inout"/>
        </animation>
        <animation type="Visible" reversible="false">
            <effect type="fade" start="0" end="100" time="150" delay="0" tween="circle" easing="inout"/>
            <effect type="zoom" start="110" end="100" time="150" delay="0" center="auto" tween="circle" easing="inout"/>
        </animation>
        <animation type="Hidden" reversible="false">
            <effect type="fade" start="100" end="0" time="150" delay="0" tween="circle" easing="inout"/>
            <effect type="zoom" start="100" end="110" time="150" delay="0" center="auto" tween="circle" easing="inout"/>
        </animation>
    </include>
    <include name="TopBarVisibleFadeEffect">
        <animation type="Conditional" reversible="false" condition="[ControlGroup(9900).HasFocus()|Control.HasFocus(8998)|Control.HasFocus(8997)]">
            <effect type="fade" start="0" end="100" time="150" delay="0" tween="circle" easing="inout"/>
            <effect type="zoom" start="110" end="100" time="150" delay="0" center="960,59" tween="circle" easing="inout"/>
        </animation>
        <animation type="Conditional" reversible="false" condition="![ControlGroup(9900).HasFocus()|Control.HasFocus(8998)|Control.HasFocus(8997)]">
            <effect type="fade" start="100" end="0" time="150" delay="0" tween="circle" easing="inout"/>
            <effect type="zoom" start="100" end="110" time="150" delay="0" center="960,59" tween="circle" easing="inout"/>
        </animation>
    </include>
    <include name="TopBarOSDVisibleFadeEffect">
        <animation type="WindowOpen" reversible="false">
            <effect type="fade" start="0" end="100" time="300" delay="0" tween="circle" easing="inout"/>
            <effect type="zoom" start="110" end="100" time="300" delay="0" center="960,59" tween="circle" easing="inout"/>
        </animation>
        <!-- <animation type="WindowClose" reversible="false">
            <effect type="fade" start="100" end="0" time="300" delay="0" tween="circle" easing="inout"/>
            <effect type="zoom" start="100" end="110" time="300" delay="0" center="960,59" tween="circle" easing="inout"/>
        </animation> -->
        <animation type="Visible" reversible="false">
            <effect type="fade" start="0" end="100" time="300" delay="0" tween="circle" easing="inout"/>
            <effect type="zoom" start="110" end="100" time="300" delay="0" center="960,59" tween="circle" easing="inout"/>
        </animation>
        <!-- <animation type="Hidden" reversible="false">
            <effect type="fade" start="100" end="0" time="300" delay="0" tween="circle" easing="inout"/>
            <effect type="zoom" start="100" end="110" time="300" delay="0" center="960,59" tween="circle" easing="inout"/>
        </animation> -->
    </include>
    <include name="RssVisibleFadeEffect">
        <animation type="WindowOpen" reversible="false">
            <effect type="fade" start="0" end="100" time="150" delay="0" tween="circle" easing="inout"/>
            <effect type="zoom" start="110" end="100" time="150" delay="0" center="960,540" tween="circle" easing="inout"/>
        </animation>
        <animation type="WindowClose" reversible="false">
            <effect type="fade" start="100" end="0" time="150" delay="0" tween="circle" easing="inout"/>
            <effect type="zoom" start="100" end="110" time="150" delay="0" center="960,540" tween="circle" easing="inout"/>
        </animation>
        <animation type="Visible" reversible="false">
            <effect type="fade" start="0" end="100" time="150" delay="150" tween="circle" easing="inout"/>
            <effect type="zoom" start="110" end="100" time="150" delay="150" center="auto" tween="circle" easing="inout"/>
        </animation>
        <animation type="Hidden" reversible="false">
            <effect type="fade" start="100" end="0" time="50" delay="0" tween="circle" easing="inout"/>
            <effect type="zoom" start="100" end="110" time="50" delay="0" center="auto" tween="circle" easing="inout"/>
        </animation>
    </include>
    <include name="CoverWrapFocusAnimationSquare">
        <effect type="zoom" start="100" end="106" time="100" center="auto"/>
        <effect type="zoom" start="100" end="94.339622641509" time="50" delay="100" center="auto"/>
        <!--<effect type="fade" start="40" end="100" time="100"/>-->
    </include>
    <include name="CoverWrapFocusAnimationPoster">
        <effect type="zoom" start="100" end="106" time="100" center="auto"/>
        <effect type="zoom" start="100" end="94.339622641509" time="50" delay="100" center="auto"/>
        <!--<effect type="fade" start="40" end="100" time="100"/>-->
    </include>
    <include name="CoverWrapFocusAnimationEpisode">
        <effect type="zoom" start="100" end="106" time="100" center="auto"/>
        <effect type="zoom" start="100" end="94.339622641509" time="50" delay="100" center="auto"/>
        <!--<effect type="fade" start="40" end="100" time="100"/>-->
    </include>
    <include name="WidgetFocusAnimationFade">
        <effect type="fade" start="0" end="0" time="250"/>
    </include>
    <include name="ButtonFocusAnimation">
        <animation type="Focus" reversible="false">
            <effect type="zoom" start="100" end="108" time="100" center="auto"/>
            <effect type="zoom" start="100" end="92.592592592593" time="50" delay="100" center="auto"/>
            <!--<effect type="fade" start="10" end="100" time="100"/>-->
        </animation>
    </include>
    <include name="ButtonWideFocusAnimation">
        <animation type="Focus" reversible="false">
            <effect type="zoom" start="100,100" end="103,108" time="100" center="auto"/>
            <effect type="zoom" start="100,100" end="97.087378640777,92.592592592593" time="50" delay="100" center="auto"/>
            <!--<effect type="fade" start="10" end="100" time="100"/>-->
        </animation>
    </include>
    <include name="ListFocusAnimation">
        <animation type="Focus" reversible="false">
            <effect type="zoom" start="100,100" end="100,103" time="100" center="auto"/>
            <effect type="zoom" start="100,100" end="100,97.087378640777" time="50" delay="100" center="auto"/>
            <!--<effect type="fade" start="10" end="100" time="100"/>-->
        </animation>
    </include>
    <include name="NowPlayingVisibleFadeEffect">
        <animation type="Visible" reversible="false">
            <effect type="fade" start="0" end="100" time="300" delay="0" tween="circle" easing="inout"/>
            <effect type="zoom" start="120" end="100" time="300" delay="0" center="960,91" tween="circle" easing="inout"/>
        </animation>
        <animation type="Hidden" reversible="false">
            <effect type="fade" start="100" end="0" time="300" delay="0" tween="circle" easing="inout"/>
            <effect type="zoom" start="100" end="120" time="300" delay="0" center="960,91" tween="circle" easing="inout"/>
        </animation>
    </include>
    <include name="ScrollOffsetLabelVisibleFadeEffect">
        <animation type="Visible" reversible="false">
            <effect type="fade" start="0" end="100" time="150" delay="100" tween="circle" easing="inout"/>
            <effect type="zoom" start="110" end="100" time="150" delay="100" center="960,59" tween="circle" easing="inout"/>
        </animation>
        <animation type="Hidden" reversible="false">
            <effect type="fade" start="100" end="0" time="150" delay="100" tween="circle" easing="inout"/>
            <effect type="zoom" start="100" end="110" time="150" delay="100" center="960,59" tween="circle" easing="inout"/>
        </animation>
    </include>
    <include name="VisibleFadeEffectDelay">
        <animation type="Visible" reversible="false">
            <effect type="fade" start="0" end="100" time="150" delay="150" tween="circle" easing="inout"/>
            <effect type="slide" start="50,0" end="0,0" time="150" delay="150" tween="cubic" easing="out"/>
        </animation>
    </include>
    <include name="UnderFade">
        <animation effect="fade" start="0" end="100" time="200" tween="cubic" easing="in">WindowOpen</animation>
        <animation effect="fade" start="100" end="0" time="0">WindowClose</animation>
    </include>
    <include name="UpperFade">
        <animation effect="fade" start="0" end="100" time="100">WindowOpen</animation>
        <animation effect="fade" start="100" end="0" time="200">WindowClose</animation>
    </include>
    <include name="OSDFade">
        <animation effect="fade" start="0" end="100" time="100">WindowOpen</animation>
        <animation effect="fade" start="100" end="0" time="100">WindowClose</animation>
    </include>
    <include name="MusicOSDFade">
        <animation type="WindowOpen" reversible="false">
            <effect type="fade" start="0" end="100" time="150" delay="0" tween="circle" easing="inout"/>
            <effect type="zoom" start="105" end="100" time="150" delay="0" center="960,540" tween="circle" easing="inout"/>
        </animation>
        <animation type="WindowClose" reversible="false">
            <effect type="fade" start="100" end="0" time="150" delay="0" tween="circle" easing="inout"/>
            <effect type="zoom" start="100" end="105" time="150" delay="0" center="960,540" tween="circle" easing="inout"/>
        </animation>
        <animation type="Visible" reversible="false">
            <effect type="fade" start="0" end="100" time="150" delay="0" tween="circle" easing="inout"/>
            <effect type="zoom" start="105" end="100" time="150" delay="0" center="960,540" tween="circle" easing="inout"/>
        </animation>
        <animation type="Hidden" reversible="false">
            <effect type="fade" start="100" end="0" time="150" delay="0" tween="circle" easing="inout"/>
            <effect type="zoom" start="100" end="105" time="150" delay="0" center="960,540" tween="circle" easing="inout"/>
        </animation>
    </include>
    <include name="OpenClose">
        <animation type="WindowOpen" reversible="false">
            <effect type="fade" start="0" end="100" time="150" delay="0" tween="circle" easing="inout"/>
            <effect type="zoom" start="105" end="100" time="150" delay="0" center="960,588" tween="circle" easing="inout"/>
        </animation>
        <animation type="WindowClose" reversible="false">
            <effect type="fade" start="100" end="0" time="150" delay="0" tween="circle" easing="inout"/>
            <effect type="zoom" start="100" end="105" time="150" delay="0" center="960,588" tween="circle" easing="inout"/>
        </animation>
    </include>
    <include name="DialogOpenClose">
        <animation type="WindowOpen" reversible="false">
            <effect type="fade" start="0" end="100" time="150" delay="0" tween="circle" easing="inout"/>
            <effect type="zoom" start="110" end="100" time="150" delay="0" center="960,540" tween="circle" easing="inout"/>
        </animation>
        <animation type="WindowClose" reversible="false">
            <effect type="fade" start="100" end="0" time="150" delay="0" tween="circle" easing="inout"/>
            <effect type="zoom" start="100" end="110" time="150" delay="0" center="960,540" tween="circle" easing="inout"/>
        </animation>
    </include>
    <include name="DialogContextOpenClose">
        <animation type="WindowOpen" reversible="false">
            <effect type="fade" start="0" end="100" time="150" delay="0" tween="circle" easing="inout"/>
            <effect type="zoom" start="110" end="100" time="150" delay="0" center="960,405" tween="circle" easing="inout"/>
        </animation>
        <animation type="WindowClose" reversible="false">
            <effect type="fade" start="100" end="0" time="150" delay="0" tween="circle" easing="inout"/>
            <effect type="zoom" start="100" end="110" time="150" delay="0" center="960,405" tween="circle" easing="inout"/>
        </animation>
    </include>
    <include name="NotificationOpenClose">
        <animation type="WindowOpen" reversible="false">
            <effect type="fade" start="0" end="100" time="300" delay="0" tween="circle" easing="inout"/>
            <effect type="zoom" start="110" end="100" time="300" delay="0" center="960,59" tween="circle" easing="inout"/>
        </animation>
        <animation type="WindowClose" reversible="false">
            <effect type="fade" start="100" end="0" time="300" delay="0" tween="circle" easing="inout"/>
            <effect type="zoom" start="100" end="110" time="300" delay="0" center="960,59" tween="circle" easing="inout"/>
        </animation>
    </include>
    <include name="PlexbmcFixTrick">
        <animation effect="slide" time="0" start="0,0" end="4000,0" condition="!Window.IsVisible(DialogBusy.xml)">Conditional</animation>
        <animation effect="fade" start="0" end="100" time="150" delay="0" tween="circle" easing="inout" condition="!Window.IsVisible(DialogBusy.xml)">Conditional</animation>
        <animation effect="zoom" start="105" end="100" time="150" delay="0" center="-3040,588" tween="circle" easing="inout" condition="!Window.IsVisible(DialogBusy.xml)">Conditional</animation>
        <animation effect="fade" time="150" start="0" end="100" condition="!Window.IsVisible(DialogBusy.xml)">Conditional</animation>
        <posx>-4000</posx>
    </include>
    <include name="Icon_Fade">
        <animation type="Visible" reversible="false">
            <effect type="fade" start="0" end="100" time="150" delay="0" tween="circle" easing="inout"/>
            <effect type="zoom" start="105" end="100" time="150" delay="0" center="960,588" tween="circle" easing="inout"/>
            <!--<effect type="fade" start="0" end="100" time="200" delay="100" tween="sine" easing="out"/>-->
            <!--<effect type="slide" start="50,0" end="0,0" time="200" delay="100" tween="cubic" easing="out"/>-->
        </animation>
    </include>
    <include name="Overlay_Fade">
        <animation type="Visible" reversible="false">
            <effect type="fade" start="0" end="100" time="300" tween="sine" easing="out"/>
            <!--<effect type="slide" start="50,0" end="0,0" time="300" tween="cubic" easing="out"/>-->
        </animation>
    </include>
    <include name="KenBurns">
        <animation effect="zoom" start="110" end="130" center="auto" time="15000" tween="cubic" easing="inout" pulse="true" condition="Skin.HasSetting(KenBurnsEffect)">Conditional</animation>
        <animation effect="slide" start="-10,-10" end="20,20" time="7000" tween="cubic" easing="inout" pulse="true" condition="Skin.HasSetting(KenBurnsEffect)">Conditional</animation>
    </include>
    <include name="Animation_ViewsCDart">
        <animation effect="rotate" end="-360" center="auto" time="5000" loop="true" reversible="false" condition="[[Player.HasAudio|Player.HasVideo] + !Player.Paused]">Conditional</animation>
        <animation effect="rotate" start="0" end="-360" center="auto" time="40000" loop="true" reversible="false" condition="!Player.HasVideo">Conditional</animation>
    </include>
    <include name="PulseBasicHidden">
        <effect type="slide" start="0,0" end="0,0" time="1500" delay="3500"/>
        <effect type="fade" start="0" end="100" time="500" delay="3000"/>
    </include>
    <include name="PulseBasicVisible">
        <effect type="slide" start="0,0" end="0,0" time="1500" delay="3500"/>
        <effect type="fade" start="100" end="0" time="500" delay="3000"/>
    </include>
    <include name="PulseThumb">
        <animation type="Conditional" pulse="true" reversible="false"
                   condition="Skin.HasSetting(EnableCdArt)
                                +!String.IsEmpty(ListItem.Thumb)
                                +!ListItem.IsParentFolder
                                +!Skin.HasSetting(plexbmc)
                                +[
                                    [[!String.IsEmpty(ListItem.Art(poster))|!String.IsEmpty(ListItem.Art(discart))]+[Container.content(movies)|Container.content(musicvideos)]]
                                    |Window.IsActive(script-script.extendedinfo-DialogInfo.xml)
                                    |[[[Container.content(songs)|Container.content(albums)]+Window.IsActive(MyMusicNav.xml)]|Window.IsActive(MyMusicSongs.xml)]
                                ]">
            <include>PulseBasicVisible</include>
        </animation>
    </include>
    <include name="PulseCdArt">
        <animation type="Conditional" pulse="true" reversible="false"
                   condition="Skin.HasSetting(EnableCdArt)
                                +!String.IsEmpty(ListItem.Thumb)
                                +!ListItem.IsParentFolder
                                +!Skin.HasSetting(plexbmc)
                                +[
                                    [[!String.IsEmpty(ListItem.Art(poster))|!String.IsEmpty(ListItem.Art(discart))]+[Container.content(movies)|Container.content(musicvideos)]]
                                    |Window.IsActive(script-script.extendedinfo-DialogInfo.xml)
                                    |[[[Container.content(songs)|Container.content(albums)]+Window.IsActive(MyMusicNav.xml)]|Window.IsActive(MyMusicSongs.xml)]
                                ]">
            <include>PulseBasicHidden</include>
        </animation>
    </include>
    <include name="FacadeFadeDialogs">
        <!--Dialogs are Visible-->
        <visible>Control.IsVisible(123001)</visible>
        <!--<animation type="Conditional" reversible="true" condition="Window.IsVisible(DialogContextMenu.xml)">-->
            <!--<effect type="fade" start="100" end="25" time="150" delay="0"/>-->
        <!--</animation>-->
    </include>
    <include name="PulseClearArt">
        <visible>Skin.HasSetting(EnableClearArt)</visible>
        <animation type="Conditional" pulse="true" reversible="false" condition="Control.IsVisible(983731)+Control.IsVisible(983732)+!Control.IsVisible(983733)">
            <effect type="slide" start="0,0" end="0,0" time="1500" delay="3500"/>
            <effect type="fade" start="100" end="0" time="500" delay="3000"/>
        </animation>
        <animation type="Conditional" pulse="true" reversible="false" condition="Control.IsVisible(983731)+!Control.IsVisible(983732)+Control.IsVisible(983733)">
            <effect type="slide" start="0,0" end="0,0" time="1500" delay="3500"/>
            <effect type="fade" start="100" end="0" time="500" delay="3000"/>
        </animation>
        <animation type="Conditional" pulse="true" reversible="false" condition="Control.IsVisible(983731)+Control.IsVisible(983732)+Control.IsVisible(983733)">
            <effect type="slide" start="0,0" end="0,0" time="3000" delay="0"/>
            <effect type="slide" start="0,0" end="0,0" time="5000" delay="3500"/>
            <effect type="fade" start="100" end="0" time="500" delay="3000"/>
        </animation>
    </include>
    <include name="PulseClearLogo">
        <visible>Skin.HasSetting(EnableClearLogo)</visible>
        <animation type="Conditional" pulse="true" reversible="false" condition="Control.IsVisible(983731)+Control.IsVisible(983732)+!Control.IsVisible(983733)">
            <effect type="slide" start="0,0" end="0,0" time="1500" delay="3500"/>
            <effect type="fade" start="0" end="100" time="500" delay="3000"/>
        </animation>
        <animation type="Conditional" pulse="true" reversible="false" condition="!Control.IsVisible(983731)+Control.IsVisible(983732)+Control.IsVisible(983733)">
            <effect type="slide" start="0,0" end="0,0" time="1500" delay="3500"/>
            <effect type="fade" start="100" end="0" time="500" delay="3000"/>
        </animation>
        <animation type="Conditional" pulse="true" reversible="false" condition="Control.IsVisible(983731)+Control.IsVisible(983732)+Control.IsVisible(983733)">
            <effect type="slide" start="0,0" end="0,0" time="3000" delay="0"/>
            <effect type="slide" start="0,0" end="0,0" time="3000" delay="3500"/>
            <effect type="fade" start="0" end="100" time="500" delay="3000"/>
            <effect type="fade" start="100" end="0" time="500" delay="6500"/>
            <effect type="slide" start="0,0" end="0,0" time="1500" delay="7000"/>
        </animation>
    </include>
    <include name="PulseStudioArt">
        <visible>Skin.HasSetting(EnableStudioArt)</visible>
        <animation type="Conditional" pulse="true" reversible="false" condition="Control.IsVisible(983731)+!Control.IsVisible(983732)+Control.IsVisible(983733)">
            <effect type="slide" start="0,0" end="0,0" time="1500" delay="3500"/>
            <effect type="fade" start="0" end="100" time="500" delay="3000"/>
        </animation>
        <animation type="Conditional" pulse="true" reversible="false" condition="!Control.IsVisible(983731)+Control.IsVisible(983732)+Control.IsVisible(983733)">
            <effect type="slide" start="0,0" end="0,0" time="1500" delay="3500"/>
            <effect type="fade" start="0" end="100" time="500" delay="3000"/>
        </animation>
        <animation type="Conditional" pulse="true" reversible="false" condition="Control.IsVisible(983731)+Control.IsVisible(983732)+Control.IsVisible(983733)">
            <effect type="slide" start="0,0" end="0,0" time="6500" delay="0"/>
            <effect type="slide" start="0,0" end="0,0" time="1500" delay="7000"/>
            <effect type="fade" start="0" end="100" time="500" delay="6500"/>
        </animation>
    </include>
    <include name="OverlayTransparency">
        <animation effect="fade" start="90" end="90" time="0" reversible="false" condition="skin.hassetting(OverlayTransparency90)">Conditional</animation>
        <animation effect="fade" start="80" end="80" time="0" reversible="false" condition="skin.hassetting(OverlayTransparency80)">Conditional</animation>
        <animation effect="fade" start="70" end="70" time="0" reversible="false" condition="skin.hassetting(OverlayTransparency70)">Conditional</animation>
        <animation effect="fade" start="60" end="60" time="0" reversible="false" condition="skin.hassetting(OverlayTransparency60)">Conditional</animation>
        <animation effect="fade" start="50" end="50" time="0" reversible="false" condition="skin.hassetting(OverlayTransparency50)">Conditional</animation>
        <animation effect="fade" start="40" end="40" time="0" reversible="false" condition="skin.hassetting(OverlayTransparency40)">Conditional</animation>
        <animation effect="fade" start="30" end="30" time="0" reversible="false" condition="skin.hassetting(OverlayTransparency30)">Conditional</animation>
        <animation effect="fade" start="20" end="20" time="0" reversible="false" condition="skin.hassetting(OverlayTransparency20)">Conditional</animation>
        <animation effect="fade" start="10" end="10" time="0" reversible="false" condition="skin.hassetting(OverlayTransparency10)">Conditional</animation>
        <animation effect="fade" start="0" end="0" time="0" reversible="false" condition="skin.hassetting(OverlayTransparency00)">Conditional</animation>
    </include>
    <include name="OverlayStripTransparency">
        <animation effect="fade" start="85" end="85" time="0" reversible="false" condition="skin.hassetting(OverlayTransparency90)">Conditional</animation>
        <animation effect="fade" start="75" end="75" time="0" reversible="false" condition="skin.hassetting(OverlayTransparency80)">Conditional</animation>
        <animation effect="fade" start="65" end="65" time="0" reversible="false" condition="skin.hassetting(OverlayTransparency70)">Conditional</animation>
        <animation effect="fade" start="55" end="55" time="0" reversible="false" condition="skin.hassetting(OverlayTransparency60)">Conditional</animation>
        <animation effect="fade" start="45" end="45" time="0" reversible="false" condition="skin.hassetting(OverlayTransparency50)">Conditional</animation>
        <animation effect="fade" start="35" end="35" time="0" reversible="false" condition="skin.hassetting(OverlayTransparency40)">Conditional</animation>
        <animation effect="fade" start="25" end="25" time="0" reversible="false" condition="skin.hassetting(OverlayTransparency30)">Conditional</animation>
        <animation effect="fade" start="15" end="15" time="0" reversible="false" condition="skin.hassetting(OverlayTransparency20)">Conditional</animation>
        <animation effect="fade" start="5" end="5" time="0" reversible="false" condition="skin.hassetting(OverlayTransparency10)">Conditional</animation>
        <animation effect="fade" start="0" end="0" time="0" reversible="false" condition="skin.hassetting(OverlayTransparency00)">Conditional</animation>
    </include>
</includes>
