<?xml version="1.0" encoding="utf-8"?>
<window type="dialog">
    <defaultcontrol always="true">9000</defaultcontrol>
    <menucontrol>9000</menucontrol>
    <!-- <zorder>3</zorder> -->
    <controls>
        <!-- <include>DimBG</include> -->
        <include>TopBar</include>
        <control type="group">
            <include>FacadeFadeDialogs2ndLevelCondition</include>
            <visible>![Window.IsVisible(script-ExtendedInfo Script-SlideShow.xml)]</visible>
            <include>Icon_Fade</include>
            <control type="group">
                <animation effect="slide" tween="circle" easing="out" time="250" start="0,0" end="660,0" condition="[ControlGroup(9000).HasFocus()|Control.HasFocus(8999)|Control.HasFocus(9060)]">conditional</animation>
                <include>DialogOpenClose</include>
                <control type="image">
                    <posx>-760</posx>
                    <posy>150</posy>
                    <width>2930</width>
                    <height>876</height>
                    <include>DialogTransparency</include>
                    <texture border="150,40,150,40">$VAR[Theme.Color]/common/bg_dialog.png</texture>
                </control>
                <control type="image">
                    <posx>100</posx>
                    <posy>142</posy>
                    <width>1720</width>
                    <height>217</height>
                    <texture border="100">$VAR[Theme.Color]/common/bg_list.png</texture>
                </control>
                <control type="label">
                    <posx>TextMargin</posx>
                    <posy>183</posy>
                    <width>1800</width>
                    <height>105</height>
                    <align>center</align>
                    <font>InfoTitleFont</font>
                    <include>TextColor_MainColor</include>
                    <label>$INFO[Window.Property(label)]</label>
                </control>
                <!--BIOGRAPHY-->
                <control type="group" id="490">
                    <visible>![control.hasfocus(105)|control.hasfocus(205)|control.hasfocus(305)|control.hasfocus(405)|control.hasfocus(505)|
                        control.hasfocus(605)|control.hasfocus(705)|ControlGroup(1500).HasFocus|ControlGroup(2500).HasFocus|
                        ControlGroup(3500).HasFocus|ControlGroup(4500).HasFocus|ControlGroup(5500).HasFocus|ControlGroup(6500).HasFocus|
                        ControlGroup(7500).HasFocus]</visible>
                    <include>VisibleFadeEffectDelay</include>
                    <control type="label">
                        <posx>TextMargin</posx>
                        <posy>270</posy>
                        <width>1800</width>
                        <height>35</height>
                        <align>center</align>
                        <font>InfoTitleSubFont</font>
                        <include>TextColor_MainColor</include>
                        <label>$ADDON[script.extendedinfo 32012]: $INFO[Window.Property(Birthday)]</label>
                    </control>
                    <control type="image">
                        <visible>String.IsEmpty(Window.Property(Poster))</visible>
                        <posx>TextMargin</posx>
                        <posy>348</posy>
                        <width>424</width>
                        <height>615</height>
                        <texture>$VAR[Theme.Color]/defaultArtistBig.png</texture>
                        <aspectratio aligny="top">keep</aspectratio>
                    </control>
                    <control type="image">
                        <posx>25</posx>
                        <posy>313</posy>
                        <width>494</width>
                        <height>685</height>
                        <texture background="true">$INFO[Window.Property(Poster)]</texture>
                        <include>ThumbBorder</include>
                        <aspectratio aligny="top">keep</aspectratio>
                    </control>
                    <control type="panel" id="49">
                        <onleft>9000</onleft>
                        <onright>649</onright>
                        <onup>49</onup>
                        <ondown>6649</ondown>
                        <height>312</height>
                        <pagecontrol>649</pagecontrol>
                        <include>List_9009_Commons</include>
                        <content>
                            <item>
                                <label>$ADDON[script.extendedinfo 32011]:</label>
                                <label2>$INFO[Window.Property(TotalMovies)]</label2>
                                <onclick>noop</onclick>
                                <visible>!String.IsEmpty(Window.Property(TotalMovies))</visible>
                            </item>
                            <item>
                                <label>$ADDON[script.extendedinfo 32021]:</label>
                                <label2>$INFO[Window.Property(DBMovies)]</label2>
                                <onclick>noop</onclick>
                                <visible>!String.IsEmpty(Window.Property(DBMovies))</visible>
                            </item>
                            <item>
                                <label>$ADDON[script.extendedinfo 32012]:</label>
                                <label2>$INFO[Window.Property(Birthday)]</label2>
                                <onclick>noop</onclick>
                                <visible>!String.IsEmpty(Window.Property(Birthday))</visible>
                            </item>
                            <item>
                                <label>$ADDON[script.extendedinfo 32020]:</label>
                                <label2>$INFO[Window.Property(Age)]</label2>
                                <onclick>noop</onclick>
                                <visible>!String.IsEmpty(Window.Property(Age))</visible>
                            </item>
                            <item>
                                <label>$ADDON[script.extendedinfo 32013]:</label>
                                <label2>$INFO[Window.Property(Deathday)]$INFO[Window.Property(DeathageLong), (,)]</label2>
                                <onclick>noop</onclick>
                                <visible>!String.IsEmpty(Window.Property(Deathday))</visible>
                            </item>
                            <item>
                                <label>$ADDON[script.extendedinfo 32014]:</label>
                                <label2>$INFO[Window.Property(PlaceOfBirth)]</label2>
                                <onclick>noop</onclick>
                                <visible>!String.IsEmpty(Window.Property(PlaceOfBirth))</visible>
                            </item>
                            <!--<item>-->
                            <!--<label>$ADDON[script.extendedinfo 32015]:</label>-->
                            <!--<label2>$INFO[Window.Property(Adult)]</label2>-->
                            <!--<onclick>noop</onclick>-->
                            <!--<visible>Window.Property(Adult)</visible>-->
                            <!--</item>-->
                            <item>
                                <label>$ADDON[script.extendedinfo 32016]:</label>
                                <label2>$INFO[Window.Property(AlsoKnownAs)]</label2>
                                <onclick>noop</onclick>
                                <visible>!String.IsEmpty(Window.Property(AlsoKnownAs))</visible>
                            </item>
                            <item>
                                <label>$ADDON[script.extendedinfo 32017]:</label>
                                <label2>$INFO[Window.Property(Homepage)]</label2>
                                <onclick>RunScript(script.extendedinfo,homepage=$INFO[Window.Property(Homepage)])</onclick>
                                <visible>!String.IsEmpty(Window.Property(Homepage))</visible>
                            </item>
                        </content>
                    </control>
                    <control type="scrollbar" id="649">
                        <posx>1886</posx>
                        <posy>318</posy>
                        <height>312</height>
                        <include>VerticalScroller</include>
                        <onleft>49</onleft>
                        <onright>649</onright>
                    </control>
                    <control type="image">
                        <posx>475</posx>
                        <posy>645</posy>
                        <width>1420</width>
                        <height>1</height>
                        <texture border="150,0,150,0">$VAR[Theme.Color]/list/bg_facade_separator.png</texture>
                    </control>
                    <control type="textbox" id="800">
                        <posx>560</posx>
                        <posy>670</posy>
                        <width>1300</width>
                        <height>292</height>
                        <font>InfoDetailsFont</font>
                        <label fallback="416">$INFO[Window.Property(Biography)]</label>
                        <pagecontrol>6649</pagecontrol>
                    </control>
                    <control type="scrollbar" id="6649">
                        <visible>Skin.HasSetting(ManualScroll)</visible>
                        <posx>1886</posx>
                        <posy>670</posy>
                        <height>292</height>
                        <include>VerticalScroller</include>
                        <onleft>49</onleft>
                        <onright>6649</onright>
                    </control>
                </control>
                <!--Movie actor roles-->
                <control type="group" id="1500">
                    <visible>control.hasfocus(105)|ControlGroup(1500).HasFocus</visible>
                    <visible>Integer.IsGreater(Container(150).NumItems,0)</visible>
                    <include>VisibleFadeEffectDelay</include>
                    <control type="label">
                        <posx>TextMargin</posx>
                        <posy>270</posy>
                        <width>1800</width>
                        <height>35</height>
                        <align>center</align>
                        <font>InfoTitleSubFont</font>
                        <include>TextColor_MainColor</include>
                        <label>$INFO[Container(150).NumItems] $LOCALIZE[31025]</label>
                    </control>
                    <control type="image">
                        <visible>String.IsEmpty(Container(150).Listitem.Thumb)</visible>
                        <posx>TextMargin</posx>
                        <posy>348</posy>
                        <width>424</width>
                        <height>615</height>
                        <texture>$VAR[Theme.Color]/defaultVideoBig.png</texture>
                        <aspectratio aligny="top">keep</aspectratio>
                    </control>
                    <control type="image">
                        <posx>25</posx>
                        <posy>313</posy>
                        <width>494</width>
                        <height>685</height>
                        <texture background="true">$INFO[Container(150).Listitem.Thumb]</texture>
                        <include>ThumbBorder</include>
                        <aspectratio aligny="top">keep</aspectratio>
                    </control>
                    <control type="button">
                        <description>dummy for mouse navigation</description>
                        <posx>0</posx>
                        <posy>313</posy>
                        <width>1920</width>
                        <height>685</height>
                        <onclick>noop</onclick>
                        <onleft>9012</onleft>
                        <onright>50</onright>
                        <texturenofocus>-</texturenofocus>
                        <texturefocus>-</texturefocus>
                    </control>
                    <control type="panel" id="150">
                        <description>movies list</description>
                        <posx>500</posx>
                        <posy>318</posy>
                        <width>1420</width>
                        <height>675</height>
                        <onleft>9000</onleft>
                        <onright>6150</onright>
                        <onup>150</onup>
                        <ondown>150</ondown>
                        <pagecontrol>6150</pagecontrol>
                        <itemlayout height="135" width="1420">
                            <control type="label">
                                <visible>String.IsEqual(ListItem.Property(Character),)</visible>
                                <posx>TextMargin</posx>
                                <posy>0</posy>
                                <height>135</height>
                                <width>1300</width>
                                <font>FacadeListMainFont</font>
                                <include>TextColor_AlternateColor</include>
                                <label>$INFO[ListItem.Label]$INFO[ListItem.Year, (,)]</label>
                            </control>
                            <control type="label">
                                <visible>!String.IsEqual(ListItem.Property(Character),)</visible>
                                <posx>TextMargin</posx>
                                <posy>27</posy>
                                <aligny>top</aligny>
                                <width>1300</width>
                                <font>FacadeListMainFont</font>
                                <include>TextColor_AlternateColor</include>
                                <label>$INFO[ListItem.Label]$INFO[ListItem.Year, (,)]</label>
                            </control>
                            <control type="label">
                                <posx>TextMargin</posx>
                                <posy>73</posy>
                                <aligny>top</aligny>
                                <width>1300</width>
                                <font>FacadeListSubFont</font>
                                <include>TextColor_AlternateColor</include>
                                <label>$INFO[ListItem.Property(Character),$LOCALIZE[20347] ]</label>
                            </control>
                            <control type="image">
                                <posx>58r</posx>
                                <posy>0</posy>
                                <width>30</width>
                                <height>132</height>
                                <texture>$VAR[Theme.Color]/OverlayWatched.png</texture>
                                <aspectratio aligny="center">keep</aspectratio>
                                <visible>!String.IsEmpty(ListItem.Property(DBID))</visible>
                            </control>
                        </itemlayout>
                        <focusedlayout height="135" width="1420">
                            <control type="group">
                                <include>ButtonWideFocusAnimation</include>
                                <control type="image">
                                    <posx>0</posx>
                                    <posy>0</posy>
                                    <height>135</height>
                                    <width>1420</width>
                                    <colordiffuse>$VAR[Picked.Theme.Color]</colordiffuse>
                                    <texture border="1">$VAR[Theme.Color]/list/bg_facade_focus.png</texture>
                                </control>
                                <control type="label">
                                    <visible>String.IsEqual(ListItem.Property(Character),)</visible>
                                    <posx>TextMargin</posx>
                                    <posy>0</posy>
                                    <height>135</height>
                                    <width>1300</width>
                                    <font>FacadeListMainFont</font>
                                    <include>TextColor_MainColor</include>
                                    <label>$INFO[ListItem.Label]$INFO[ListItem.Year, (,)]</label>
                                </control>
                                <control type="label">
                                    <visible>!String.IsEqual(ListItem.Property(Character),)</visible>
                                    <posx>TextMargin</posx>
                                    <posy>27</posy>
                                    <aligny>top</aligny>
                                    <width>1300</width>
                                    <font>FacadeListMainFont</font>
                                    <include>TextColor_MainColor</include>
                                    <label>$INFO[ListItem.Label]$INFO[ListItem.Year, (,)]</label>
                                </control>
                                <control type="label">
                                    <posx>TextMargin</posx>
                                    <posy>73</posy>
                                    <aligny>top</aligny>
                                    <width>1300</width>
                                    <font>FacadeListSubFont</font>
                                    <include>TextColor_MainColor</include>
                                    <label>$INFO[ListItem.Property(Character),$LOCALIZE[20347] ]</label>
                                </control>
                                <control type="image">
                                    <posx>58r</posx>
                                    <posy>0</posy>
                                    <width>30</width>
                                    <height>132</height>
                                    <aspectratio aligny="center">keep</aspectratio>
                                    <texture>$VAR[Theme.Color]/OverlayWatched.png</texture>
                                    <visible>!String.IsEmpty(ListItem.Property(DBID))</visible>
                                </control>
                            </control>
                        </focusedlayout>
                    </control>
                    <control type="scrollbar" id="6150">
                        <posx>1886</posx>
                        <posy>318</posy>
                        <height>675</height>
                        <include>VerticalScroller</include>
                        <onleft>150</onleft>
                        <onright>9000</onright>
                    </control>
                </control>
                <!--TV Show actor roles-->
                <control type="group" id="2500">
                    <visible>control.hasfocus(205)|ControlGroup(2500).HasFocus</visible>
                    <visible>Integer.IsGreater(Container(250).NumItems,0)</visible>
                    <include>VisibleFadeEffectDelay</include>
                    <control type="label">
                        <posx>TextMargin</posx>
                        <posy>270</posy>
                        <width>1800</width>
                        <height>35</height>
                        <align>center</align>
                        <font>InfoTitleSubFont</font>
                        <include>TextColor_MainColor</include>
                        <label>$INFO[Container(250).NumItems] $LOCALIZE[31025]</label>
                    </control>
                    <control type="image">
                        <visible>String.IsEmpty(Container(250).Listitem.Thumb)</visible>
                        <posx>TextMargin</posx>
                        <posy>348</posy>
                        <width>424</width>
                        <height>615</height>
                        <texture>$VAR[Theme.Color]/defaultVideoBig.png</texture>
                        <aspectratio aligny="top">keep</aspectratio>
                    </control>
                    <control type="image">
                        <posx>25</posx>
                        <posy>313</posy>
                        <width>494</width>
                        <height>685</height>
                        <texture background="true">$INFO[Container(250).Listitem.Thumb]</texture>
                        <include>ThumbBorder</include>
                        <aspectratio aligny="top">keep</aspectratio>
                    </control>
                    <control type="button">
                        <description>dummy for mouse navigation</description>
                        <posx>0</posx>
                        <posy>313</posy>
                        <width>1920</width>
                        <height>685</height>
                        <onclick>noop</onclick>
                        <onleft>9012</onleft>
                        <onright>50</onright>
                        <texturenofocus>-</texturenofocus>
                        <texturefocus>-</texturefocus>
                    </control>
                    <control type="panel" id="250">
                        <description>movies list</description>
                        <posx>500</posx>
                        <posy>318</posy>
                        <width>1420</width>
                        <height>685</height>
                        <onleft>9000</onleft>
                        <onright>6250</onright>
                        <onup>250</onup>
                        <ondown>250</ondown>
                        <pagecontrol>6250</pagecontrol>
                        <itemlayout height="135" width="1420">
                            <control type="label">
                                <visible>String.IsEqual(ListItem.Property(Character),)</visible>
                                <posx>TextMargin</posx>
                                <posy>0</posy>
                                <height>135</height>
                                <width>1300</width>
                                <font>FacadeListMainFont</font>
                                <include>TextColor_AlternateColor</include>
                                <label>$INFO[ListItem.Label]$INFO[ListItem.Year, (,)]</label>
                            </control>
                            <control type="label">
                                <visible>!String.IsEqual(ListItem.Property(Character),)</visible>
                                <posx>TextMargin</posx>
                                <posy>27</posy>
                                <aligny>top</aligny>
                                <width>1300</width>
                                <font>FacadeListMainFont</font>
                                <include>TextColor_AlternateColor</include>
                                <label>$INFO[ListItem.Label]$INFO[ListItem.Year, (,)]</label>
                            </control>
                            <control type="label">
                                <posx>TextMargin</posx>
                                <posy>73</posy>
                                <aligny>top</aligny>
                                <width>1300</width>
                                <font>FacadeListSubFont</font>
                                <include>TextColor_AlternateColor</include>
                                <label>$INFO[ListItem.Property(Character),$LOCALIZE[20347] ]</label>
                            </control>
                            <control type="image">
                                <posx>58r</posx>
                                <posy>0</posy>
                                <width>30</width>
                                <height>132</height>
                                <texture>$VAR[Theme.Color]/OverlayWatched.png</texture>
                                <aspectratio aligny="center">keep</aspectratio>
                                <visible>!String.IsEmpty(ListItem.Property(DBID))</visible>
                            </control>
                        </itemlayout>
                        <focusedlayout height="135" width="1420">
                            <control type="group">
                                <include>ButtonWideFocusAnimation</include>
                                <control type="image">
                                    <posx>0</posx>
                                    <posy>0</posy>
                                    <height>135</height>
                                    <width>1420</width>
                                    <colordiffuse>$VAR[Picked.Theme.Color]</colordiffuse>
                                    <texture border="1">$VAR[Theme.Color]/list/bg_facade_focus.png</texture>
                                </control>
                                <control type="label">
                                    <visible>String.IsEqual(ListItem.Property(Character),)</visible>
                                    <posx>TextMargin</posx>
                                    <posy>0</posy>
                                    <height>135</height>
                                    <width>1300</width>
                                    <font>FacadeListMainFont</font>
                                    <include>TextColor_MainColor</include>
                                    <label>$INFO[ListItem.Label]$INFO[ListItem.Year, (,)]</label>
                                </control>
                                <control type="label">
                                    <visible>!String.IsEqual(ListItem.Property(Character),)</visible>
                                    <posx>TextMargin</posx>
                                    <posy>27</posy>
                                    <aligny>top</aligny>
                                    <width>1300</width>
                                    <font>FacadeListMainFont</font>
                                    <include>TextColor_MainColor</include>
                                    <label>$INFO[ListItem.Label]$INFO[ListItem.Year, (,)]</label>
                                </control>
                                <control type="label">
                                    <posx>TextMargin</posx>
                                    <posy>73</posy>
                                    <aligny>top</aligny>
                                    <width>1300</width>
                                    <font>FacadeListSubFont</font>
                                    <include>TextColor_MainColor</include>
                                    <label>$INFO[ListItem.Property(Character),$LOCALIZE[20347] ]</label>
                                </control>
                                <control type="image">
                                    <posx>58r</posx>
                                    <posy>0</posy>
                                    <width>30</width>
                                    <height>132</height>
                                    <aspectratio aligny="center">keep</aspectratio>
                                    <texture>$VAR[Theme.Color]/OverlayWatched.png</texture>
                                    <visible>!String.IsEmpty(ListItem.Property(DBID))</visible>
                                </control>
                            </control>
                        </focusedlayout>
                    </control>
                    <control type="scrollbar" id="6250">
                        <posx>1886</posx>
                        <posy>318</posy>
                        <height>685</height>
                        <include>VerticalScroller</include>
                        <onleft>250</onleft>
                        <onright>9000</onright>
                    </control>
                </control>
                <!--Movie crew member-->
                <control type="group" id="5500">
                    <visible>control.hasfocus(505)|ControlGroup(5500).HasFocus</visible>
                    <visible>Integer.IsGreater(Container(550).NumItems,0)</visible>
                    <include>VisibleFadeEffectDelay</include>
                    <control type="label">
                        <posx>TextMargin</posx>
                        <posy>270</posy>
                        <width>1800</width>
                        <height>35</height>
                        <align>center</align>
                        <font>InfoTitleSubFont</font>
                        <include>TextColor_MainColor</include>
                        <label>$INFO[Container(550).NumItems] $LOCALIZE[31025]</label>
                    </control>
                    <control type="image">
                        <visible>String.IsEmpty(Container(550).Listitem.Thumb)</visible>
                        <posx>TextMargin</posx>
                        <posy>348</posy>
                        <width>424</width>
                        <height>615</height>
                        <texture>$VAR[Theme.Color]/defaultVideoBig.png</texture>
                        <aspectratio aligny="top">keep</aspectratio>
                    </control>
                    <control type="image">
                        <posx>25</posx>
                        <posy>313</posy>
                        <width>494</width>
                        <height>685</height>
                        <texture background="true">$INFO[Container(550).Listitem.Thumb]</texture>
                        <include>ThumbBorder</include>
                        <aspectratio aligny="top">keep</aspectratio>
                    </control>
                    <control type="button">
                        <description>dummy for mouse navigation</description>
                        <posx>0</posx>
                        <posy>313</posy>
                        <width>1920</width>
                        <height>685</height>
                        <onclick>noop</onclick>
                        <onleft>9012</onleft>
                        <onright>50</onright>
                        <texturenofocus>-</texturenofocus>
                        <texturefocus>-</texturefocus>
                    </control>
                    <control type="panel" id="550">
                        <description>movies list</description>
                        <posx>500</posx>
                        <posy>318</posy>
                        <width>1420</width>
                        <height>685</height>
                        <onleft>9000</onleft>
                        <onright>6550</onright>
                        <onup>550</onup>
                        <ondown>550</ondown>
                        <pagecontrol>6550</pagecontrol>
                        <itemlayout height="135" width="1420">
                            <control type="label">
                                <visible>String.IsEqual(ListItem.Property(Job),)</visible>
                                <posx>TextMargin</posx>
                                <posy>0</posy>
                                <height>135</height>
                                <width>1300</width>
                                <font>FacadeListMainFont</font>
                                <include>TextColor_AlternateColor</include>
                                <label>$INFO[ListItem.Label]$INFO[ListItem.Year, (,)]</label>
                            </control>
                            <control type="label">
                                <visible>!String.IsEqual(ListItem.Property(Job),)</visible>
                                <posx>TextMargin</posx>
                                <posy>27</posy>
                                <aligny>top</aligny>
                                <width>1300</width>
                                <font>FacadeListMainFont</font>
                                <include>TextColor_AlternateColor</include>
                                <label>$INFO[ListItem.Label]$INFO[ListItem.Year, (,)]</label>
                            </control>
                            <control type="label">
                                <posx>TextMargin</posx>
                                <posy>73</posy>
                                <aligny>top</aligny>
                                <width>1300</width>
                                <font>FacadeListSubFont</font>
                                <include>TextColor_AlternateColor</include>
                                <label>$INFO[ListItem.Property(Job)]</label>
                            </control>
                            <control type="image">
                                <posx>58r</posx>
                                <posy>0</posy>
                                <width>30</width>
                                <height>132</height>
                                <texture>$VAR[Theme.Color]/OverlayWatched.png</texture>
                                <aspectratio aligny="center">keep</aspectratio>
                                <visible>!String.IsEmpty(ListItem.Property(DBID))</visible>
                            </control>
                        </itemlayout>
                        <focusedlayout height="135" width="1420">
                            <control type="group">
                                <include>ButtonWideFocusAnimation</include>
                                <control type="image">
                                    <posx>0</posx>
                                    <posy>0</posy>
                                    <height>135</height>
                                    <width>1420</width>
                                    <colordiffuse>$VAR[Picked.Theme.Color]</colordiffuse>
                                    <texture border="1">$VAR[Theme.Color]/list/bg_facade_focus.png</texture>
                                </control>
                                <control type="label">
                                    <visible>String.IsEqual(ListItem.Property(Job),)</visible>
                                    <posx>TextMargin</posx>
                                    <posy>0</posy>
                                    <height>135</height>
                                    <width>1300</width>
                                    <font>FacadeListMainFont</font>
                                    <include>TextColor_MainColor</include>
                                    <label>$INFO[ListItem.Label]$INFO[ListItem.Year, (,)]</label>
                                </control>
                                <control type="label">
                                    <visible>!String.IsEqual(ListItem.Property(Job),)</visible>
                                    <posx>TextMargin</posx>
                                    <posy>27</posy>
                                    <aligny>top</aligny>
                                    <width>1300</width>
                                    <font>FacadeListMainFont</font>
                                    <include>TextColor_MainColor</include>
                                    <label>$INFO[ListItem.Label]$INFO[ListItem.Year, (,)]</label>
                                </control>
                                <control type="label">
                                    <posx>TextMargin</posx>
                                    <posy>73</posy>
                                    <aligny>top</aligny>
                                    <width>1300</width>
                                    <font>FacadeListSubFont</font>
                                    <include>TextColor_MainColor</include>
                                    <label>$INFO[ListItem.Property(Job)]</label>
                                </control>
                                <control type="image">
                                    <posx>58r</posx>
                                    <posy>0</posy>
                                    <width>30</width>
                                    <height>132</height>
                                    <aspectratio aligny="center">keep</aspectratio>
                                    <texture>$VAR[Theme.Color]/OverlayWatched.png</texture>
                                    <visible>!String.IsEmpty(ListItem.Property(DBID))</visible>
                                </control>
                            </control>
                        </focusedlayout>
                    </control>
                    <control type="scrollbar" id="6550">
                        <posx>1886</posx>
                        <posy>318</posy>
                        <height>685</height>
                        <include>VerticalScroller</include>
                        <onleft>550</onleft>
                        <onright>9000</onright>
                    </control>
                </control>
                <!--TVShow crew member-->
                <control type="group" id="6500">
                    <visible>control.hasfocus(605)|ControlGroup(6500).HasFocus</visible>
                    <visible>Integer.IsGreater(Container(650).NumItems,0)</visible>
                    <include>VisibleFadeEffectDelay</include>
                    <control type="label">
                        <posx>TextMargin</posx>
                        <posy>270</posy>
                        <width>1800</width>
                        <height>35</height>
                        <align>center</align>
                        <font>InfoTitleSubFont</font>
                        <include>TextColor_MainColor</include>
                        <label>$INFO[Container(650).NumItems] $LOCALIZE[31025]</label>
                    </control>
                    <control type="image">
                        <visible>String.IsEmpty(Container(650).Listitem.Thumb)</visible>
                        <posx>TextMargin</posx>
                        <posy>348</posy>
                        <width>424</width>
                        <height>615</height>
                        <texture>$VAR[Theme.Color]/defaultVideoBig.png</texture>
                        <aspectratio aligny="top">keep</aspectratio>
                    </control>
                    <control type="image">
                        <posx>25</posx>
                        <posy>313</posy>
                        <width>494</width>
                        <height>685</height>
                        <texture background="true">$INFO[Container(650).Listitem.Thumb]</texture>
                        <include>ThumbBorder</include>
                        <aspectratio aligny="top">keep</aspectratio>
                    </control>
                    <control type="button">
                        <description>dummy for mouse navigation</description>
                        <posx>0</posx>
                        <posy>313</posy>
                        <width>1920</width>
                        <height>685</height>
                        <onclick>noop</onclick>
                        <onleft>9012</onleft>
                        <onright>50</onright>
                        <texturenofocus>-</texturenofocus>
                        <texturefocus>-</texturefocus>
                    </control>
                    <control type="panel" id="650">
                        <description>movies list</description>
                        <posx>500</posx>
                        <posy>318</posy>
                        <width>1420</width>
                        <height>685</height>
                        <onleft>9000</onleft>
                        <onright>6650</onright>
                        <onup>650</onup>
                        <ondown>650</ondown>
                        <pagecontrol>6650</pagecontrol>
                        <itemlayout height="135" width="1420">
                            <control type="label">
                                <visible>String.IsEqual(ListItem.Property(Job),)</visible>
                                <posx>TextMargin</posx>
                                <posy>0</posy>
                                <height>135</height>
                                <width>1300</width>
                                <font>FacadeListMainFont</font>
                                <include>TextColor_AlternateColor</include>
                                <label>$INFO[ListItem.Label]$INFO[ListItem.Year, (,)]</label>
                            </control>
                            <control type="label">
                                <visible>!String.IsEqual(ListItem.Property(Job),)</visible>
                                <posx>TextMargin</posx>
                                <posy>27</posy>
                                <aligny>top</aligny>
                                <width>1300</width>
                                <font>FacadeListMainFont</font>
                                <include>TextColor_AlternateColor</include>
                                <label>$INFO[ListItem.Label]$INFO[ListItem.Year, (,)]</label>
                            </control>
                            <control type="label">
                                <posx>TextMargin</posx>
                                <posy>73</posy>
                                <aligny>top</aligny>
                                <width>1300</width>
                                <font>FacadeListSubFont</font>
                                <include>TextColor_AlternateColor</include>
                                <label>$INFO[ListItem.Property(Job)]</label>
                            </control>
                            <control type="image">
                                <posx>58r</posx>
                                <posy>0</posy>
                                <width>30</width>
                                <height>132</height>
                                <texture>$VAR[Theme.Color]/OverlayWatched.png</texture>
                                <aspectratio aligny="center">keep</aspectratio>
                                <visible>!String.IsEmpty(ListItem.Property(DBID))</visible>
                            </control>
                        </itemlayout>
                        <focusedlayout height="135" width="1420">
                            <control type="group">
                                <include>ButtonWideFocusAnimation</include>
                                <control type="image">
                                    <posx>0</posx>
                                    <posy>0</posy>
                                    <height>135</height>
                                    <width>1420</width>
                                    <colordiffuse>$VAR[Picked.Theme.Color]</colordiffuse>
                                    <texture border="1">$VAR[Theme.Color]/list/bg_facade_focus.png</texture>
                                </control>
                                <control type="label">
                                    <visible>String.IsEqual(ListItem.Property(Job),)</visible>
                                    <posx>TextMargin</posx>
                                    <posy>0</posy>
                                    <height>135</height>
                                    <width>1300</width>
                                    <font>FacadeListMainFont</font>
                                    <include>TextColor_MainColor</include>
                                    <label>$INFO[ListItem.Label]$INFO[ListItem.Year, (,)]</label>
                                </control>
                                <control type="label">
                                    <visible>!String.IsEqual(ListItem.Property(Job),)</visible>
                                    <posx>TextMargin</posx>
                                    <posy>27</posy>
                                    <aligny>top</aligny>
                                    <width>1300</width>
                                    <font>FacadeListMainFont</font>
                                    <include>TextColor_MainColor</include>
                                    <label>$INFO[ListItem.Label]$INFO[ListItem.Year, (,)]</label>
                                </control>
                                <control type="label">
                                    <posx>TextMargin</posx>
                                    <posy>73</posy>
                                    <aligny>top</aligny>
                                    <width>1300</width>
                                    <font>FacadeListSubFont</font>
                                    <include>TextColor_MainColor</include>
                                    <label>$INFO[ListItem.Property(Job)]</label>
                                </control>
                                <control type="image">
                                    <posx>58r</posx>
                                    <posy>0</posy>
                                    <width>30</width>
                                    <height>132</height>
                                    <aspectratio aligny="center">keep</aspectratio>
                                    <texture>$VAR[Theme.Color]/OverlayWatched.png</texture>
                                    <visible>!String.IsEmpty(ListItem.Property(DBID))</visible>
                                </control>
                            </control>
                        </focusedlayout>
                    </control>
                    <control type="scrollbar" id="6650">
                        <posx>1886</posx>
                        <posy>318</posy>
                        <height>685</height>
                        <include>VerticalScroller</include>
                        <onleft>650</onleft>
                        <onright>9000</onright>
                    </control>
                </control>
                <!--Youtube-->
                <control type="group" id="3500">
                    <visible>control.hasfocus(305)|ControlGroup(3500).HasFocus</visible>
                    <visible>Integer.IsGreater(Container(350).NumItems,0)</visible>
                    <include>VisibleFadeEffectDelay</include>
                    <control type="label">
                        <posx>TextMargin</posx>
                        <posy>270</posy>
                        <width>1800</width>
                        <height>35</height>
                        <align>center</align>
                        <font>InfoTitleSubFont</font>
                        <include>TextColor_MainColor</include>
                        <label>$INFO[Container(350).NumItems] $LOCALIZE[31025]</label>
                    </control>
                    <control type="image">
                        <visible>String.IsEmpty(Container(350).Listitem.Thumb)</visible>
                        <posx>TextMargin</posx>
                        <posy>348</posy>
                        <width>424</width>
                        <height>615</height>
                        <texture>$VAR[Theme.Color]/defaultVideoBig.png</texture>
                        <aspectratio aligny="top">keep</aspectratio>
                    </control>
                    <control type="image">
                        <posx>25</posx>
                        <posy>313</posy>
                        <width>494</width>
                        <height>685</height>
                        <texture background="true">$INFO[Container(350).Listitem.Thumb]</texture>
                        <include>ThumbBorder</include>
                        <aspectratio aligny="top">keep</aspectratio>
                    </control>
                    <control type="button">
                        <description>dummy for mouse navigation</description>
                        <posx>0</posx>
                        <posy>313</posy>
                        <width>1920</width>
                        <height>685</height>
                        <onclick>noop</onclick>
                        <onleft>9012</onleft>
                        <onright>50</onright>
                        <texturenofocus>-</texturenofocus>
                        <texturefocus>-</texturefocus>
                    </control>
                    <control type="panel" id="350">
                        <description>movies list</description>
                        <posx>500</posx>
                        <posy>318</posy>
                        <width>1420</width>
                        <height>624</height>
                        <onleft>9000</onleft>
                        <onright>6350</onright>
                        <onup>350</onup>
                        <ondown>350</ondown>
                        <pagecontrol>6350</pagecontrol>
                        <itemlayout height="78" width="1420">
                            <control type="label">
                                <posx>TextMargin</posx>
                                <posy>0</posy>
                                <height>78</height>
                                <width>1300</width>
                                <font>FacadeListMainFont</font>
                                <include>TextColor_AlternateColor</include>
                                <label>$INFO[ListItem.Label]</label>
                            </control>
                        </itemlayout>
                        <focusedlayout height="78" width="1420">
                            <control type="group">
                                <include>ButtonWideFocusAnimation</include>
                                <control type="image">
                                    <posx>0</posx>
                                    <posy>0</posy>
                                    <height>78</height>
                                    <width>1420</width>
                                    <colordiffuse>$VAR[Picked.Theme.Color]</colordiffuse>
                                    <texture border="1">$VAR[Theme.Color]/list/bg_facade_focus.png</texture>
                                </control>
                                <control type="label">
                                    <posx>TextMargin</posx>
                                    <posy>0</posy>
                                    <height>78</height>
                                    <width>1300</width>
                                    <font>FacadeListMainFont</font>
                                    <include>TextColor_MainColor</include>
                                    <label>$INFO[ListItem.Label]</label>
                                </control>
                            </control>
                        </focusedlayout>
                    </control>
                    <control type="scrollbar" id="6350">
                        <posx>1886</posx>
                        <posy>318</posy>
                        <height>624</height>
                        <include>VerticalScroller</include>
                        <onleft>350</onleft>
                        <onright>9000</onright>
                    </control>
                </control>
                <!--PICTURES-->
                <control type="group" id="4500">
                    <visible>control.hasfocus(405)|ControlGroup(4500).HasFocus</visible>
                    <visible>Integer.IsGreater(Container(450).NumItems,0)</visible>
                    <include>VisibleFadeEffectDelay</include>
                    <control type="label">
                        <posx>TextMargin</posx>
                        <posy>270</posy>
                        <width>1800</width>
                        <height>35</height>
                        <align>center</align>
                        <font>InfoTitleSubFont</font>
                        <include>TextColor_MainColor</include>
                        <label>$INFO[Container(450).NumItems] $LOCALIZE[31025]</label>
                    </control>
                    <control type="fixedlist" id="450">
                        <include>UnderFade</include>
                        <posx>0</posx>
                        <posy>337</posy>
                        <width>1920</width>
                        <height>723</height>
                        <onleft>9000</onleft>
                        <onright>250</onright>
                        <onup>9000</onup>
                        <ondown>250</ondown>
                        <orientation>horizontal</orientation>
                        <focusposition>0</focusposition>
                        <movement>0</movement>
                        <preloaditems>4</preloaditems>
                        <itemlayout height="425" width="275">
                            <control type="image">
                                <include>ConditionWhite</include>
                                <posx>-25</posx>
                                <posy>120</posy>
                                <width>295</width>
                                <height>396</height>
                                <texture background="true" fallback="white/defaultArtistBig.png">$INFO[ListItem.Thumb]</texture>
                                <include>ThumbBorder</include>
                            </control>
                            <control type="image">
                                <include>ConditionBlack</include>
                                <posx>-25</posx>
                                <posy>120</posy>
                                <width>295</width>
                                <height>396</height>
                                <texture background="true" fallback="black/defaultArtistBig.png">$INFO[ListItem.Thumb]</texture>
                                <include>ThumbBorder</include>
                            </control>
                        </itemlayout>
                        <focusedlayout height="425" width="550">
                            <control type="image">
                                <posx>40</posx>
                                <posy>120</posy>
                                <width>464</width>
                                <height>396</height>
                                <aspectratio>keep</aspectratio>
                                <texture>$INFO[ListItem.Thumb]</texture>
                                <include>ThumbBorder</include>
                            </control>
                        </focusedlayout>
                    </control>
                    <control type="image">
                        <include>UpperFade</include>
                        <include>ConditionWhite</include>
                        <posx>25</posx>
                        <posy>313</posy>
                        <width>494</width>
                        <height>685</height>
                        <texture background="true" fallback="white/defaultArtistBig.png">$INFO[Container(450).ListItem.Thumb]</texture>
                        <include>ThumbBorder</include>
                        <aspectratio>keep</aspectratio>
                    </control>
                    <control type="image">
                        <include>UpperFade</include>
                        <include>ConditionBlack</include>
                        <posx>25</posx>
                        <posy>313</posy>
                        <width>494</width>
                        <height>685</height>
                        <texture background="true" fallback="black/defaultArtistBig.png">$INFO[Container(450).ListItem.Thumb]</texture>
                        <include>ThumbBorder</include>
                        <aspectratio>keep</aspectratio>
                    </control>
                    <control type="button">
                        <posx>TextMargin</posx>
                        <posy>313</posy>
                        <width>870</width>
                        <height>685</height>
                        <texturefocus>-</texturefocus>
                        <texturenofocus>-</texturenofocus>
                        <onclick>Control.Move(450,-1)</onclick>
                    </control>
                    <control type="button">
                        <posx>930</posx>
                        <posy>313</posy>
                        <width>930</width>
                        <height>685</height>
                        <texturefocus>-</texturefocus>
                        <texturenofocus>-</texturenofocus>
                        <onclick>Control.Move(450,1)</onclick>
                    </control>
                </control>
                <!--FANART-->
                <control type="group" id="7500">
                    <visible>control.hasfocus(705)|ControlGroup(7500).HasFocus</visible>
                    <visible>Integer.IsGreater(Container(750).NumItems,0)</visible>
                    <include>VisibleFadeEffectDelay</include>
                    <control type="label">
                        <posx>TextMargin</posx>
                        <posy>270</posy>
                        <width>1800</width>
                        <height>35</height>
                        <align>center</align>
                        <font>InfoTitleSubFont</font>
                        <include>TextColor_MainColor</include>
                        <label>$INFO[Container(750).NumItems] $LOCALIZE[31025]</label>
                    </control>
                    <control type="fixedlist" id="750">
                        <include>UnderFade</include>
                        <posx>0</posx>
                        <posy>337</posy>
                        <width>1920</width>
                        <height>723</height>
                        <onleft>9000</onleft>
                        <onright>750</onright>
                        <onup>9000</onup>
                        <ondown>750</ondown>
                        <orientation>horizontal</orientation>
                        <focusposition>0</focusposition>
                        <movement>0</movement>
                        <preloaditems>4</preloaditems>
                        <itemlayout height="425" width="350">
                            <control type="image">
                                <include>ConditionWhite</include>
                                <posx>-10</posx>
                                <posy>199</posy>
                                <width>370</width>
                                <height>238</height>
                                <texture background="true" fallback="white/defaultArtistBig.png">$INFO[ListItem.Thumb]</texture>
                                <include>ThumbBorder</include>
                            </control>
                            <control type="image">
                                <include>ConditionBlack</include>
                                <posx>-10</posx>
                                <posy>199</posy>
                                <width>370</width>
                                <height>238</height>
                                <texture background="true" fallback="black/defaultArtistBig.png">$INFO[ListItem.Thumb]</texture>
                                <include>ThumbBorder</include>
                            </control>
                        </itemlayout>
                        <focusedlayout height="425" width="1219">
                            <control type="image">
                                <posx>40</posx>
                                <posy>199</posy>
                                <width>1133</width>
                                <height>238</height>
                                <aspectratio>scale</aspectratio>
                                <texture>$INFO[ListItem.Thumb]</texture>
                                <include>ThumbBorder</include>
                            </control>
                        </focusedlayout>
                    </control>
                    <control type="image">
                        <include>UpperFade</include>
                        <include>ConditionWhite</include>
                        <posx>25</posx>
                        <posy>313</posy>
                        <width>1163</width>
                        <height>685</height>
                        <texture background="true" fallback="white/defaultPictureBig.png">$INFO[Container(750).ListItem.Thumb]</texture>
                        <include>ThumbBorder</include>
                        <aspectratio>keep</aspectratio>
                    </control>
                    <control type="image">
                        <include>UpperFade</include>
                        <include>ConditionBlack</include>
                        <posx>25</posx>
                        <posy>313</posy>
                        <width>1163</width>
                        <height>685</height>
                        <texture background="true" fallback="black/defaultPictureBig.png">$INFO[Container(750).ListItem.Thumb]</texture>
                        <include>ThumbBorder</include>
                        <aspectratio>keep</aspectratio>
                    </control>
                    <control type="button">
                        <posx>TextMargin</posx>
                        <posy>313</posy>
                        <width>870</width>
                        <height>685</height>
                        <texturefocus>-</texturefocus>
                        <texturenofocus>-</texturenofocus>
                        <onclick>Control.Move(750,-1)</onclick>
                    </control>
                    <control type="button">
                        <posx>930</posx>
                        <posy>313</posy>
                        <width>930</width>
                        <height>685</height>
                        <texturefocus>-</texturefocus>
                        <texturenofocus>-</texturenofocus>
                        <onclick>Control.Move(750,1)</onclick>
                    </control>
                </control>
            </control>
            <!-- SIDE MENU -->
            <control type="group">
                <include>LeftMenu</include>
                <control type="grouplist" id="9000">
                    <include>LeftMenuButtonGroup</include>
                    <ondown>9000</ondown>
                    <onright>150</onright>
                    <onback>150</onback>
                    <control type="label" id="7965">
                        <include>LeftMenuTitleLabel</include>
                        <label>$LOCALIZE[33061]</label>
                    </control>
                    <control type="button" id="20">
                        <description>Biography</description>
                        <include>LeftMenuButton</include>
                        <label>21887</label>
                        <onright>49</onright>
                        <onclick>Control.SetFocus(49)</onclick>
                    </control>
                    <control type="button" id="105">
                        <visible>Integer.IsGreater(Container(150).NumItems,0)</visible>
                        <description>Movie actor roles</description>
                        <include>LeftMenuButton</include>
                        <label>342</label>
                        <onright>150</onright>
                        <onclick>Control.SetFocus(150)</onclick>
                    </control>
                    <control type="button" id="205">
                        <visible>Integer.IsGreater(Container(250).NumItems,0)</visible>
                        <description>TV Show actor roles</description>
                        <include>LeftMenuButton</include>
                        <label>20343</label>
                        <onright>250</onright>
                        <onclick>Control.SetFocus(250)</onclick>
                    </control>
                    <control type="button" id="505">
                        <visible>Integer.IsGreater(Container(550).NumItems,0)</visible>
                        <description>Movie crew member</description>
                        <include>LeftMenuButton</include>
                        <label>$ADDON[script.extendedinfo 32122]</label>
                        <onright>550</onright>
                        <onclick>Control.SetFocus(550)</onclick>
                    </control>
                    <control type="button" id="605">
                        <visible>Integer.IsGreater(Container(650).NumItems,0)</visible>
                        <description>TVShow crew member</description>
                        <include>LeftMenuButton</include>
                        <label>$ADDON[script.extendedinfo 32123]</label>
                        <onright>650</onright>
                        <onclick>Control.SetFocus(650)</onclick>
                    </control>
                    <control type="button" id="305">
                        <visible>Integer.IsGreater(Container(350).NumItems,0)</visible>
                        <description>Youtube</description>
                        <include>LeftMenuButton</include>
                        <label>$ADDON[script.extendedinfo 32118]</label>
                        <onright>350</onright>
                        <onclick>Control.SetFocus(350)</onclick>
                    </control>
                    <control type="button" id="405">
                        <visible>Integer.IsGreater(Container(450).NumItems,0)</visible>
                        <description>Artwork</description>
                        <include>LeftMenuButton</include>
                        <label>$ADDON[script.extendedinfo 32119]</label>
                        <onright>450</onright>
                        <onclick>Control.SetFocus(450)</onclick>
                    </control>
                    <control type="button" id="705">
                        <visible>Integer.IsGreater(Container(750).NumItems,0)</visible>
                        <description>Fanart</description>
                        <include>LeftMenuButton</include>
                        <label>20445</label>
                        <onright>750</onright>
                        <onclick>Control.SetFocus(750)</onclick>
                    </control>
                </control>
                <include>LeftMenuScroller</include>
            </control>
        </control>
    </controls>
</window>
