<?xml version="1.0" encoding="UTF-8"?>
<window>
    <defaultcontrol always="true">155</defaultcontrol>
    <animation effect="slide" time="0" start="0,0" end="0,3510">WindowOpen</animation>
    <animation effect="slide" time="0" start="0,0" end="0,3510">WindowClose</animation>
    <controls>
        <control type="group">
            <animation effect="slide" time="0" start="0,-3510" end="0,-3510" condition="Integer.IsGreater(Container(155).NumItems,0)">conditional</animation>
            <include>TopBar</include>
            <control type="group">
                <include>DialogOpenClose</include>
                <control type="group">
                    <animation effect="slide" time="0" start="0,0" end="0,318" condition="Integer.IsGreater(Container(155).NumItems,0)+!Integer.IsGreater(Container(155).NumItems,1)">conditional</animation>
                    <animation effect="slide" time="0" start="0,0" end="0,278" condition="Integer.IsGreater(Container(155).NumItems,1)+!Integer.IsGreater(Container(155).NumItems,2)">conditional</animation>
                    <animation effect="slide" time="0" start="0,0" end="0,239" condition="Integer.IsGreater(Container(155).NumItems,2)+!Integer.IsGreater(Container(155).NumItems,3)">conditional</animation>
                    <animation effect="slide" time="0" start="0,0" end="0,200" condition="Integer.IsGreater(Container(155).NumItems,3)+!Integer.IsGreater(Container(155).NumItems,4)">conditional</animation>
                    <animation effect="slide" time="0" start="0,0" end="0,161" condition="Integer.IsGreater(Container(155).NumItems,4)+!Integer.IsGreater(Container(155).NumItems,5)">conditional</animation>
                    <animation effect="slide" time="0" start="0,0" end="0,122" condition="Integer.IsGreater(Container(155).NumItems,5)+!Integer.IsGreater(Container(155).NumItems,6)">conditional</animation>
                    <animation effect="slide" time="0" start="0,0" end="0,83" condition="Integer.IsGreater(Container(155).NumItems,6)+!Integer.IsGreater(Container(155).NumItems,7)">conditional</animation>
                    <animation effect="slide" time="0" start="0,0" end="0,44" condition="Integer.IsGreater(Container(155).NumItems,7)+!Integer.IsGreater(Container(155).NumItems,8)">conditional</animation>
                    <animation effect="slide" time="0" start="0,0" end="0,44" condition="Integer.IsGreater(Container(155).NumItems,8)">conditional</animation>
                    <control type="image">
                        <visible>Integer.IsGreater(Container(155).NumItems,0)+!Integer.IsGreater(Container(155).NumItems,1)</visible>
                        <posx>-200</posx>
                        <posy>150</posy>
                        <width>2320</width>
                        <height>144</height>
                        <include>DialogTransparency</include>
                        <texture border="150,40,150,40">$VAR[Theme.Color]/common/bg_dialog.png</texture>
                    </control>
                    <control type="image">
                        <visible>Integer.IsGreater(Container(155).NumItems,1)+!Integer.IsGreater(Container(155).NumItems,2)</visible>
                        <posx>-200</posx>
                        <posy>150</posy>
                        <width>2320</width>
                        <height>222</height>
                        <include>DialogTransparency</include>
                        <texture border="150,40,150,40">$VAR[Theme.Color]/common/bg_dialog.png</texture>
                    </control>
                    <control type="image">
                        <visible>Integer.IsGreater(Container(155).NumItems,2)+!Integer.IsGreater(Container(155).NumItems,3)</visible>
                        <posx>-200</posx>
                        <posy>150</posy>
                        <width>2320</width>
                        <height>300</height>
                        <include>DialogTransparency</include>
                        <texture border="150,40,150,40">$VAR[Theme.Color]/common/bg_dialog.png</texture>
                    </control>
                    <control type="image">
                        <visible>Integer.IsGreater(Container(155).NumItems,3)+!Integer.IsGreater(Container(155).NumItems,4)</visible>
                        <posx>-200</posx>
                        <posy>150</posy>
                        <width>2320</width>
                        <height>378</height>
                        <include>DialogTransparency</include>
                        <texture border="150,40,150,40">$VAR[Theme.Color]/common/bg_dialog.png</texture>
                    </control>
                    <control type="image">
                        <visible>Integer.IsGreater(Container(155).NumItems,4)+!Integer.IsGreater(Container(155).NumItems,5)</visible>
                        <posx>-200</posx>
                        <posy>150</posy>
                        <width>2320</width>
                        <height>456</height>
                        <include>DialogTransparency</include>
                        <texture border="150,40,150,40">$VAR[Theme.Color]/common/bg_dialog.png</texture>
                    </control>
                    <control type="image">
                        <visible>Integer.IsGreater(Container(155).NumItems,5)+!Integer.IsGreater(Container(155).NumItems,6)</visible>
                        <posx>-200</posx>
                        <posy>150</posy>
                        <width>2320</width>
                        <height>534</height>
                        <include>DialogTransparency</include>
                        <texture border="150,40,150,40">$VAR[Theme.Color]/common/bg_dialog.png</texture>
                    </control>
                    <control type="image">
                        <visible>Integer.IsGreater(Container(155).NumItems,6)+!Integer.IsGreater(Container(155).NumItems,7)</visible>
                        <posx>-200</posx>
                        <posy>150</posy>
                        <width>2320</width>
                        <height>612</height>
                        <include>DialogTransparency</include>
                        <texture border="150,40,150,40">$VAR[Theme.Color]/common/bg_dialog.png</texture>
                    </control>
                    <control type="image">
                        <visible>Integer.IsGreater(Container(155).NumItems,7)</visible>
                        <posx>-200</posx>
                        <posy>150</posy>
                        <width>2320</width>
                        <height>690</height>
                        <include>DialogTransparency</include>
                        <texture border="150,40,150,40">$VAR[Theme.Color]/common/bg_dialog.png</texture>
                    </control>
                    <control type="list" id="155">
                        <posx>0</posx>
                        <posy>183</posy>
                        <width>1920</width>
                        <height>624</height>
                        <itemlayout height="78" width="1920">
                            <control type="label">
                                <posx>TextMargin</posx>
                                <height>78</height>
                                <width>1800</width>
                                <align>center</align>
                                <font>FacadeListMainFont</font>
                                <include>TextColor_AlternateColor</include>
                                <label>$INFO[ListItem.Label]</label>
                            </control>
                        </itemlayout>
                        <focusedlayout height="78" width="1920">
                            <control type="group">
                                <include>ButtonWideFocusAnimation</include>
                                <control type="image">
                                    <posx>0</posx>
                                    <posy>0</posy>
                                    <height>78</height>
                                    <width>1920</width>
                                    <colordiffuse>$VAR[Picked.Theme.Color]</colordiffuse>
                                    <texture border="1">$VAR[Theme.Color]/list/bg_facade_focus.png</texture>
                                </control>
                                <control type="label">
                                    <posx>TextMargin</posx>
                                    <height>78</height>
                                    <width>1800</width>
                                    <align>center</align>
                                    <font>FacadeListMainFont</font>
                                    <include>TextColor_MainColor</include>
                                    <label>$INFO[ListItem.Label]</label>
                                </control>
                            </control>
                        </focusedlayout>
                    </control>
                </control>
                <control type="image" id="150">
                    <animation effect="slide" time="0" start="0,0" end="0,3510" condition="Integer.IsGreater(Container(155).NumItems,0)">conditional</animation>
                    <description>User image</description>
                    <texture></texture>
                    <aspectratio>keep</aspectratio>
                    <height>0</height>
                    <posx>5000</posx>
                    <posy>5000</posy>
                    <visible>false</visible>
                </control>
            </control>
        </control>
    </controls>
</window>