<?xml version="1.0" encoding="UTF-8"?>
<window>
    <defaultcontrol always="true">3110</defaultcontrol>
    <menucontrol>9000</menucontrol>
    <controls>
        <!-- <include>DimBG</include> -->
        <include>TopBar</include>
        <control type="group">
            <include>FacadeFadeDialogs2ndLevelCondition</include>
            <include>Icon_Fade</include>
            <control type="group">
                <animation effect="slide" tween="circle" easing="out" time="250" start="0,0" end="660,0" condition="[ControlGroup(9000).HasFocus()|Control.HasFocus(8999)|Control.HasFocus(9060)]">conditional</animation>
                <include>DialogOpenClose</include>
                <control type="image">
                    <posx>-760</posx>
                    <posy>150</posy>
                    <width>2930</width>
                    <height>876</height>
                    <include>DialogTransparency</include>
                    <texture border="150,40,150,40">$VAR[Theme.Color]/common/bg_dialog.png</texture>
                </control>
                <control type="image">
                    <posx>100</posx>
                    <posy>142</posy>
                    <width>1720</width>
                    <height>217</height>
                    <texture border="100">$VAR[Theme.Color]/common/bg_list.png</texture>
                </control>
                <control type="image">
                    <posx>100</posx>
                    <posy>862</posy>
                    <width>1720</width>
                    <height>172</height>
                    <texture border="100">$VAR[Theme.Color]/common/bg_list.png</texture>
                </control>
                <control type="label">
                    <posx>TextMargin</posx>
                    <posy>183</posy>
                    <width>1800</width>
                    <height>135</height>
                    <align>center</align>
                    <font>InfoTitleFont</font>
                    <include>TextColor_MainColor</include>
                    <label>$ADDON[script.skin.helper.colorpicker 32011]</label>
                </control>
                <control type="panel" id="3110">
                    <viewtype label="31438">icons</viewtype>
                    <posx>63</posx>
                    <posy>365</posy>
                    <width>1794</width>
                    <height>490</height>
                    <orientation>vertical</orientation>
                    <onleft>9000</onleft>
                    <onright>60</onright>
                    <onup>3110</onup>
                    <ondown>9001</ondown>
                    <preloaditems>4</preloaditems>
                    <pagecontrol>60</pagecontrol>
                    <itemlayout height="70" width="69">
                        <control type="image">
                            <posx>0</posx>
                            <posy>0</posy>
                            <width>69</width>
                            <height>70</height>
                            <texture>$INFO[ListItem.Icon]</texture>
                        </control>
                    </itemlayout>
                    <focusedlayout height="70" width="69">
                        <control type="image">
                            <posx>0</posx>
                            <posy>0</posy>
                            <width>69</width>
                            <height>70</height>
                            <texture>$INFO[ListItem.Icon]</texture>
                        </control>
                        <control type="image">
                            <posx>24</posx>
                            <posy>24</posy>
                            <width>22</width>
                            <height>22</height>
                            <texture>white/common/BlackDot.png</texture>
                            <aspectratio>stretch</aspectratio>
                        </control>
                        <control type="image">
                            <posx>25</posx>
                            <posy>25</posy>
                            <width>20</width>
                            <height>20</height>
                            <texture>white/common/WhiteDot.png</texture>
                            <aspectratio>stretch</aspectratio>
                        </control>
                    </focusedlayout>
                </control>
                <control type="scrollbar" id="60">
                    <posx>1886</posx>
                    <posy>365</posy>
                    <height>490</height>
                    <include>VerticalScroller</include>
                    <onleft>3110</onleft>
                    <onright>60</onright>
                </control>
                <control type="grouplist" id="9001">
                    <posx>TextMargin</posx>
                    <posy>903</posy>
                    <width>1800</width>
                    <height>90</height>
                    <itemgap>30</itemgap>
                    <aligny>bottom</aligny>
                    <align>center</align>
                    <orientation>horizontal</orientation>
                    <onup>3110</onup>
                    <!-- Save button -->
                    <control type="button" id="3012">
                        <onright>3110</onright>
                        <label>190</label>
                        <include>ButtonFocusAnimation</include>
                    </control>
                </control>
            </control>
            <!-- SIDE MENU -->
            <control type="group">
                <include>LeftMenu</include>
                <control type="grouplist" id="9000">
                    <include>LeftMenuButtonGroup</include>
                    <ondown>9000</ondown>
                    <onright>3110</onright>
                    <control type="label" id="7965">
                        <include>LeftMenuTitleLabel</include>
                        <label>$LOCALIZE[33061]</label>
                    </control>
                    <!--current color name-->
                    <control type="button" id="3030">
                        <visible>!String.IsEmpty(Window.Property(palettename))</visible>
                        <onright>3110</onright>
                        <label>$ADDON[script.skin.helper.colorpicker 32141]: $INFO[Window.Property(palettename)]</label>
                        <include>LeftMenuButton</include>
                    </control>
                    <control type="label" id="7897">
                        <height>58</height>
                        <width>480</width>
                        <label>-</label>
                    </control>
                    <!-- color preview-->
                    <control type="image" id="7898">
                        <animation effect="slide" start="0,0" end="60,0" time="0" condition="true">conditional</animation>
                        <animation effect="slide" start="0,0" end="0,10" time="0" condition="true">conditional</animation>
                        <posx>0</posx>
                        <width>540</width>
                        <height>78</height>
                        <texture>white/common/WhiteDot.png</texture>
                        <colordiffuse>$INFO[Window.Property(colorstring)]</colordiffuse>
                        <include>LeftMenuButton</include>
                    </control>
                    <control type="label" id="7899">
                        <height>28</height>
                        <width>480</width>
                        <label>-</label>
                    </control>
                    <!-- edit manual -->
                    <control type="button" id="3010">
                        <onright>3110</onright>
                        <label>$ADDON[script.skin.helper.colorpicker 32012]</label>
                        <label2>$INFO[Window.Property(colorstring)]</label2>
                        <include>LeftMenuButton</include>
                    </control>
                </control>
                <include>LeftMenuScroller</include>
            </control>
        </control>
    </controls>
</window>
