<?xml version="1.0" encoding="utf-8"?>
<window>
    <defaultcontrol always="true">500</defaultcontrol>
    <menucontrol>9000</menucontrol>
    <views>500</views>
    <controls>
        <control type="image">
            <posx>0</posx>
            <posy>0</posy>
            <width>1920</width>
            <height>1080</height>
            <texture>white/common/BlackDot.png</texture>
        </control>
        <include condition="!Skin.HasSetting(DisableFanart)">Fanart_Art</include>
        <include>Player_Show</include>
        <include>OverlayFull</include>
        <include>InfoBackground</include>
        <include condition="skin.HasSetting(rssTicker)">rssTicker</include>
        <control type="group">
            <animation effect="slide" tween="circle" easing="out" time="250" start="0,0" end="660,0" condition="[ControlGroup(9000).HasFocus()|Control.HasFocus(8999)|Control.HasFocus(9060)]">conditional</animation>
            <animation effect="slide" tween="circle" easing="out" time="250" start="0,0" end="-2090,0" condition="Control.HasFocus(505050)">conditional</animation>
            <include>OpenClose</include>
            <include>Icon_Fade</include>
            <include>FacadeFadeDialogs</include>
            <include content="ClearArtLogo">
                <param name="x" value="0"/>
                <param name="y" value="34"/>
                <param name="width" value="1920"/>
                <param name="height" value="149"/>
                <param name="visible" value="true"/>
                <param name="align" value="center"/>
                <param name="aligny" value="bottom"/>
            </include>
            <include content="StudioArt">
                <param name="x" value="0"/>
                <param name="y" value="34"/>
                <param name="width" value="1920"/>
                <param name="height" value="149"/>
                <param name="visible" value="true"/>
                <param name="align" value="center"/>
                <param name="aligny" value="bottom"/>
            </include>
            <control type="group">
                <control type="image">
                    <posx>0</posx>
                    <posy>142</posy>
                    <width>1920</width>
                    <height>892</height>
                    <texture border="100">$VAR[Theme.Color]/common/bg_list.png</texture>
                </control>
                <control type="list" id="500">
                    <viewtype label="31091">List</viewtype>
                    <posx>0</posx>
                    <posy>183</posy>
                    <width>1920</width>
                    <height>810</height>
                    <pagecontrol>60</pagecontrol>
                    <onleft>9000</onleft>
                    <onright>60</onright>
                    <onup>700</onup>
                    <ondown>600</ondown>
                    <preloaditems>4</preloaditems>
                    <include>BigList_Layout</include>
                </control>
                <control type="button" id="600">
                    <onfocus>SetFocus(500)</onfocus>
                    <width>1</width>
                    <height>1</height>
                    <posx>-1000</posx>
                </control>
                <control type="button" id="700">
                    <onfocus>SetFocus(500)</onfocus>
                    <width>1</width>
                    <height>1</height>
                    <posx>-1000</posx>
                </control>
            </control>
            <control type="scrollbar" id="60">
                <posx>1886</posx>
                <posy>183</posy>
                <height>810</height>
                <include>VerticalScroller</include>
                <onleft>500</onleft>
                <onright>505050</onright>
            </control>
        </control>
        <control type="label">
            <include>OpenClose</include>
            <include>WindowTitle</include>
            <label>Extended Info</label>
        </control>
        <control type="label">
            <include>OpenClose</include>
            <include>WindowTitleSub</include>
            <label>$INFO[Window.Property(Filter_Label),, - ]$INFO[Window.Property(TotalItems),, $LOCALIZE[31025]]$INFO[Window.Property(CurrentPage),  -  ]$INFO[Window.Property(TotalPages),/]</label>
        </control>
        <include>FooterInfo_ExtendedInfo</include>
        <include>Time</include>
        <!-- SIDE MENU -->
        <control type="group">
            <visible>!Skin.HasSetting(EnableKioskMode)</visible>
            <include>LeftMenu</include>
            <include>FacadeFadeDialogs</include>
            <include>Icon_Fade</include>
            <control type="group">
                <visible>!Window.IsVisible(script-script.module.kodi65-t9search.xml)</visible>
                <include>VisibleFadeEffect</include>
                <control type="grouplist" id="9000">
                    <include>LeftMenuButtonGroup</include>
                    <onright>500</onright>
                    <ondown>9000</ondown>
                    <onback>500</onback>
                    <control type="label" id="7965">
                        <include>LeftMenuTitleLabel</include>
                        <label>$LOCALIZE[33061]</label>
                    </control>
                    <control type="button" id="6000">
                        <include>LeftMenuButton</include>
                        <description>Search</description>
                        <label>$LOCALIZE[19140]</label>
                    </control>
                    <control type="button" id="7000">
                        <include>LeftMenuButton</include>
                        <description>My Account</description>
                        <label>$ADDON[script.extendedinfo 32024]</label>
                    </control>
                    <control type="button" id="5007">
                        <include>LeftMenuButton</include>
                        <description>Type</description>
                        <label>$LOCALIZE[467]:</label> <!--564-->
                        <label2>$INFO[Window.Property(Type)]</label2>
                    </control>
                    <control type="button" id="5001">
                        <include>LeftMenuButton</include>
                        <description>Sort By</description>
                        <label>$ADDON[script.extendedinfo 32104]</label>
                        <label2>$INFO[Window.Property(Sort_Label)]</label2>
                    </control>
                    <control type="button" id="5004">
                        <include>LeftMenuButton</include>
                        <description>Order By</description>
                        <label>$ADDON[script.extendedinfo 32128]</label>
                        <label2>$INFO[Window.Property(Order_Label)]</label2>
                    </control>
                    <control type="label" id="9183">
                        <include>LeftMenuTitleLabel</include>
                        <include>LeftMenuButton</include>
                        <label>$ADDON[script.extendedinfo 32023]</label>
                    </control>
                    <control type="button" id="5002">
                        <include>LeftMenuButton</include>
                        <description>Genre</description>
                        <label>$LOCALIZE[515]</label>
                    </control>
                    <control type="button" id="5003">
                        <include>LeftMenuButton</include>
                        <description>Release Date</description>
                        <label>$LOCALIZE[172]</label>
                    </control>
                    <control type="button" id="5006">
                        <include>LeftMenuButton</include>
                        <description>Certification</description>
                        <label>$ADDON[script.extendedinfo 32127]</label>
                    </control>
                    <control type="button" id="5008">
                        <include>LeftMenuButton</include>
                        <description>Actor Crew Member</description>
                        <label>$ADDON[script.extendedinfo 32126]</label>
                    </control>
                    <control type="button" id="5009">
                        <include>LeftMenuButton</include>
                        <description>Keyword</description>
                        <label>$ADDON[script.extendedinfo 32114]</label>
                    </control>
                    <control type="button" id="5010">
                        <include>LeftMenuButton</include>
                        <description>Studio</description>
                        <label>$LOCALIZE[572]</label>
                    </control>
                    <control type="button" id="5012">
                        <include>LeftMenuButton</include>
                        <description>Vote Count</description>
                        <label>$ADDON[script.extendedinfo 32111]</label>
                    </control>
                    <control type="button" id="5005">
                        <include>LeftMenuButton</include>
                        <description>Reset Filters</description>
                        <label>$ADDON[script.extendedinfo 32022]</label>
                    </control>
                </control>
                <include>LeftMenuScroller</include>
            </control>
        </control>
    </controls>
</window>
