<?xml version="1.0" encoding="utf-8"?>
<window>
    <defaultcontrol>-</defaultcontrol>
    <controls>
        <control type="group" id="0">
            <posx>0</posx>
            <posy>0</posy>
            <include>DummyClearStudioArt</include>
            <control type="label" id="10">
                <posx>40</posx>
                <posy>0</posy>
                <width>1840</width>
                <height>56</height>
                <align>left</align>
                <aligny>top</aligny>
                <include>TextColor_MainColor</include>
                <font>NotificationFont</font>
                <label>-</label>
            </control>
            <control type="label" id="11">
                <posx>40</posx>
                <posy>60</posy>
                <width>1840</width>
                <height>56</height>
                <align>left</align>
                <aligny>top</aligny>
                <include>TextColor_MainColor</include>
                <font>NotificationFont</font>
                <label>-</label>
            </control>
            <control type="label" id="12">
                <posx>40</posx>
                <posy>120</posy>
                <width>1840</width>
                <height>56</height>
                <align>left</align>
                <aligny>top</aligny>
                <include>TextColor_MainColor</include>
                <font>NotificationFont</font>
                <label>-</label>
            </control>
        </control>
        <control type="label" id="1">
            <left>0</left>
            <top>0</top>
            <width>1920</width>
            <height>1080</height>
            <label>$INFO[Player.SeekNumeric]</label>
            <include>TextColor_MainColor</include>
            <font>NotificationFont</font>
        </control>
        <control type="group" id="1">
            <visible>Player.Caching</visible>
            <include>OSDVisibleFadeEffect</include>
            <!--<control type="image" id="1">-->
            <!--<left>910</left>-->
            <!--<top>490</top>-->
            <!--<width>100</width>-->
            <!--<height>100</height>-->
            <!--<texture>dialogs/volume/progress/p$INFO[Player.CacheLevel].png</texture>-->
            <!--<animation effect="fade" end="50" time="0" condition="true">Conditional</animation>-->
            <!--</control>-->
            <control type="image" id="1">
                <animation effect="slide" start="0,0" end="0,-253" time="0" condition="[Player.ShowInfo + VideoPlayer.Content(LiveTV) + Window.IsActive(fullscreenvideo)] | Window.IsActive(DialogFullScreenInfo.xml)">Conditional</animation>
                <posx>810</posx>
                <posy>390</posy>
                <width>300</width>
                <height>300</height>
                <texture>$VAR[Theme.Color]/OSD/loading.png</texture>
                <animation effect="rotate" center="auto" start="360" end="0" time="1500" loop="true" condition="true">Conditional</animation>
            </control>
        </control>
    </controls>
</window>
