<?xml version="1.0" encoding="utf-8"?>
<includes>
    <include name="Info_56_BannerList">
        <control type="group">
            <visible>Control.IsVisible(56)</visible>
            <include>Icon_Fade</include>
            <include>FacadeFadeDialogs</include>
            <control type="image">
                <visible>[String.IsEmpty(ListItem.thumb)|String.IsEmpty(ListItem.Art(thumb))]|
                    [Window.IsActive(MyMusicSongs.xml)+Skin.HasSetting(plexbmc)+Container.Content(Songs)]</visible>
                <posx>60</posx>
                <posy>158</posy>
                <width>450</width>
                <height>450</height>
                <aspectratio>scale</aspectratio>
                <include>SquareThumb</include>
            </control>
            <!-- CDART MUSIC -->
            <include content="DiscArt">
                <param name="visible" value="!ListItem.IsParentFolder+!String.IsEmpty(ListItem.Thumb)+[Container.content(songs)|Container.content(albums)]"/>
                <param name="x" value="73"/>
                <param name="y" value="193"/>
                <param name="width" value="424"/>
                <param name="height" value="424"/>
                <param name="texture" value="$VAR[MusicCdArt]"/>
                <param name="xShadow" value="43"/>
                <param name="yShadow" value="163"/>
                <param name="widthShadow" value="484"/>
                <param name="heightShadow" value="484"/>
                <param name="pulse" value="true"/>
            </include>
            <!-- CDART VIDEO -->
            <include content="DiscArt">
                <param name="visible" value="!ListItem.IsParentFolder+!String.IsEmpty(ListItem.Thumb)+[Container.content(movies)|Container.content(MusicVideos)]"/>
                <param name="x" value="73"/>
                <param name="y" value="193"/>
                <param name="width" value="424"/>
                <param name="height" value="424"/>
                <param name="texture" value="$VAR[VideoCdArt]"/>
                <param name="xShadow" value="43"/>
                <param name="yShadow" value="163"/>
                <param name="widthShadow" value="484"/>
                <param name="heightShadow" value="484"/>
                <param name="pulse" value="true"/>
            </include>
            <control type="image">
                <include>PulseThumb</include>
                <posx>25</posx>
                <posy>158</posy>
                <width>520</width>
                <height>703</height>
                <aspectratio aligny="top">keep</aspectratio>
                <include>SquareThumbBig</include>
                <include>ThumbBorder</include>
            </control>
            <control type="grouplist">
                <posx>25</posx>
                <posy>850</posy>
                <width>520</width>
                <height>90</height>
                <itemgap>10</itemgap>
                <orientation>horizontal</orientation>
                <align>center</align>
                <aligny>center</aligny>
                <include>CodecsView1</include>
            </control>
            <control type="grouplist">
                <posx>25</posx>
                <posy>920</posy>
                <width>520</width>
                <height>90</height>
                <itemgap>10</itemgap>
                <orientation>horizontal</orientation>
                <align>center</align>
                <aligny>center</aligny>
                <include>CodecsView2</include>
            </control>
            <control type="label">
                <posx>0</posx>
                <posy>890</posy>
                <width>550</width>
                <height>71</height>
                <align>center</align>
                <font>InfoDetailsFont</font>
                <include>TextColor_MainColor</include>
                <scroll>false</scroll>
                <label>$VAR[DetailsRow4]</label>
            </control>
        </control>
        <control type="group">
            <visible>Control.IsVisible(56)</visible>
            <include>Icon_Fade</include>
            <include>FacadeFadeDialogs</include>
            <posx>520</posx>
            <posy>0</posy>
            <control type="image">
                <visible>![String.IsEmpty(ListItem.thumb)|String.IsEmpty(ListItem.Art(thumb))]</visible>
                <posx>25</posx>
                <posy>158</posy>
                <width>1195</width>
                <height>278</height>
                <aspectratio aligny="top">scale</aspectratio>
                <texture background="true" fallback="white/common/TransparentDot.png">$VAR[Banner]</texture>
                <include>ThumbBorder</include>
            </control>
            <control type="group">
                <posx>0</posx>
                <posy>430</posy>
                <control type="image">
                    <!--<visible>![Container.Content(TVShows) | Container.Content(Seasons)]</visible>-->
                    <posx>10</posx>
                    <posy>-3</posy>
                    <width>30</width>
                    <height>60</height>
                    <texture>$VAR[Overlay]</texture>
                    <aspectratio aligny="center">keep</aspectratio>
                </control>
                <control type="label">
                    <posx>TextMargin</posx>
                    <posy>0</posy>
                    <width>1280</width>
                    <aligny>top</aligny>
                    <font>InfoTitleFont</font>
                    <include>TextColor_MainColor</include>
                    <scroll>false</scroll>
                    <label>$INFO[ListItem.Label]</label>
                </control>
                <control type="image">
                    <description>Default Seperator</description>
                    <posx>0</posx>
                    <posy>70</posy>
                    <width>1310</width>
                    <height>1</height>
                    <texture border="150,0,150,0">$VAR[Theme.Color]/list/bg_facade_separator.png</texture>
                </control>
                <control type="group">
                    <visible>Integer.IsGreater(ListItem.Rating,0)|[Container.Content(songs)+!ListItem.IsParentFolder+!Skin.HasSetting(plexbmc)]</visible>
                    <visible>!Container.Content(Addons)</visible>
                    <control type="image">
                        <posx>TextMargin</posx>
                        <posy>85</posy>
                        <include>Stars</include>
                    </control>
                    <control type="label">
                        <posx>115</posx>
                        <posy>67</posy>
                        <width>460</width>
                        <height>71</height>
                        <font>InfoDetailsFont</font>
                        <include>TextColor_MainColor</include>
                        <scroll>false</scroll>
                        <label>$INFO[ListItem.RatingAndVotes]</label>
                    </control>
                </control>
                <control type="label">
                    <posx>TextMargin</posx>
                    <posy>67</posy>
                    <width>1280</width>
                    <height>71</height>
                    <font>InfoDetailsFont</font>
                    <include>TextColor_MainColor</include>
                    <scroll>false</scroll>
                    <label>$VAR[DetailsRow1]</label>
                </control>
                <control type="label">
                    <posx>TextMargin</posx>
                    <posy>143</posy>
                    <width>1280</width>
                    <height>71</height>
                    <font>InfoDetailsFont</font>
                    <include>TextColor_MainColor</include>
                    <scroll>false</scroll>
                    <label>$VAR[DetailsRow2]</label>
                </control>
                <control type="label">
                    <posx>TextMargin</posx>
                    <posy>221</posy>
                    <width>1280</width>
                    <height>71</height>
                    <font>InfoDetailsFont</font>
                    <include>TextColor_MainColor</include>
                    <scroll>false</scroll>
                    <label>$VAR[DetailsRow3]</label>
                </control>
                <control type="textbox">
                    <posx>TextMargin</posx>
                    <posy>307</posy>
                    <width>1280</width>
                    <height>210</height>
                    <font>InfoPlotFont</font>
                    <include>TextColor_MainColor</include>
                    <label>$VAR[Plots]</label>
                    <pagecontrol>6066</pagecontrol>
                </control>
                <control type="scrollbar" id="6066">
                    <visible>Skin.HasSetting(ManualScroll)</visible>
                    <posx>1345</posx>
                    <posy>307</posy>
                    <height>210</height>
                    <include>VerticalScroller</include>
                    <onleft>9000</onleft>
                    <onright>56</onright>
                </control>
            </control>
        </control>
    </include>
    <include name="View_56_BannerList">
        <control type="group">
            <visible>Control.IsVisible(56)</visible>
            <include>Icon_Fade</include>
            <include>FacadeFadeDialogs</include>
            <include>ScrollOffsetLabel_50</include>
            <include content="ClearArtLogo">
                <param name="x" value="0"/>
                <param name="y" value="34"/>
                <param name="width" value="1920"/>
                <param name="height" value="149"/>
                <param name="visible" value="true"/>
                <param name="align" value="center"/>
                <param name="aligny" value="bottom"/>
            </include>
            <include content="StudioArt">
                <param name="x" value="0"/>
                <param name="y" value="34"/>
                <param name="width" value="1920"/>
                <param name="height" value="149"/>
                <param name="visible" value="true"/>
                <param name="align" value="center"/>
                <param name="aligny" value="bottom"/>
            </include>
            <control type="group">
                <control type="image">
                    <posx>550</posx>
                    <posy>142</posy>
                    <width>1370</width>
                    <height>892</height>
                    <texture border="100">$VAR[Theme.Color]/common/bg_list.png</texture>
                </control>
                <control type="list" id="56">
                    <viewtype label="31094">Banner List</viewtype>
                    <posx>1930</posx>
                    <posy>183</posy>
                    <width>35</width>
                    <height>810</height>
                    <onleft>6066</onleft>
                    <onright>60</onright>
                    <onup>56</onup>
                    <ondown>56</ondown>
                    <pagecontrol>60</pagecontrol>
                    <preloaditems>4</preloaditems>
                    <include>BigList_Layout</include>
                </control>
            </control>
            <control type="scrollbar" id="60">
                <posx>1886</posx>
                <posy>183</posy>
                <height>810</height>
                <include>VerticalScroller</include>
                <onleft>56</onleft>
                <onright>505050</onright>
            </control>
        </control>
    </include>
</includes>
