<?xml version="1.0" encoding="utf-8"?>
<includes>
    <include name="54_RecOverlayFocus">
        <control type="image">
            <posx>1819</posx>
            <posy>25</posy>
            <width>50</width>
            <height>57</height>
            <texture>$VAR[PVRTimerIcon]</texture>
            <aspectratio>keep</aspectratio>
        </control>
    </include>
    <include name="Info_54_Fanart">
        <control type="group">
            <visible>Control.IsVisible(54)</visible>
            <include>FacadeFadeDialogs</include>
            <include>Icon_Fade</include>
            <posy>559</posy>
            <!-- CDART MUSIC -->
            <include content="DiscArt">
                <param name="visible" value="!ListItem.IsParentFolder+!String.IsEmpty(ListItem.Thumb)+[Container.content(songs)|Container.content(albums)]"/>
                <param name="x" value="70"/>
                <param name="y" value="-122"/>
                <param name="width" value="315"/>
                <param name="height" value="315"/>
                <param name="texture" value="$VAR[MusicCdArt]"/>
                <param name="xShadow" value="48"/>
                <param name="yShadow" value="-144"/>
                <param name="widthShadow" value="359"/>
                <param name="heightShadow" value="359"/>
                <param name="pulse" value="false"/>
            </include>
            <!-- CDART VIDEO -->
            <include content="DiscArt">
                <param name="visible" value="!ListItem.IsParentFolder+!String.IsEmpty(ListItem.Thumb)+[Container.content(movies)|Container.content(MusicVideos)]"/>
                <param name="x" value="122"/>
                <param name="y" value="-70"/>
                <param name="width" value="211"/>
                <param name="height" value="211"/>
                <param name="texture" value="$VAR[VideoCdArt]"/>
                <param name="xShadow" value="107"/>
                <param name="yShadow" value="-85"/>
                <param name="widthShadow" value="241"/>
                <param name="heightShadow" value="241"/>
                <param name="pulse" value="false"/>
            </include>
            <control type="image">
                <visible>[String.IsEmpty(ListItem.thumb)|String.IsEmpty(ListItem.Art(thumb))]</visible>
                <posx>TextMargin</posx>
                <posy>25</posy>
                <width>335</width>
                <height>335</height>
                <aspectratio aligny="top">keep</aspectratio>
                <include>SquareThumb</include>
            </control>
            <control type="image">
                <posx>25</posx>
                <posy>0</posy>
                <width>405</width>
                <height>405</height>
                <aspectratio aligny="top">keep</aspectratio>
                <include>SquareThumbBig</include>
                <include>ThumbBorder</include>
            </control>
            <control type="image">
                <!--<visible>[Container.content(MusicVideos) | Container.Content(movies) | Container.Content(episodes)]</visible>-->
                <posx>410</posx>
                <posy>25</posy>
                <width>33</width>
                <height>57</height>
                <texture>$VAR[Overlay]</texture>
                <aspectratio aligny="center">keep</aspectratio>
            </control>
            <control type="label">
                <posx>455</posx>
                <posy>25</posy>
                <width>1345</width>
                <aligny>top</aligny>
                <font>InfoTitleFont</font>
                <include>TextColor_MainColor</include>
                <scroll>false</scroll>
                <label>$VAR[DetailsTitle]</label>
            </control>
            <include>54_RecOverlayFocus</include>
            <control type="image">
                <description>Default Seperator</description>
                <posx>355</posx>
                <posy>96</posy>
                <width>1575</width>
                <height>1</height>
                <texture border="150,0,150,0">$VAR[Theme.Color]/list/bg_facade_separator.png</texture>
            </control>
            <include content="ProgressBar">
                <param name="id" value="0"/>
                <param name="visible" value="Integer.IsGreater(ListItem.Progress,0)+[Window.IsActive(DialogPVRChannelsOSD.xml)|Window.IsActive(MyPVRChannels.xml)]"/>
                <param name="x" value="455"/>
                <param name="y" value="95"/>
                <param name="width" value="1345"/>
                <param name="height" value="2"/>
                <param name="texturebg" value="OSD/osd_progress_mini_empty.png"/>
                <param name="gfx" value="OSD/osd_progress_mini_mid.png"/>
                <param name="border" value="0,0,0,0"/>
                <param name="borderbg" value="0,0,0,0"/>
                <param name="info" value="ListItem.Progress"/>
            </include>
            <include content="ProgressBar">
                <param name="id" value="0"/>
                <param name="visible" value="Integer.IsGreater(ListItem.PercentPlayed,0)"/>
                <param name="x" value="455"/>
                <param name="y" value="95"/>
                <param name="width" value="1345"/>
                <param name="height" value="2"/>
                <param name="texturebg" value="OSD/osd_progress_mini_empty.png"/>
                <param name="gfx" value="OSD/osd_progress_mini_mid.png"/>
                <param name="border" value="0,0,0,0"/>
                <param name="borderbg" value="0,0,0,0"/>
                <param name="info" value="ListItem.PercentPlayed"/>
            </include>            <control type="group">
            <posx>395</posx>
            <posy>35</posy>
            <control type="group">
                <visible>Integer.IsGreater(ListItem.Rating,0)|[Container.Content(songs)+!ListItem.IsParentFolder+!Skin.HasSetting(plexbmc)]</visible>
                <visible>!Container.Content(Addons)</visible>
                <control type="image">
                    <posx>TextMargin</posx>
                    <posy>83</posy>
                    <include>Stars</include>
                </control>
                <control type="label">
                    <posx>115</posx>
                    <posy>65</posy>
                    <width>460</width>
                    <height>71</height>
                    <font>InfoDetailsFont</font>
                    <include>TextColor_MainColor</include>
                    <scroll>false</scroll>
                    <label>$INFO[ListItem.RatingAndVotes]</label>
                </control>
            </control>
            <control type="label">
                <posx>TextMargin</posx>
                <posy>65</posy>
                <width>672</width>
                <height>71</height>
                <font>InfoDetailsFont</font>
                <include>TextColor_MainColor</include>
                <scroll>false</scroll>
                <label>$VAR[DetailsRow1]</label>
            </control>
            <control type="label">
                <posx>TextMargin</posx>
                <posy>135</posy>
                <width>672</width>
                <height>71</height>
                <font>InfoDetailsFont</font>
                <include>TextColor_MainColor</include>
                <scroll>false</scroll>
                <label>$VAR[DetailsRow2]</label>
            </control>
            <control type="label">
                <posx>TextMargin</posx>
                <posy>205</posy>
                <width>672</width>
                <height>71</height>
                <font>InfoDetailsFont</font>
                <include>TextColor_MainColor</include>
                <scroll>false</scroll>
                <label>$VAR[DetailsRow3]</label>
            </control>
            <control type="label">
                <posx>TextMargin</posx>
                <posy>275</posy>
                <width>672</width>
                <height>71</height>
                <font>InfoDetailsFont</font>
                <include>TextColor_MainColor</include>
                <scroll>false</scroll>
                <label>$VAR[DetailsRow4]</label>
            </control>
            <control type="group">
                <visible>![Window.IsActive(DialogPVRChannelsOSD.xml)|Window.IsActive(MyPVRChannels.xml)]</visible>
                <posx>40</posx>
                <posy>285</posy>
                <width>750</width>
                <height>90</height>
                <itemgap>-15</itemgap>
                <orientation>horizontal</orientation>
                <align>left</align>
                <aligny>center</aligny>
                <include>CodecsBigList</include>
            </control>
            <control type="textbox">
                <visible>![Skin.HasSetting(plexbmc)+Container.Content(Artists)]</visible>
                <posx>772</posx>
                <posy>80</posy>
                <width>672</width>
                <height>250</height>
                <font>InfoPlotFont</font>
                <include>TextColor_MainColor</include>
                <label>$VAR[Plots]</label>
                <include>myautoscroll</include>
            </control>
            <control type="textbox">
                <visible>[Skin.HasSetting(plexbmc)+Container.Content(Artists)]</visible>
                <posx>TextMargin</posx>
                <posy>80</posy>
                <width>1405</width>
                <height>250</height>
                <font>InfoPlotFont</font>
                <include>TextColor_MainColor</include>
                <label>$VAR[Plots]</label>
                <include>myautoscroll</include>
            </control>
        </control>
        </control>
    </include>
    <include name="View_54_Fanart">
        <control type="group">
            <visible>Control.IsVisible(54)</visible>
            <include>Icon_Fade</include>
            <control type="group">
                <control type="image">
                    <include>FacadeFadeDialogs</include>
                    <include>Icon_Fade</include>
                    <posx>-1920</posx>
                    <posy>750</posy>
                    <width>3840</width>
                    <height>330</height>
                    <colordiffuse>$VAR[Picked.Theme.Color]</colordiffuse>
                    <texture border="10">$VAR[Theme.Color]/common/HomeGradient.png</texture>
                </control>
                <control type="image">
                    <include>OverlayTransparency</include>
                    <include>FacadeFadeDialogs</include>
                    <include>Icon_Fade</include>
                    <posx>-35</posx>
                    <posy>609</posy>
                    <width>1990</width>
                    <height>471</height>
                    <colordiffuse>$VAR[Picked.Theme.Color]</colordiffuse>
                    <texture border="150,40,150,40">$VAR[Theme.Color]/common/bg_dialog.png</texture>
                </control>
                <control type="list" id="54">
                    <viewtype label="20445">biginfo</viewtype>
                    <posx>0</posx>
                    <posy>83</posy>
                    <width>1920</width>
                    <height>1010</height>
                    <pagecontrol>60</pagecontrol>
                    <onleft>54</onleft>
                    <onright>54</onright>
                    <onup>9000</onup>
                    <ondown>60</ondown>
                    <orientation>horizontal</orientation>
                    <focusposition>0</focusposition>
                    <movement>1</movement>
                    <preloaditems>4</preloaditems>
                    <itemlayout height="1080" width="1920">
                        <include>ListFocusAnimation</include>
                        <include>Info_54_Fanart</include>
                    </itemlayout>
                    <focusedlayout height="1080" width="1920">
                        <control type="group">
                            <include>ListFocusAnimation</include>
                            <include>Info_54_Fanart</include>
                        </control>
                    </focusedlayout>
                </control>
            </control>
            <control type="image">
                <posx>-1920</posx>
                <posy>0</posy>
                <width>3840</width>
                <height>183</height>
                <colordiffuse>$VAR[Picked.Theme.Color]</colordiffuse>
                <texture flipy="true" border="1">$VAR[Theme.Color]/common/HomeGradient.png</texture>
            </control>
            <control type="image">
                <include>OverlayTransparency</include>
                <posx>-1955</posx>
                <posy>0</posy>
                <width>3910</width>
                <height>183</height>
                <colordiffuse>$VAR[Picked.Theme.Color]</colordiffuse>
                <texture border="150,40,150,40">$VAR[Theme.Color]/common/bg_dialog.png</texture>
            </control>
            <include>ScrollOffsetLabel_50</include>
            <control type="group">
                <animation effect="slide" tween="circle" easing="out" time="250" start="0,0" end="-660,0" condition="[ControlGroup(9000).HasFocus()|Control.HasFocus(8999)|Control.HasFocus(9060)]">conditional</animation>
                <include content="ClearArtLogo">
                    <param name="x" value="0"/>
                    <param name="y" value="40"/>
                    <param name="width" value="1920"/>
                    <param name="height" value="110"/>
                    <param name="visible" value="true"/>
                    <param name="align" value="center"/>
                    <param name="aligny" value="bottom"/>
                </include>
                <include content="StudioArt">
                    <param name="x" value="0"/>
                    <param name="y" value="40"/>
                    <param name="width" value="1920"/>
                    <param name="height" value="110"/>
                    <param name="visible" value="true"/>
                    <param name="align" value="center"/>
                    <param name="aligny" value="bottom"/>
                </include>
            </control>
            <control type="scrollbar" id="60">
                <posx>0</posx>
                <posy>1046</posy>
                <width>1920</width>
                <include>HorizontalScroller</include>
                <onup>54</onup>
                <onright>noop</onright>
                <ondown>505050</ondown>
            </control>
            <control type="button">
                <posx>1720</posx>
                <posy>200</posy>
                <width>200</width>
                <height>800</height>
                <texturefocus>-</texturefocus>
                <texturenofocus>-</texturenofocus>
                <onclick>Control.Move(54,1)</onclick>
                <onfocus>Control.Move(54,1)</onfocus>
            </control>
            <control type="button">
                <posx>0</posx>
                <posy>200</posy>
                <width>200</width>
                <height>800</height>
                <texturefocus>-</texturefocus>
                <texturenofocus>-</texturenofocus>
                <onclick>Control.Move(54,-1)</onclick>
                <onfocus>Control.Move(54,-1)</onfocus>
            </control>
        </control>
    </include>
    <include name="Info_54_Fanart_Weather">
        <control type="group">
            <include>FacadeFadeDialogs</include>
            <include>Icon_Fade</include>
            <posy>642</posy>
            <control type="image">
                <visible>[String.IsEmpty(ListItem.thumb)]</visible>
                <posx>25</posx>
                <posy>0</posy>
                <width>665</width>
                <height>405</height>
                <aspectratio aligny="top">keep</aspectratio>
                <texture>$VAR[WeatherFanartPath]na.jpg</texture>
                <include>ThumbBorder</include>
            </control>
            <control type="image">
                <posx>25</posx>
                <posy>0</posy>
                <width>665</width>
                <height>405</height>
                <aspectratio aligny="top">keep</aspectratio>
                <include>SquareThumbBig</include>
                <include>ThumbBorder</include>
            </control>
            <control type="label">
                <posx>715</posx>
                <posy>25</posy>
                <width>1145</width>
                <aligny>top</aligny>
                <font>InfoTitleFont</font>
                <include>TextColor_MainColor</include>
                <scroll>false</scroll>
                <label>$INFO[ListItem.Label]</label>
            </control>
            <control type="image">
                <description>Default Seperator</description>
                <posx>615</posx>
                <posy>96</posy>
                <width>1315</width>
                <height>1</height>
                <texture border="150,0,150,0">$VAR[Theme.Color]/list/bg_facade_separator.png</texture>
            </control>
            <control type="group">
                <posx>655</posx>
                <posy>35</posy>
                <control type="label">
                    <posx>TextMargin</posx>
                    <posy>65</posy>
                    <width>442</width>
                    <height>71</height>
                    <font>InfoDetailsFont</font>
                    <include>TextColor_MainColor</include>
                    <scroll>false</scroll>
                    <label>$INFO[ListItem.Property(Property3)]</label>
                </control>
                <control type="label">
                    <posx>TextMargin</posx>
                    <posy>135</posy>
                    <width>442</width>
                    <height>71</height>
                    <font>InfoDetailsFont</font>
                    <include>TextColor_MainColor</include>
                    <scroll>false</scroll>
                    <label>$INFO[ListItem.Property(Property4)]</label>
                </control>
                <control type="label">
                    <posx>TextMargin</posx>
                    <posy>205</posy>
                    <width>442</width>
                    <height>71</height>
                    <font>InfoDetailsFont</font>
                    <include>TextColor_MainColor</include>
                    <scroll>false</scroll>
                    <label>$INFO[ListItem.Property(Property1)]</label>
                </control>
                <control type="label">
                    <posx>TextMargin</posx>
                    <posy>275</posy>
                    <width>442</width>
                    <height>71</height>
                    <font>InfoDetailsFont</font>
                    <include>TextColor_MainColor</include>
                    <scroll>false</scroll>
                    <label>$INFO[ListItem.Property(Property2)]</label>
                </control>
            </control>
            <control type="group">
                <posx>1157</posx>
                <posy>35</posy>
                <control type="label">
                    <posx>TextMargin</posx>
                    <posy>65</posy>
                    <width>642</width>
                    <height>71</height>
                    <font>InfoDetailsFont</font>
                    <include>TextColor_MainColor</include>
                    <scroll>false</scroll>
                    <label>$INFO[ListItem.Property(Property5)]</label>
                </control>
                <control type="label">
                    <posx>TextMargin</posx>
                    <posy>135</posy>
                    <width>642</width>
                    <height>71</height>
                    <font>InfoDetailsFont</font>
                    <include>TextColor_MainColor</include>
                    <scroll>false</scroll>
                    <label>$INFO[ListItem.Property(Property8)]</label>
                </control>
                <control type="label">
                    <posx>TextMargin</posx>
                    <posy>205</posy>
                    <width>642</width>
                    <height>71</height>
                    <font>InfoDetailsFont</font>
                    <include>TextColor_MainColor</include>
                    <scroll>false</scroll>
                    <label>$INFO[ListItem.Property(Property9)]</label>
                </control>
                <control type="label">
                    <posx>TextMargin</posx>
                    <posy>275</posy>
                    <width>642</width>
                    <height>71</height>
                    <font>InfoDetailsFont</font>
                    <include>TextColor_MainColor</include>
                    <scroll>false</scroll>
                    <label>$INFO[ListItem.Property(Property10)]$INFO[ListItem.Property(Property11),     ,]</label>
                </control>
            </control>
        </control>
    </include>
    <include name="View_54_Fanart_Weather">
        <control type="group">
            <visible>Skin.String(WeatherView,fanart)</visible>
            <include>Icon_Fade</include>
            <control type="group">
                <control type="image">
                    <include>FacadeFadeDialogs</include>
                    <include>Icon_Fade</include>
                    <posx>-1920</posx>
                    <posy>750</posy>
                    <width>3840</width>
                    <height>330</height>
                    <colordiffuse>$VAR[Picked.Theme.Color]</colordiffuse>
                    <texture border="10">$VAR[Theme.Color]/common/HomeGradient.png</texture>
                </control>
                <control type="image">
                    <include>OverlayTransparency</include>
                    <include>FacadeFadeDialogs</include>
                    <include>Icon_Fade</include>
                    <posx>-35</posx>
                    <posy>609</posy>
                    <width>1990</width>
                    <height>471</height>
                    <colordiffuse>$VAR[Picked.Theme.Color]</colordiffuse>
                    <texture border="150,40,150,40">$VAR[Theme.Color]/common/bg_dialog.png</texture>
                </control>
                <control type="list" id="54">
                    <viewtype label="20445">biginfo</viewtype>
                    <posx>0</posx>
                    <posy>0</posy>
                    <width>1920</width>
                    <height>1080</height>
                    <pagecontrol>60</pagecontrol>
                    <onleft>54</onleft>
                    <onright>54</onright>
                    <onup>9000</onup>
                    <ondown>60</ondown>
                    <orientation>horizontal</orientation>
                    <focusposition>0</focusposition>
                    <movement>1</movement>
                    <preloaditems>4</preloaditems>
                    <itemlayout height="1080" width="1920">
                        <include>ListFocusAnimation</include>
                        <include>Info_54_Fanart_Weather</include>
                    </itemlayout>
                    <focusedlayout height="1080" width="1920">
                        <control type="group">
                            <include>ListFocusAnimation</include>
                            <include>Info_54_Fanart_Weather</include>
                        </control>
                    </focusedlayout>
                    <include>WeatherContent</include>
                </control>
            </control>
            <control type="image">
                <posx>-1920</posx>
                <posy>0</posy>
                <width>3840</width>
                <height>183</height>
                <colordiffuse>$VAR[Picked.Theme.Color]</colordiffuse>
                <texture flipy="true" border="1">$VAR[Theme.Color]/common/HomeGradient.png</texture>
            </control>
            <control type="image">
                <include>OverlayTransparency</include>
                <posx>-1955</posx>
                <posy>0</posy>
                <width>3910</width>
                <height>183</height>
                <colordiffuse>$VAR[Picked.Theme.Color]</colordiffuse>
                <texture border="150,40,150,40">$VAR[Theme.Color]/common/bg_dialog.png</texture>
            </control>
            <control type="scrollbar" id="60">
                <posx>0</posx>
                <posy>1046</posy>
                <width>1920</width>
                <include>HorizontalScroller</include>
                <onup>54</onup>
                <onright>noop</onright>
                <ondown>505050</ondown>
            </control>
            <control type="button">
                <posx>1720</posx>
                <posy>200</posy>
                <width>200</width>
                <height>800</height>
                <texturefocus>-</texturefocus>
                <texturenofocus>-</texturenofocus>
                <onclick>Control.Move(54,1)</onclick>
                <onfocus>Control.Move(54,1)</onfocus>
            </control>
            <control type="button">
                <posx>0</posx>
                <posy>200</posy>
                <width>200</width>
                <height>800</height>
                <texturefocus>-</texturefocus>
                <texturenofocus>-</texturenofocus>
                <onclick>Control.Move(54,-1)</onclick>
                <onfocus>Control.Move(54,-1)</onfocus>
            </control>
        </control>
    </include>
</includes>
