<?xml version="1.0" encoding="utf-8"?>
<includes>
    <include name="InfoBackground">
        <include condition="Skin.HasSetting(plexbmc)">PlexbmcFixTrick</include>
        <control type="group">
            <include>OpenClose</include>
            <control type="image">
                <include>VisibleFadeEffect</include>
                <visible>Control.hasfocus(505050)</visible>
                <posx>0</posx>
                <posy>750</posy>
                <width>1920</width>
                <height>330</height>
                <colordiffuse>$VAR[Picked.Theme.Color]</colordiffuse>
                <texture border="10">$VAR[Theme.Color]/common/HomeGradient.png</texture>
            </control>
        </control>
    </include>
    <include name="FooterInfo">
        <control type="group">
            <include>OpenClose</include>
            <include>Icon_Fade</include>
            <include>FacadeFadeDialogs</include>
            <visible>Control.hasfocus(505050)</visible>
            <control type="group">
                <visible>![ListItem.IsParentFolder]</visible>
                <animation effect="slide" time="0" start="0,0" end="0,40" condition="[String.IsEmpty(control.getlabel(45742))]">Conditional</animation>
                <control type="label">
                    <posx>52</posx>
                    <posy>933</posy>
                    <width>1830</width>
                    <height>45</height>
                    <align>center</align>
                    <font>InfoTitleFont</font>
                    <include>TextColor_MainColor</include>
                    <label>$INFO[ListItem.Label]</label>
                </control>
                <control type="label" id="45742">
                    <visible>![Container.Content(musicvideos) | Container.Content(movies)| Container.Content(episodes)]+!Control.isvisible(45741)</visible>
                    <posx>407</posx>
                    <posy>1010</posy>
                    <height>33</height>
                    <width>1120</width>
                    <align>center</align>
                    <font>InfoDetailsFont</font>
                    <include>TextColor_MainColor</include>
                    <scroll>false</scroll>
                    <label>$VAR[Fanart_Details]</label>
                </control>
                <control type="label">
                    <visible>![Container.Content(musicvideos) | Container.Content(movies)| Container.Content(episodes)]+Control.isvisible(45741)</visible>
                    <posx>52</posx>
                    <posy>1010</posy>
                    <height>33</height>
                    <width>1120</width>
                    <align>left</align>
                    <font>InfoDetailsFont</font>
                    <include>TextColor_MainColor</include>
                    <scroll>false</scroll>
                    <label>$VAR[Fanart_Details]</label>
                </control>
                <control type="group" id="45741">
                    <visible>![Container.content(actors) | container.content(albums) | container.content(addons)] + !String.IsEmpty(ListItem.Rating)</visible>
                    <control type="image">
                        <posx>1830</posx>
                        <posy>1009</posy>
                        <align>right</align>
                        <include>Stars</include>
                    </control>
                    <control type="label">
                        <posx>1810</posx>
                        <posy>1010</posy>
                        <height>33</height>
                        <width>1120</width>
                        <align>right</align>
                        <font>InfoDetailsFont</font>
                        <include>TextColor_MainColor</include>
                        <scroll>false</scroll>
                        <label fallback="416">$INFO[ListItem.Rating]</label>
                    </control>
                </control>
                <control type="grouplist">
                    <visible>[Container.Content(musicvideos) | Container.Content(movies)| Container.Content(episodes)]</visible>
                    <posx>52</posx>
                    <posy>985</posy>
                    <width>1830</width>
                    <height>90</height>
                    <itemgap>10</itemgap>
                    <orientation>horizontal</orientation>
                    <align>center</align>
                    <aligny>center</aligny>
                    <include>CodecsShowcase</include>
                </control>
                <control type="label">
                    <visible>[Container.Content(musicvideos) | Container.Content(movies)| Container.Content(episodes)]</visible>
                    <posx>52</posx>
                    <posy>1010</posy>
                    <height>33</height>
                    <width>1120</width>
                    <align>left</align>
                    <font>InfoDetailsFont</font>
                    <include>TextColor_MainColor</include>
                    <scroll>false</scroll>
                    <label>$VAR[Fanart_Details]</label>
                </control>
            </control>
        </control>
    </include>
    <include name="FooterInfo_ExtendedInfo">
        <control type="group">
            <include>OpenClose</include>
            <include>Icon_Fade</include>
            <include>FacadeFadeDialogs</include>
            <visible>Control.hasfocus(505050)</visible>
            <control type="group">
                <visible>![String.IsEqual(Container(500).ListItem.Label,..)]</visible>
                <animation effect="slide" time="0" start="0,0" end="0,40" condition="[String.IsEmpty(control.getlabel(45742))]">Conditional</animation>
                <control type="label">
                    <posx>52</posx>
                    <posy>933</posy>
                    <width>1830</width>
                    <height>45</height>
                    <align>center</align>
                    <font>InfoTitleFont</font>
                    <include>TextColor_MainColor</include>
                    <label>$INFO[Container(500).ListItem.Label]</label>
                </control>
                <control type="label" id="45742">
                    <posx>407</posx>
                    <posy>1010</posy>
                    <height>33</height>
                    <width>1120</width>
                    <align>center</align>
                    <font>InfoDetailsFont</font>
                    <include>TextColor_MainColor</include>
                    <scroll>false</scroll>
                    <label>$INFO[Container(500).ListItem.Genre]</label>
                </control>
                <control type="label">
                    <posx>52</posx>
                    <posy>1010</posy>
                    <height>33</height>
                    <width>1120</width>
                    <align>left</align>
                    <font>InfoDetailsFont</font>
                    <include>TextColor_MainColor</include>
                    <scroll>false</scroll>
                    <label>$VAR[Fanart_Details]</label>
                </control>
                <control type="group" id="45741">
                    <control type="image">
                        <posx>1830</posx>
                        <posy>1009</posy>
                        <align>right</align>
                        <include>Stars</include>
                    </control>
                    <control type="label">
                        <posx>1810</posx>
                        <posy>1010</posy>
                        <height>33</height>
                        <width>1120</width>
                        <align>right</align>
                        <font>InfoDetailsFont</font>
                        <include>TextColor_MainColor</include>
                        <scroll>false</scroll>
                        <label fallback="416">$INFO[Container(500).ListItem.Rating]</label>
                    </control>
                </control>
            </control>
        </control>
    </include>
    <include name="58_RecOverlayFocus">
        <control type="image">
            <posx>1819</posx>
            <width>50</width>
            <height>70</height>
            <texture>$VAR[PVRTimerIcon]</texture>
            <aspectratio>keep</aspectratio>
        </control>
    </include>
    <include name="View_59_Showcase">
        <control type="group">
            <visible>Control.IsVisible(59)</visible>
            <include>Icon_Fade</include>
            <include>FacadeFadeDialogs</include>
            <include>ScrollOffsetLabel_50</include>
            <control type="fixedlist" id="59">
                <include>UnderFade</include>
                <visible>[container.content(MusicVideos) + Window.IsActive(myvideonav.xml)] | Container.content(actors) | container.content(movies) | container.content(sets) | container.content(tvshows) | container.content(seasons)</visible>
                <posx>0</posx>
                <posy>183</posy>
                <width>1920</width>
                <height>810</height>
                <onleft>59</onleft>
                <onright>59</onright>
                <onup>9000</onup>
                <ondown>6069</ondown>
                <viewtype label="31018">Cover Wrap</viewtype>
                <pagecontrol>609</pagecontrol>
                <orientation>horizontal</orientation>
                <focusposition>0</focusposition>
                <movement>0</movement>
                <preloaditems>4</preloaditems>
                <itemlayout height="425" width="265">
                    <control type="image">
                        <visible>!ListItem.IsParentFolder</visible>
                        <posx>-25</posx>
                        <posy>85</posy>
                        <width>295</width>
                        <height>396</height>
                        <include>PosterThumb</include>
                        <include>ThumbBorder</include>
                    </control>
                </itemlayout>
                <focusedlayout height="425" width="585">
                    <control type="image">
                        <visible>!ListItem.IsParentFolder</visible>
                        <animation effect="fade" start="100" end="0" time="100" condition="Container(59).OnNext|Container(59).OnPrevious">Focus</animation>
                        <animation effect="fade" start="100" end="0" time="0" condition="![Container(59).OnNext|Container(59).OnPrevious]">Focus</animation>
                        <posx>40</posx>
                        <posy>85</posy>
                        <width>490</width>
                        <height>396</height>
                        <aspectratio aligny="center">scale</aspectratio>
                        <colordiffuse>90ffffff</colordiffuse>
                        <include>PosterThumbBig</include>
                        <include>ThumbBorder</include>
                    </control>
                </focusedlayout>
            </control>
            <control type="scrollbar" id="609">
                <posx>0</posx>
                <posy>1046</posy>
                <width>1920</width>
                <include>HorizontalScroller</include>
                <onup>59</onup>
                <ondown>505050</ondown>
            </control>
            <control type="group">
                <include content="ClearArtLogo">
                    <param name="x" value="0"/>
                    <param name="y" value="34"/>
                    <param name="width" value="1920"/>
                    <param name="height" value="149"/>
                    <param name="visible" value="true"/>
                    <param name="align" value="center"/>
                    <param name="aligny" value="bottom"/>
                </include>
                <include content="StudioArt">
                    <param name="x" value="0"/>
                    <param name="y" value="34"/>
                    <param name="width" value="1920"/>
                    <param name="height" value="149"/>
                    <param name="visible" value="true"/>
                    <param name="align" value="center"/>
                    <param name="aligny" value="bottom"/>
                </include>
                <include>CoverWrapPosterBounds</include>
                <control type="group">
                    <animation type="Conditional" reversible="false" condition="control.HasFocus(59)">
                        <include>CoverWrapFocusAnimationPoster</include>
                    </animation>
                    <include>UpperFade</include>
                    <!-- CDART VIDEO -->
                    <include content="DiscArt">
                        <param name="visible" value="!ListItem.IsParentFolder+!String.IsEmpty(ListItem.Thumb)+[Container.content(movies)|Container.content(MusicVideos)]"/>
                        <param name="x" value="289"/>
                        <param name="y" value="254"/>
                        <param name="width" value="424"/>
                        <param name="height" value="424"/>
                        <param name="texture" value="$VAR[VideoCdArt]"/>
                        <param name="xShadow" value="259"/>
                        <param name="yShadow" value="224"/>
                        <param name="widthShadow" value="484"/>
                        <param name="heightShadow" value="484"/>
                        <param name="pulse" value="false"/>
                    </include>
                </control>
                <control type="image">
                    <animation type="Conditional" reversible="false" condition="control.HasFocus(59)">
                        <include>CoverWrapFocusAnimationPoster</include>
                    </animation>
                    <include>UpperFade</include>
                    <posx>25</posx>
                    <posy>158</posy>
                    <width>520</width>
                    <height>693</height>
                    <include>PosterThumb</include>
                    <include>ThumbBorder</include>
                </control>
                <control type="grouplist">
                    <posx>25</posx>
                    <posy>840</posy>
                    <width>520</width>
                    <height>90</height>
                    <itemgap>10</itemgap>
                    <orientation>horizontal</orientation>
                    <align>center</align>
                    <aligny>center</aligny>
                    <include>CodecsView1</include>
                </control>
                <control type="grouplist">
                    <posx>25</posx>
                    <posy>910</posy>
                    <width>520</width>
                    <height>90</height>
                    <itemgap>10</itemgap>
                    <orientation>horizontal</orientation>
                    <align>center</align>
                    <aligny>center</aligny>
                    <include>CodecsView2</include>
                </control>
                <control type="group">
                    <posx>540</posx>
                    <posy>670</posy>
                    <control type="image">
                        <!--<visible>[Container.content(MusicVideos) | Container.Content(movies) | Container.Content(episodes)]</visible>-->
                        <posx>-2</posx>
                        <posy>11</posy>
                        <width>33</width>
                        <height>33</height>
                        <texture>$VAR[Overlay]</texture>
                    </control>
                    <control type="label">
                        <posx>TextMargin</posx>
                        <posy>0</posy>
                        <width>1260</width>
                        <aligny>top</aligny>
                        <font>InfoTitleFont</font>
                        <include>TextColor_MainColor</include>
                        <scroll>false</scroll>
                        <label>$INFO[ListItem.Label]</label>
                    </control>
                    <control type="image">
                        <description>Default Seperator</description>
                        <posx>0</posx>
                        <posy>70</posy>
                        <width>1380</width>
                        <height>1</height>
                        <texture border="150,0,150,0">$VAR[Theme.Color]/list/bg_facade_separator.png</texture>
                    </control>
                    <include content="ProgressBar">
                        <param name="id" value="0"/>
                        <param name="visible" value="Integer.IsGreater(ListItem.Progress,0)+[Window.IsActive(DialogPVRChannelsOSD.xml)|Window.IsActive(MyPVRChannels.xml)]"/>
                        <param name="x" value="TextMargin"/>
                        <param name="y" value="69"/>
                        <param name="width" value="1260"/>
                        <param name="height" value="2"/>
                        <param name="texturebg" value="OSD/osd_progress_mini_empty.png"/>
                        <param name="gfx" value="OSD/osd_progress_mini_mid.png"/>
                        <param name="border" value="0,0,0,0"/>
                        <param name="borderbg" value="0,0,0,0"/>
                        <param name="info" value="ListItem.Progress"/>
                    </include>
                    <include content="ProgressBar">
                        <param name="id" value="0"/>
                        <param name="visible" value="Integer.IsGreater(ListItem.PercentPlayed,0)"/>
                        <param name="x" value="TextMargin"/>
                        <param name="y" value="69"/>
                        <param name="width" value="1260"/>
                        <param name="height" value="2"/>
                        <param name="texturebg" value="OSD/osd_progress_mini_empty.png"/>
                        <param name="gfx" value="OSD/osd_progress_mini_mid.png"/>
                        <param name="border" value="0,0,0,0"/>
                        <param name="borderbg" value="0,0,0,0"/>
                        <param name="info" value="ListItem.PercentPlayed"/>
                    </include>
                    <control type="group">
                        <visible>Integer.IsGreater(ListItem.Rating,0)|[Container.Content(songs)+!ListItem.IsParentFolder+!Skin.HasSetting(plexbmc)]</visible>
                        <visible>!Container.Content(Addons)</visible>
                        <control type="image">
                            <posx>TextMargin</posx>
                            <posy>92</posy>
                            <include>Stars</include>
                        </control>
                        <control type="label">
                            <posx>115</posx>
                            <posy>74</posy>
                            <width>460</width>
                            <height>71</height>
                            <font>InfoDetailsFont</font>
                            <include>TextColor_MainColor</include>
                            <scroll>false</scroll>
                            <label fallback="416">$INFO[ListItem.RatingAndVotes]</label>
                        </control>
                    </control>
                    <control type="label">
                        <posx>TextMargin</posx>
                        <posy>74</posy>
                        <width>600</width>
                        <height>71</height>
                        <font>InfoDetailsFont</font>
                        <include>TextColor_MainColor</include>
                        <scroll>false</scroll>
                        <label>$VAR[DetailsRow1]</label>
                    </control>
                    <control type="label">
                        <posx>TextMargin</posx>
                        <posy>153</posy>
                        <width>600</width>
                        <height>71</height>
                        <font>InfoDetailsFont</font>
                        <include>TextColor_MainColor</include>
                        <scroll>false</scroll>
                        <label>$VAR[DetailsRow2]</label>
                    </control>
                    <control type="label">
                        <posx>TextMargin</posx>
                        <posy>234</posy>
                        <width>600</width>
                        <height>71</height>
                        <font>InfoDetailsFont</font>
                        <include>TextColor_MainColor</include>
                        <scroll>false</scroll>
                        <label>$VAR[DetailsRow3]</label>
                    </control>
                    <control type="label">
                        <posx>-555</posx>
                        <posy>234</posy>
                        <width>600</width>
                        <height>71</height>
                        <align>center</align>
                        <font>InfoDetailsFont</font>
                        <include>TextColor_MainColor</include>
                        <scroll>false</scroll>
                        <label>$VAR[DetailsRow4]</label>
                    </control>
                    <control type="textbox">
                        <posx>720</posx>
                        <posy>90</posy>
                        <width>600</width>
                        <height>210</height>
                        <font>InfoPlotFont</font>
                        <include>TextColor_MainColor</include>
                        <label>$VAR[Plots]</label>
                        <pagecontrol>6069</pagecontrol>
                    </control>
                    <control type="scrollbar" id="6069">
                        <visible>Skin.HasSetting(ManualScroll)</visible>
                        <posx>1346</posx>
                        <posy>90</posy>
                        <height>210</height>
                        <include>VerticalScroller</include>
                        <onup>59</onup>
                        <ondown>609</ondown>
                    </control>
                </control>
            </control>
            <control type="button">
                <posx>510</posx>
                <posy>140</posy>
                <width>450</width>
                <height>720</height>
                <texturefocus>-</texturefocus>
                <texturenofocus>-</texturenofocus>
                <onclick>Control.Move(59,-1)</onclick>
            </control>
            <control type="button">
                <posx>960</posx>
                <posy>140</posy>
                <width>960</width>
                <height>720</height>
                <texturefocus>-</texturefocus>
                <texturenofocus>-</texturenofocus>
                <onclick>Control.Move(59,1)</onclick>
            </control>
        </control>
        <control type="group">
            <visible>Control.IsVisible(58)</visible>
            <include>Icon_Fade</include>
            <include>FacadeFadeDialogs</include>
            <include>ScrollOffsetLabel_50</include>
            <control type="fixedlist" id="58">
                <include>UnderFade</include>
                <visible>![[container.content(MusicVideos) + Window.IsActive(myvideonav.xml)] | Container.content(actors) | container.content(movies) | container.content(sets) | container.content(tvshows) | container.content(seasons) | container.content(episodes)]</visible>
                <posx>0</posx>
                <posy>183</posy>
                <width>1920</width>
                <height>810</height>
                <onleft>58</onleft>
                <onright>58</onright>
                <onup>9000</onup>
                <ondown>6068</ondown>
                <viewtype label="31018">Cover Wrap</viewtype>
                <pagecontrol>608</pagecontrol>
                <orientation>horizontal</orientation>
                <focusposition>0</focusposition>
                <movement>0</movement>
                <preloaditems>4</preloaditems>
                <itemlayout height="425" width="265">
                    <control type="image">
                        <posx>-25</posx>
                        <posy>87</posy>
                        <width>295</width>
                        <height>295</height>
                        <include>SquareThumb</include>
                        <include>ThumbBorder</include>
                    </control>
                </itemlayout>
                <focusedlayout height="425" width="585">
                    <control type="image">
                        <visible>!ListItem.IsParentFolder</visible>
                        <animation effect="fade" start="100" end="0" time="100" condition="Container(58).OnNext|Container(58).OnPrevious">Focus</animation>
                        <animation effect="fade" start="100" end="0" time="0" condition="![Container(58).OnNext|Container(58).OnPrevious]">Focus</animation>
                        <posx>40</posx>
                        <posy>87</posy>
                        <width>490</width>
                        <height>295</height>
                        <aspectratio aligny="center">stretch</aspectratio>
                        <colordiffuse>90ffffff</colordiffuse>
                        <include>SquareThumbBig</include>
                        <include>ThumbBorder</include>
                    </control>
                </focusedlayout>
            </control>
            <control type="scrollbar" id="608">
                <posx>0</posx>
                <posy>1046</posy>
                <width>1920</width>
                <include>HorizontalScroller</include>
                <onup>58</onup>
                <ondown>505050</ondown>
            </control>
            <include content="ClearArtLogo">
                <param name="x" value="0"/>
                <param name="y" value="34"/>
                <param name="width" value="1920"/>
                <param name="height" value="149"/>
                <param name="visible" value="true"/>
                <param name="align" value="center"/>
                <param name="aligny" value="bottom"/>
            </include>
            <include content="StudioArt">
                <param name="x" value="0"/>
                <param name="y" value="34"/>
                <param name="width" value="1920"/>
                <param name="height" value="149"/>
                <param name="visible" value="true"/>
                <param name="align" value="center"/>
                <param name="aligny" value="bottom"/>
            </include>
            <include>CoverWrapSquareBounds</include>
            <control type="group">
                <control type="group">
                    <animation type="Conditional" reversible="false" condition="control.HasFocus(58)">
                        <include>CoverWrapFocusAnimationSquare</include>
                    </animation>
                    <include>UpperFade</include>
                    <!-- CDART MUSIC -->
                    <include content="DiscArt">
                        <param name="visible" value="!ListItem.IsParentFolder+!String.IsEmpty(ListItem.Thumb)+[Container.Content(songs)|Container.Content(albums)]"/>
                        <param name="x" value="295"/>
                        <param name="y" value="203"/>
                        <param name="width" value="430"/>
                        <param name="height" value="430"/>
                        <param name="texture" value="$VAR[MusicCdArt]"/>
                        <param name="xShadow" value="265"/>
                        <param name="yShadow" value="173"/>
                        <param name="widthShadow" value="490"/>
                        <param name="heightShadow" value="490"/>
                        <param name="pulse" value="false"/>
                    </include>
                </control>
                <control type="image">
                    <animation type="Conditional" reversible="false" condition="control.HasFocus(58)">
                        <include>CoverWrapFocusAnimationSquare</include>
                    </animation>
                    <include>UpperFade</include>
                    <posx>25</posx>
                    <posy>158</posy>
                    <width>520</width>
                    <height>520</height>
                    <aspectratio>keep</aspectratio>
                    <include>SquareThumb</include>
                    <include>ThumbBorder</include>
                </control>
                <control type="group">
                    <posx>0</posx>
                    <posy>670</posy>
                    <control type="label">
                        <posx>TextMargin</posx>
                        <posy>0</posy>
                        <width>1800</width>
                        <aligny>top</aligny>
                        <font>InfoTitleFont</font>
                        <include>TextColor_MainColor</include>
                        <scroll>false</scroll>
                        <label>$VAR[DetailsTitle]</label>
                    </control>
                    <include>58_RecOverlayFocus</include>
                    <control type="image">
                        <description>Default Seperator</description>
                        <posx>0</posx>
                        <posy>70</posy>
                        <width>1920</width>
                        <height>1</height>
                        <texture border="150,0,150,0">$VAR[Theme.Color]/list/bg_facade_separator.png</texture>
                    </control>
                    <include content="ProgressBar">
                        <param name="id" value="0"/>
                        <param name="visible" value="Integer.IsGreater(ListItem.Progress,0)+[Window.IsActive(DialogPVRChannelsOSD.xml)|Window.IsActive(MyPVRChannels.xml)]"/>
                        <param name="x" value="TextMargin"/>
                        <param name="y" value="69"/>
                        <param name="width" value="1800"/>
                        <param name="height" value="2"/>
                        <param name="texturebg" value="OSD/osd_progress_mini_empty.png"/>
                        <param name="gfx" value="OSD/osd_progress_mini_mid.png"/>
                        <param name="border" value="0,0,0,0"/>
                        <param name="borderbg" value="0,0,0,0"/>
                        <param name="info" value="ListItem.Progress"/>
                    </include>
                    <include content="ProgressBar">
                        <param name="id" value="0"/>
                        <param name="visible" value="Integer.IsGreater(ListItem.PercentPlayed,0)"/>
                        <param name="x" value="TextMargin"/>
                        <param name="y" value="69"/>
                        <param name="width" value="1800"/>
                        <param name="height" value="2"/>
                        <param name="texturebg" value="OSD/osd_progress_mini_empty.png"/>
                        <param name="gfx" value="OSD/osd_progress_mini_mid.png"/>
                        <param name="border" value="0,0,0,0"/>
                        <param name="borderbg" value="0,0,0,0"/>
                        <param name="info" value="ListItem.PercentPlayed"/>
                    </include>
                    <control type="group">
                        <visible>Integer.IsGreater(ListItem.Rating,0)|[Container.Content(songs)+!ListItem.IsParentFolder+!Skin.HasSetting(plexbmc)]</visible>
                        <visible>!Container.Content(Addons)</visible>
                        <control type="image">
                            <posx>TextMargin</posx>
                            <posy>92</posy>
                            <include>Stars</include>
                        </control>
                        <control type="label">
                            <posx>115</posx>
                            <posy>74</posy>
                            <width>460</width>
                            <height>71</height>
                            <font>InfoRatingFont</font>
                            <include>TextColor_MainColor</include>
                            <scroll>false</scroll>
                            <label fallback="416">$INFO[ListItem.RatingAndVotes]</label>
                        </control>
                    </control>
                    <control type="label">
                        <posx>TextMargin</posx>
                        <posy>74</posy>
                        <width>870</width>
                        <height>71</height>
                        <font>InfoDetailsFont</font>
                        <include>TextColor_MainColor</include>
                        <scroll>false</scroll>
                        <label>$VAR[DetailsRow1]</label>
                    </control>
                    <control type="label">
                        <posx>TextMargin</posx>
                        <posy>153</posy>
                        <width>870</width>
                        <height>71</height>
                        <font>InfoDetailsFont</font>
                        <include>TextColor_MainColor</include>
                        <scroll>false</scroll>
                        <label>$VAR[DetailsRow2]</label>
                    </control>
                    <control type="label">
                        <posx>TextMargin</posx>
                        <posy>234</posy>
                        <width>870</width>
                        <height>71</height>
                        <font>InfoDetailsFont</font>
                        <include>TextColor_MainColor</include>
                        <scroll>false</scroll>
                        <label>$VAR[DetailsRow3]</label>
                    </control>
                    <control type="textbox">
                        <visible>![Skin.HasSetting(plexbmc)+Container.Content(Artists)]</visible>
                        <posx>990</posx>
                        <posy>90</posy>
                        <width>870</width>
                        <height>210</height>
                        <font>InfoPlotFont</font>
                        <include>TextColor_MainColor</include>
                        <label>$VAR[Plots]</label>
                        <pagecontrol>6068</pagecontrol>
                    </control>
                    <control type="textbox">
                        <visible>Skin.HasSetting(plexbmc)+Container.Content(Artists)</visible>
                        <posx>TextMargin</posx>
                        <posy>90</posy>
                        <width>1800</width>
                        <height>210</height>
                        <font>InfoPlotFont</font>
                        <include>TextColor_MainColor</include>
                        <label>$VAR[Plots]</label>
                        <pagecontrol>6068</pagecontrol>
                    </control>
                    <control type="scrollbar" id="6068">
                        <visible>Skin.HasSetting(ManualScroll)</visible>
                        <posx>1886</posx>
                        <posy>90</posy>
                        <height>210</height>
                        <include>VerticalScroller</include>
                        <onup>59</onup>
                        <ondown>608</ondown>
                    </control>
                </control>
            </control>
            <control type="button">
                <posx>510</posx>
                <posy>140</posy>
                <width>450</width>
                <height>520</height>
                <texturefocus>-</texturefocus>
                <texturenofocus>-</texturenofocus>
                <onclick>Control.Move(58,-1)</onclick>
            </control>
            <control type="button">
                <posx>960</posx>
                <posy>140</posy>
                <width>960</width>
                <height>520</height>
                <texturefocus>-</texturefocus>
                <texturenofocus>-</texturenofocus>
                <onclick>Control.Move(58,1)</onclick>
            </control>
        </control>
        <control type="group">
            <visible>Control.IsVisible(57)</visible>
            <include>Icon_Fade</include>
            <include>FacadeFadeDialogs</include>
            <include>ScrollOffsetLabel_50</include>
            <control type="fixedlist" id="57">
                <include>UnderFade</include>
                <visible>container.content(episodes)</visible>
                <posx>0</posx>
                <posy>183</posy>
                <width>1920</width>
                <height>810</height>
                <onleft>57</onleft>
                <onright>57</onright>
                <onup>9000</onup>
                <ondown>6067</ondown>
                <viewtype label="31018">Cover Wrap</viewtype>
                <pagecontrol>607</pagecontrol>
                <orientation>horizontal</orientation>
                <focusposition>0</focusposition>
                <movement>0</movement>
                <preloaditems>4</preloaditems>
                <itemlayout height="425" width="450">
                    <control type="image">
                        <visible>!ListItem.IsParentFolder</visible>
                        <posx>-25</posx>
                        <posy>87</posy>
                        <width>470</width>
                        <height>295</height>
                        <aspectratio>keep</aspectratio>
                        <include>EpisodeThumb</include>
                        <include>ThumbBorder</include>
                    </control>
                </itemlayout>
                <focusedlayout height="425" width="920">
                    <control type="image">
                        <visible>!ListItem.IsParentFolder</visible>
                        <animation effect="fade" start="100" end="0" time="100" condition="Container(57).OnNext|Container(57).OnPrevious">Focus</animation>
                        <animation effect="fade" start="100" end="0" time="0" condition="![Container(57).OnNext|Container(57).OnPrevious]">Focus</animation>
                        <posx>40</posx>
                        <posy>87</posy>
                        <width>840</width>
                        <height>295</height>
                        <aspectratio aligny="center">scale</aspectratio>
                        <colordiffuse>90ffffff</colordiffuse>
                        <include>EpisodeThumbBig</include>
                        <include>ThumbBorder</include>
                    </control>
                </focusedlayout>
            </control>
            <control type="scrollbar" id="607">
                <posx>0</posx>
                <posy>1046</posy>
                <width>1920</width>
                <include>HorizontalScroller</include>
                <onup>57</onup>
                <ondown>505050</ondown>
            </control>
            <include content="ClearArtLogo">
                <param name="x" value="0"/>
                <param name="y" value="34"/>
                <param name="width" value="1920"/>
                <param name="height" value="149"/>
                <param name="visible" value="true"/>
                <param name="align" value="center"/>
                <param name="aligny" value="bottom"/>
            </include>
            <include content="StudioArt">
                <param name="x" value="0"/>
                <param name="y" value="34"/>
                <param name="width" value="1920"/>
                <param name="height" value="149"/>
                <param name="visible" value="true"/>
                <param name="align" value="center"/>
                <param name="aligny" value="bottom"/>
            </include>
            <include>CoverWrapSquareBounds</include>
            <control type="group">
                <control type="image">
                    <animation type="Conditional" reversible="false" condition="control.HasFocus(57)">
                        <include>CoverWrapFocusAnimationEpisode</include>
                    </animation>
                    <include>UpperFade</include>
                    <posx>25</posx>
                    <posy>158</posy>
                    <width>870</width>
                    <height>520</height>
                    <aspectratio>keep</aspectratio>
                    <include>EpisodeThumb</include>
                    <include>ThumbBorder</include>
                </control>
                <control type="grouplist">
                    <posx>910</posx>
                    <posy>575</posy>
                    <width>950</width>
                    <height>90</height>
                    <itemgap>3</itemgap>
                    <orientation>horizontal</orientation>
                    <align>left</align>
                    <aligny>center</aligny>
                    <include>CodecsShowcase</include>
                </control>
                <control type="group">
                    <posx>0</posx>
                    <posy>670</posy>
                    <control type="image">
                        <posx>16</posx>
                        <posy>11</posy>
                        <width>33</width>
                        <height>33</height>
                        <texture>$VAR[Overlay]</texture>
                    </control>
                    <control type="label">
                        <posx>TextMargin</posx>
                        <posy>0</posy>
                        <width>1800</width>
                        <aligny>top</aligny>
                        <font>InfoTitleFont</font>
                        <include>TextColor_MainColor</include>
                        <scroll>false</scroll>
                        <label>$INFO[ListItem.Label]</label>
                    </control>
                    <control type="image">
                        <description>Default Seperator</description>
                        <posx>0</posx>
                        <posy>70</posy>
                        <width>1920</width>
                        <height>1</height>
                        <texture border="150,0,150,0">$VAR[Theme.Color]/list/bg_facade_separator.png</texture>
                    </control>
                    <include content="ProgressBar">
                        <param name="id" value="0"/>
                        <param name="visible" value="Integer.IsGreater(ListItem.Progress,0)+[Window.IsActive(DialogPVRChannelsOSD.xml)|Window.IsActive(MyPVRChannels.xml)]"/>
                        <param name="x" value="TextMargin"/>
                        <param name="y" value="69"/>
                        <param name="width" value="1800"/>
                        <param name="height" value="2"/>
                        <param name="texturebg" value="OSD/osd_progress_mini_empty.png"/>
                        <param name="gfx" value="OSD/osd_progress_mini_mid.png"/>
                        <param name="border" value="0,0,0,0"/>
                        <param name="borderbg" value="0,0,0,0"/>
                        <param name="info" value="ListItem.Progress"/>
                    </include>
                    <include content="ProgressBar">
                        <param name="id" value="0"/>
                        <param name="visible" value="Integer.IsGreater(ListItem.PercentPlayed,0)"/>
                        <param name="x" value="TextMargin"/>
                        <param name="y" value="69"/>
                        <param name="width" value="1800"/>
                        <param name="height" value="2"/>
                        <param name="texturebg" value="OSD/osd_progress_mini_empty.png"/>
                        <param name="gfx" value="OSD/osd_progress_mini_mid.png"/>
                        <param name="border" value="0,0,0,0"/>
                        <param name="borderbg" value="0,0,0,0"/>
                        <param name="info" value="ListItem.PercentPlayed"/>
                    </include>
                    <control type="group">
                        <visible>Integer.IsGreater(ListItem.Rating,0)|[Container.Content(songs)+!ListItem.IsParentFolder+!Skin.HasSetting(plexbmc)]</visible>
                        <visible>!Container.Content(Addons)</visible>
                        <control type="image">
                            <posx>TextMargin</posx>
                            <posy>92</posy>
                            <include>Stars</include>
                        </control>
                        <control type="label">
                            <posx>115</posx>
                            <posy>74</posy>
                            <width>460</width>
                            <height>71</height>
                            <font>InfoRatingFont</font>
                            <include>TextColor_MainColor</include>
                            <scroll>false</scroll>
                            <label fallback="416">$INFO[ListItem.RatingAndVotes]</label>
                        </control>
                    </control>
                    <control type="label">
                        <posx>TextMargin</posx>
                        <posy>74</posy>
                        <width>810</width>
                        <height>71</height>
                        <font>InfoDetailsFont</font>
                        <include>TextColor_MainColor</include>
                        <scroll>false</scroll>
                        <label>$VAR[DetailsRow1]</label>
                    </control>
                    <control type="label">
                        <posx>TextMargin</posx>
                        <posy>153</posy>
                        <width>810</width>
                        <height>71</height>
                        <font>InfoDetailsFont</font>
                        <include>TextColor_MainColor</include>
                        <scroll>false</scroll>
                        <label>$VAR[DetailsRow2]</label>
                    </control>
                    <control type="label">
                        <posx>TextMargin</posx>
                        <posy>234</posy>
                        <width>810</width>
                        <height>71</height>
                        <font>InfoDetailsFont</font>
                        <include>TextColor_MainColor</include>
                        <scroll>false</scroll>
                        <label>$VAR[DetailsRow3]</label>
                    </control>
                    <control type="textbox">
                        <posx>930</posx>
                        <posy>90</posy>
                        <width>930</width>
                        <height>210</height>
                        <font>InfoPlotFont</font>
                        <include>TextColor_MainColor</include>
                        <label>$VAR[Plots]</label>
                        <pagecontrol>6067</pagecontrol>
                    </control>
                    <control type="scrollbar" id="6067">
                        <visible>Skin.HasSetting(ManualScroll)</visible>
                        <posx>1886</posx>
                        <posy>90</posy>
                        <height>210</height>
                        <include>VerticalScroller</include>
                        <onup>59</onup>
                        <ondown>607</ondown>
                    </control>
                </control>
            </control>
            <control type="button">
                <posx>860</posx>
                <posy>140</posy>
                <width>530</width>
                <height>520</height>
                <texturefocus>-</texturefocus>
                <texturenofocus>-</texturenofocus>
                <onclick>Control.Move(57,-1)</onclick>
            </control>
            <control type="button">
                <posx>1390</posx>
                <posy>140</posy>
                <width>530</width>
                <height>520</height>
                <texturefocus>-</texturefocus>
                <texturenofocus>-</texturenofocus>
                <onclick>Control.Move(57,1)</onclick>
            </control>
        </control>
    </include>
    <include name="View_57_CoverWrap_Weather">
        <control type="group">
            <!--COVER WRAP-->
            <visible>Skin.String(WeatherView,coverwrap)</visible>
            <include>Icon_Fade</include>
            <include>FacadeFadeDialogs</include>
            <control type="fixedlist" id="57">
                <include>UnderFade</include>
                <posx>0</posx>
                <posy>140</posy>
                <width>1920</width>
                <height>723</height>
                <onleft>50</onleft>
                <onright>50</onright>
                <onup>9000</onup>
                <ondown>607</ondown>
                <pagecontrol>607</pagecontrol>
                <orientation>horizontal</orientation>
                <focusposition>0</focusposition>
                <movement>0</movement>
                <preloaditems>4</preloaditems>
                <itemlayout height="425" width="450">
                    <control type="image">
                        <posx>-25</posx>
                        <posy>120</posy>
                        <width>470</width>
                        <height>295</height>
                        <aspectratio>keep</aspectratio>
                        <include>EpisodeThumb</include>
                        <include>ThumbBorder</include>
                    </control>
                </itemlayout>
                <focusedlayout height="425" width="900">
                    <control type="image">
                        <animation effect="fade" start="100" end="0" time="100" condition="Container(57).OnNext|Container(57).OnPrevious">Focus</animation>
                        <animation effect="fade" start="100" end="0" time="0" condition="![Container(57).OnNext|Container(57).OnPrevious]">Focus</animation>
                        <posx>40</posx>
                        <posy>120</posy>
                        <width>840</width>
                        <height>295</height>
                        <aspectratio aligny="center">scale</aspectratio>
                        <colordiffuse>90ffffff</colordiffuse>
                        <include>EpisodeThumbBig</include>
                        <include>ThumbBorder</include>
                    </control>
                </focusedlayout>
                <include>WeatherContent</include>
            </control>
            <control type="scrollbar" id="607">
                <posx>0</posx>
                <posy>1046</posy>
                <width>1920</width>
                <include>HorizontalScroller</include>
                <onup>57</onup>
                <ondown>505050</ondown>
            </control>
            <control type="image">
                <visible>String.IsEmpty(ListItem.thumb)</visible>
                <animation type="Conditional" reversible="false" condition="control.HasFocus(57)">
                <include>CoverWrapFocusAnimationEpisode</include>
                </animation>
                <posx>25</posx>
                <posy>148</posy>
                <width>870</width>
                <height>520</height>
                <aspectratio>scale</aspectratio>
                <texture>$VAR[WeatherFanartPath]na.jpg</texture>
                <include>ThumbBorder</include>
            </control>
            <control type="image">
                <animation type="Conditional" reversible="false" condition="control.HasFocus(57)">
                <include>CoverWrapFocusAnimationEpisode</include>
                </animation>
                <include>UpperFade</include>
                <posx>25</posx>
                <posy>148</posy>
                <width>870</width>
                <height>520</height>
                <aspectratio>scale</aspectratio>
                <texture background="true">$INFO[Container(57).ListItem.thumb]</texture>
                <include>ThumbBorder</include>
            </control>
            <control type="button">
                <posx>860</posx>
                <posy>140</posy>
                <width>530</width>
                <height>520</height>
                <texturefocus>-</texturefocus>
                <texturenofocus>-</texturenofocus>
                <onclick>Control.Move(57,-1)</onclick>
            </control>
            <control type="button">
                <posx>1390</posx>
                <posy>140</posy>
                <width>530</width>
                <height>520</height>
                <texturefocus>-</texturefocus>
                <texturenofocus>-</texturenofocus>
                <onclick>Control.Move(57,1)</onclick>
            </control>
            <control type="label" id="11">
                <posx>960</posx>
                <posy>210</posy>
                <width>1200</width>
                <align>left</align>
                <include>TextColor_AlternateColor</include>
                <font>FacadeListSubFont</font>
            </control>
            <control type="group">
                <posx>0</posx>
                <posy>720</posy>
                <control type="label">
                    <posx>TextMargin</posx>
                    <posy>0</posy>
                    <width>1800</width>
                    <aligny>top</aligny>
                    <font>InfoTitleFont</font>
                    <include>TextColor_MainColor</include>
                    <scroll>false</scroll>
                    <label>$INFO[Container(57).ListItem.Label]</label>
                </control>
                <control type="image">
                    <description>Default Seperator</description>
                    <posx>0</posx>
                    <posy>70</posy>
                    <width>1920</width>
                    <height>1</height>
                    <texture border="150,0,150,0">$VAR[Theme.Color]/list/bg_facade_separator.png</texture>
                </control>
                <control type="label">
                    <posx>TextMargin</posx>
                    <posy>74</posy>
                    <width>460</width>
                    <height>71</height>
                    <font>InfoDetailsFont</font>
                    <include>TextColor_MainColor</include>
                    <scroll>false</scroll>
                    <label>$INFO[Container(57).ListItem.Property(Property3)]</label>
                </control>
                <control type="label">
                    <posx>TextMargin</posx>
                    <posy>153</posy>
                    <width>460</width>
                    <height>71</height>
                    <font>InfoDetailsFont</font>
                    <include>TextColor_MainColor</include>
                    <scroll>false</scroll>
                    <label>$INFO[Container(57).ListItem.Property(Property1)]</label>
                </control>
                <control type="label">
                    <posx>TextMargin</posx>
                    <posy>234</posy>
                    <width>460</width>
                    <height>71</height>
                    <font>InfoDetailsFont</font>
                    <include>TextColor_MainColor</include>
                    <scroll>false</scroll>
                    <label>$INFO[Container(57).ListItem.Property(Property2)]</label>
                </control>
                <control type="group">
                    <posx>540</posx>
                    <control type="label">
                        <posx>TextMargin</posx>
                        <posy>74</posy>
                        <width>460</width>
                        <height>71</height>
                        <font>InfoDetailsFont</font>
                        <include>TextColor_MainColor</include>
                        <scroll>false</scroll>
                        <label>$INFO[Container(57).ListItem.Property(Property4)]</label>
                    </control>
                    <control type="label">
                        <posx>TextMargin</posx>
                        <posy>153</posy>
                        <width>460</width>
                        <height>71</height>
                        <font>InfoDetailsFont</font>
                        <include>TextColor_MainColor</include>
                        <scroll>false</scroll>
                        <label>$INFO[Container(57).ListItem.Property(Property5)]</label>
                    </control>
                    <control type="label">
                        <posx>TextMargin</posx>
                        <posy>234</posy>
                        <width>460</width>
                        <height>71</height>
                        <font>InfoDetailsFont</font>
                        <include>TextColor_MainColor</include>
                        <scroll>false</scroll>
                        <label>$INFO[Container(57).ListItem.Property(Property8)]</label>
                    </control>
                </control>
                <control type="group">
                    <posx>1080</posx>
                    <control type="label">
                        <posx>TextMargin</posx>
                        <posy>74</posy>
                        <width>760</width>
                        <height>71</height>
                        <font>InfoDetailsFont</font>
                        <include>TextColor_MainColor</include>
                        <scroll>false</scroll>
                        <label>$INFO[Container(57).ListItem.Property(Property7)]</label>
                    </control>
                    <control type="label">
                        <posx>TextMargin</posx>
                        <posy>153</posy>
                        <width>760</width>
                        <height>71</height>
                        <font>InfoDetailsFont</font>
                        <include>TextColor_MainColor</include>
                        <scroll>false</scroll>
                        <label>$INFO[Container(57).ListItem.Property(Property9)]</label>
                    </control>
                    <control type="label">
                        <posx>TextMargin</posx>
                        <posy>234</posy>
                        <width>760</width>
                        <height>71</height>
                        <font>InfoDetailsFont</font>
                        <include>TextColor_MainColor</include>
                        <scroll>false</scroll>
                        <label>$INFO[Container(57).ListItem.Property(Property10)]$INFO[Container(57).ListItem.Property(Property11),     ,]</label>
                    </control>
                </control>
            </control>
        </control>
    </include>
</includes>
