<?xml version="1.0" encoding="utf-8"?>
<colors>
    <color name="NoFocusedColor">a0ffffff</color>
    <color name="WarningColor">FFfe3737</color>
    <!-- WHITE -->
    <color name="MainColor_white">FF494949</color>
    <color name="AlternateColor_white">a0494949</color>
    <color name="SelectedColor_white">ff000000</color>
    <color name="DisabledColor_white">30494949</color>
    <color name="MidColor_white">60494949</color>
    <!-- BLACK -->
    <color name="MainColor_black">FFc6c6c6</color>
    <color name="AlternateColor_black">a0c6c6c6</color>
    <color name="SelectedColor_black">ffffffff</color>
    <color name="DisabledColor_black">30c6c6c6</color>
    <color name="MidColor_black">60c6c6c6</color>
</colors>
