<?xml version="1.0" encoding="utf-8"?>
<addon id="skin.explore" version="5.0.1" name="Explore" provider-name="Tgx">
    <requires>
        <import addon="xbmc.gui" version="5.12.0"/>
        <import addon="script.favourites" version="3.2.0"/>
        <import addon="script.skinshortcuts" version="0.2.4"/>
        <import addon="resource.images.weatherfanart.single" version="0.0.4"/>
        <import addon="resource.images.studios.white" version="0.0.6"/>
        <import addon="resource.images.recordlabels.white" version="0.0.6"/>
        <import addon="resource.uisounds.nebula" version="0.0.1"/>
        <import addon="resource.images.languageflags.colour" version="0.0.2"/>
        <import addon="script.image.resource.select" version="0.0.5"/>
        <import addon="script.skin.helper.service" version="1.1.3"/>
        <import addon="script.skin.helper.backgrounds" version="1.0.21"/>
        <import addon="script.skin.helper.colorpicker" version="1.0.11"/>
        <import addon="script.skin.helper.skinbackup" version="1.0.12"/>
        <import addon="plugin.program.autocompletion" version="1.0.1"/>
    </requires>
    <extension point="xbmc.gui.skin" debugging="false">
        <res width="1920" height="1080" aspect="16:9" default="true" folder="1080i"/>
    </extension>
    <extension point="xbmc.addon.metadata">
        <summary lang="de">Einfacher heller oder dunkler Skin für Full-HD Bildschirme mit vielen Extras.</summary>
        <summary lang="el">Απλό και πλήρες, φωτεινό ή σκοτεινό κέλυφος, σχεδιασμένο για οθόνες υψηλής ανάλυσης (Full HD).</summary>
        <summary lang="en">Simple and full-featured light or dark color skin designed for Full HD TV screens.</summary>
        <summary lang="en_AU">Simple and full-featured light or dark colour skin designed for Full HD TV screens.</summary>
        <summary lang="en_NZ">Simple and full-featured light or dark color skin designed for Full HD TV screens.</summary>
        <summary lang="en_US">Simple and full-featured light or dark color skin designed for Full HD TV screens.</summary>
        <summary lang="es">Un skin simple, de color claro u oscuro, y con todas las funciones, diseñado para televisores Full HD.</summary>
        <summary lang="fr">Skins clair ou foncé simple et complet conçu pour des écrans TV Full HD.</summary>
        <summary lang="fr_CA">Habillage simple et complet, de couleur claire ou sombre, conçu pour les écrans à HD intégrale.</summary>
        <summary lang="he">מעטפת פשוטה ורבת תכונות בצבעים כהים או בהירים המותאמת במיוחד למסכים באבחנת Full HD.</summary>
        <summary lang="it">Skin dal colore bianco o nero, semplice e completa, progettata per TV Full HD</summary>
        <summary lang="ko">모든 기능을 지원하는 단순한 스킨으로  밝은 색상과 어두운 색상을 지원하며 Full HD TV 용으로 디자인하였습니다.</summary>
        <summary lang="lt">Paprasta ir su visomis papildomomis funkcijomis, šviesi arba tamsi teminė išvaizda, sukurta FullHD TV ekranams.</summary>
        <summary lang="ms">Kulit ringkas dan warna cerah atau gelap berfitur penuh untuk skrin TV HD Penuh.</summary>
        <summary lang="nl">Eenvoudige en volledig gekenmerkte lichte of donkere skin ontworpen voor Full-HD TV-schermen.</summary>
        <summary lang="pl">Prosta, w pełni funkcjonalna skóra zawierająca jasny i mroczny motyw, zaprojektowana dla ekranu telewizyjnych Full HD.</summary>
        <summary lang="pt_BR">Skin simples e completa nas cores lihgt ou dark para telas Full HD TV.</summary>
        <summary lang="ro">Costum simplu și complet pe alb sau pe negru proiectat pentru ecrane tv de înaltă definiție.</summary>
        <description lang="de">Einfacher heller oder dunkler Skin für Full-HD Bildschirme mit vielen Extras.</description>
        <description lang="el">Απλό και πλήρες, φωτεινό ή σκοτεινό κέλυφος, σχεδιασμένο για οθόνες υψηλής ανάλυσης (Full HD).</description>
        <description lang="en">Simple and full-featured light or dark color skin designed for Full HD TV screens.</description>
        <description lang="en_AU">Simple and full-featured light or dark colour skin designed for Full HD TV screens.</description>
        <description lang="en_NZ">Simple and full-featured light or dark color skin designed for Full HD TV screens.</description>
        <description lang="en_US">Simple and full-featured light or dark color skin designed for Full HD TV screens.</description>
        <description lang="es">Un skin simple, de color claro u oscuro, y con todas las funciones, diseñado para televisores Full HD.</description>
        <description lang="fr">Skins clair ou foncé simple et complet conçu pour des écrans TV Full HD.</description>
        <description lang="fr_CA">Habillage simple et complet, de couleur claire ou sombre, conçu pour les écrans à HD intégrale.</description>
        <description lang="he">מעטפת פשוטה ורבת תכונות בצבעים כהים או בהירים המותאמת במיוחד למסכים באבחנת Full HD.</description>
        <description lang="it">Skin dal colore bianco o nero, semplice e completa, progettata per TV Full HD</description>
        <description lang="ko">모든 기능을 지원하는 단순한 스킨으로  밝은 색상과 어두운 색상을 지원하며 Full HD TV 용으로 디자인하였습니다.</description>
        <description lang="lt">Paprasta ir su visomis papildomomis funkcijomis, šviesi arba tamsi teminė išvaizda, sukurta FullHD TV ekranams.</description>
        <description lang="ms">Kulit ringkas dan warna cerah atau gelap berfitur penuh direka untuk skrin TV HD Penuh.</description>
        <description lang="nl">Eenvoudige en volledig gekenmerkte lichte of donkere skin ontworpen voor Full-HD TV-schermen.</description>
        <description lang="pl">Prosta, w pełni funkcjonalna skóra zawierająca jasny i mroczny motyw, zaprojektowana dla ekranu telewizyjnych Full HD.</description>
        <description lang="pt_BR">Skin simples e completa nas cores lihgt ou dark para telas Full HD TV.</description>
        <description lang="ro">Costum simplu și complet pe alb sau pe negru proiectat pentru ecrane tv de înaltă definiție.</description>
        <disclaimer lang="en">This skin does not work on Apple Tv 2</disclaimer>
        <disclaimer lang="it">Questa skin non funziona su Apple Tv 2</disclaimer>
        <license>Creative Commons Attribution-ShareAlike 3.0 Unported License</license>
        <forum>http://forum.kodi.tv/forumdisplay.php?fid=211</forum>
        <source>https://github.com/Tgxcorporation/skin.nebula</source>
        <website>https://github.com/Tgxcorporation/skin.nebula/wiki</website>
        <platform>all</platform>
        <assets>
            <icon>icon.png</icon>
            <fanart>fanart.jpg</fanart>
            <screenshot>screenshots/screenshot01.jpg</screenshot>
            <screenshot>screenshots/screenshot02.jpg</screenshot>
            <screenshot>screenshots/screenshot03.jpg</screenshot>
            <screenshot>screenshots/screenshot04.jpg</screenshot>
            <screenshot>screenshots/screenshot05.jpg</screenshot>
            <screenshot>screenshots/screenshot06.jpg</screenshot>
            <screenshot>screenshots/screenshot07.jpg</screenshot>
            <screenshot>screenshots/screenshot08.jpg</screenshot>
            <screenshot>screenshots/screenshot09.jpg</screenshot>
            <screenshot>screenshots/screenshot10.jpg</screenshot>
        </assets>
    </extension>
</addon>
